country_iso3,country_name,year,Internet_Users_Pct,GDP_Per_Capita,GNI_Per_Capita,Female_Labor_Participation_Pct,Urban_Population_Pct,GDP_Per_Capita_Log,GNI_Per_Capita_Log,DII,HCI,ESI,GEI,SRI,PSI,SSI,EMRI_Score,Layer1_Internet_Met,Layer1_Urban_Met,Layer1_FLFP_Met,Layer1_Pass,Layer2_GDP_Met,Layer2_GNI_Met,Layer2_Pass,Population_Millions,Layer3_Pop_Met,Layer3_Urban_Met,Layer3_Pass,Layers_Passed,Market_Readiness_Tier,High_Readiness
ABW,Aruba,2018,81.13288156744596,30082.1584226798,27970.0,71.31452351067446,62.5367636985996,10.311720773305565,10.23892353814896,73.3971130400522,77.86071867259096,72.92429230069763,71.81112567637607,66.19115215396138,75.21544648951826,72.92429230069763,73.47426750169123,True,True,True,True,True,True,True,,False,True,False,2,Tier_2_Good,1
ABW,Aruba,2019,81.35145232616986,30645.8906024548,29320.0,76.42208045608882,62.288276286885,10.330286487684821,10.286059261830983,73.46801603759974,81.26284185853149,73.43554615985047,71.95154858380913,66.10824970383042,75.96761719428285,73.43554615985047,74.3812004692611,True,True,True,True,True,True,True,,False,True,False,2,Tier_2_Good,1
ABW,Aruba,2020,79.77587231936667,22759.8071750722,22790.0,62.80764268566042,62.0028837566365,10.032795352245516,10.034121000171332,72.2349154150341,70.38872021983612,69.25948995365232,69.5047518382987,65.26187233507218,71.94729958744873,69.25948995365232,70.1227377622208,True,True,True,True,True,True,True,,False,True,False,2,Tier_2_Good,1
ABW,Aruba,2021,86.79970916561126,26749.3296093118,26550.0,63.520492957283466,61.9275339886843,10.194302074091672,10.186822690744211,77.26346943751143,72.02053860968562,71.65371929516607,73.31640178372265,68.09790713831951,74.38404457076065,71.65371929516607,73.21324025438678,True,True,True,True,True,True,True,,False,True,False,2,Tier_2_Good,1
ABW,Aruba,2022,85.31712553083514,30975.9989121779,30160.0,66.16909747302621,61.8811657924257,10.341000237495978,10.314304978070902,76.18039711399157,74.78271216375194,73.73891431618955,73.55040195968526,67.45597856406614,76.41834964583241,73.73891431618955,74.17884330725404,True,True,True,True,True,True,True,,False,True,False,2,Tier_2_Good,1
AFE,Africa Eastern and Southern,2018,19.6,1552.0737219491912,1435.8077423065897,61.2618358874407,35.714718464725,7.347991292691141,7.270179086109829,19.789202023682826,49.853138383217484,27.65978321009461,23.027852992420776,22.236116824917186,27.84155610820059,27.65978321009461,29.143426577641712,False,False,True,False,False,False,False,,False,False,False,0,Tier_4_Low,0
AFE,Africa Eastern and Southern,2019,21.6,1507.08559963484,1501.9969526935874,60.6698092923716,36.09733070176979,7.318596310640485,7.315216362268276,21.361540221753067,49.26044801118211,27.805114050767614,23.767791814317277,23.324631211665842,28.560240730023768,27.805114050767614,29.709019545967283,False,False,True,False,False,False,False,,False,False,False,0,Tier_4_Low,0
AFE,Africa Eastern and Southern,2020,23.5,1351.5916691087896,1393.4592887584895,59.4336814464777,36.4883219609866,7.209777785953448,7.240262012491863,22.864825927823603,47.67752351948999,26.414812034790522,24.00595221577082,24.377848714884678,27.364152886399584,26.414812034790522,29.430209576257035,False,False,True,False,False,False,False,,False,False,False,0,Tier_4_Low,0
AFE,Africa Eastern and Southern,2021,25.0,1562.4161747773778,1473.0102072313603,59.4544572511058,36.9085426088519,7.354628561630996,7.295741997576974,24.090411286540558,48.74540487529521,27.912066869979704,25.563875017294073,25.28689792527472,28.249477566324092,27.912066869979704,30.659725565078396,False,False,True,False,False,False,False,,False,False,False,0,Tier_4_Low,0
AFE,Africa Eastern and Southern,2022,26.799999999999997,1679.327621664659,1569.1733317015605,59.8313046841424,37.3605781096471,7.426744066280392,7.358941294606144,25.542954892052954,49.511488520685866,28.941359995467025,26.828899803855496,26.341439327846864,29.25798355867373,28.941359995467025,31.76620869505478,False,False,True,False,False,False,False,,False,False,False,0,Tier_4_Low,0
AFG,Afghanistan,2018,16.79999924,491.33722138260237,520.0,19.805,24.9991645191406,6.199163891020853,6.255750041753367,14.04863019351242,14.971948426861918,11.201792871454682,12.701442541029987,13.633600759066509,11.653753108195373,11.201792871454682,13.105875092443348,False,False,False,False,False,False,False,,False,False,False,0,Tier_4_Low,0
AFG,Afghanistan,2019,17.600000379999997,496.60250425850063,520.0,18.298000000000002,25.143725883980295,6.209801574086142,6.255750041753367,14.674616780046234,14.085471770782904,11.279240994702771,13.125894365599732,14.063107956365059,11.653753108195373,11.279240994702771,13.18983434085985,False,False,False,False,False,False,False,,False,False,False,0,Tier_4_Low,0
AFG,Afghanistan,2020,17.048500060000002,510.7870633668117,490.0000000000018,16.473999999999997,25.2622103446137,6.237908646670806,6.196444127794524,14.318919988131338,13.12341857132737,11.010687215839852,13.090270135139017,13.91870137561098,10.707375973942442,11.010687215839852,12.728720263727514,False,False,False,False,False,False,False,,False,False,False,0,Tier_4_Low,0
AFG,Afghanistan,2021,16.514299390000005,356.49621411589214,380.0,14.616,25.347862027248098,5.879124772192373,5.942799375126701,13.964257862177655,9.32284120298307,6.374770796783517,10.800728629535465,13.758578685226443,6.659826950169653,6.374770796783517,10.071238831830064,False,False,False,False,False,False,False,,False,False,False,0,Tier_4_Low,0
AFG,Afghanistan,2022,15.866299629999993,357.2611527981444,370.0,5.158999999999999,25.3939250580909,5.8812621975514,5.916202062607435,13.513935465283275,3.2894070446545713,6.17811843416073,10.557376077308614,13.524130135741206,6.235398984717826,6.17811843416073,8.612585403568682,False,False,False,False,False,False,False,,False,False,False,0,Tier_4_Low,0
AFW,Africa Western and Central,2018,25.7,1720.1400924272184,1614.0989495639205,65.8917145304178,49.3179475986921,7.450742194657584,7.387151502859711,28.908613517617937,53.56263743668679,29.34116234875807,29.287840378121157,34.20364568414234,29.708149389727552,29.34116234875807,34.594934999130466,False,False,True,False,False,False,False,,False,True,False,0,Tier_4_Low,0
AFW,Africa Western and Central,2019,28.5,2216.3850552083277,1784.1371692254706,65.661572505949,49.8900751494997,7.70408387753396,7.487250536765741,31.122566855637366,55.25989668748515,31.984295413383297,32.04747310051777,35.752925547032646,31.30548480749411,31.984295413383297,36.73928325025665,False,False,True,False,False,False,False,,False,True,False,0,Tier_4_Low,0
AFW,Africa Western and Central,2020,31.499999999999996,2030.8616586029293,1869.7227133514498,64.3710758149085,50.4763178807468,7.616707724984533,7.5340801129134,33.48535903269796,53.798308307028115,31.721792130321575,32.90813492186219,37.39426688706608,32.0527701474293,31.721792130321575,37.29696664779626,False,False,True,False,False,False,False,,False,True,False,0,Tier_4_Low,0
AFW,Africa Western and Central,2021,34.7,2112.7940763707884,2086.46853063233,65.0587604739967,51.0723969922682,7.6562397522110155,7.64370738146519,35.99550241603548,54.52598780384183,32.88429816049624,34.59249163812545,39.12469443871417,33.80215285351185,32.88429816049624,38.877081597936446,False,False,True,False,False,False,False,,False,True,False,0,Tier_4_Low,0
AFW,Africa Western and Central,2022,37.5,2138.47315259913,2153.6491357925497,65.6799234185922,51.6816941134779,7.668314887331834,7.6753831752648285,38.2223786924087,55.01121679137199,33.22494576138777,35.95549821350613,40.69982017831205,34.30762094194048,33.22494576138777,39.96036840509939,False,False,True,False,False,False,False,,False,True,False,0,Tier_4_Low,0
AGO,Angola,2018,29.0,2860.0936483682,2270.0,73.224,65.8732136723372,7.958959225254077,7.7279755421055585,37.03933631787755,61.95269534590431,35.76061743380957,37.442221725034855,47.072423969165044,35.146866307062915,35.76061743380957,42.55667870722893,False,True,True,False,False,False,False,,False,True,False,0,Tier_4_Low,0
AGO,Angola,2019,32.12939835,2493.6788444017693,2440.0,72.985,66.6637823180533,7.821915280221881,7.80016307039296,39.56628994100337,60.80206888159852,35.33883098985373,38.11416885896405,48.90905621565494,36.298802456244324,35.33883098985373,43.218896762120316,False,True,True,False,False,False,False,,False,True,False,0,Tier_4_Low,0
AGO,Angola,2020,33.32089996,1759.356199182641,2020.0,71.342,67.4568270208187,7.473271453454162,7.611347717403621,40.699484048575044,57.21283736826349,31.293998856866548,36.75731411370872,49.9504842584927,33.28577187064347,31.293998856866548,41.44029522429759,False,True,True,False,False,False,False,,False,True,False,0,Tier_4_Low,0
AGO,Angola,2021,34.55649948,2303.908126627759,1990.0,74.695,68.2524163556969,7.742796096340403,7.596392304064196,41.86529821819423,61.319808143569546,33.1369590865495,39.01966602466354,51.01181620180769,33.04712010266708,33.1369590865495,43.32238618781367,False,True,True,False,False,False,False,,False,True,False,0,Tier_4_Low,0
AGO,Angola,2022,35.83800125,3682.113151369802,2340.0,74.018,69.0506188977513,8.211513638582367,7.75833346749091,43.0650547970868,64.29929641913091,37.8415701068333,42.46168631540425,52.09384173237162,35.63130444333363,37.8415701068333,46.105198758917155,False,True,True,False,False,False,False,,False,True,False,0,Tier_4_Low,0
ALB,Albania,2018,65.40000153,5897.654525887741,5400.0,51.406,56.377000259892,8.682479557427559,8.594339400592892,59.93324338570126,53.2648355637256,47.94076193220466,54.42411391564045,55.43808796091724,48.97191158306276,47.94076193220466,53.50487978818364,False,True,True,False,True,True,True,,False,True,False,1,,0
ALB,Albania,2019,68.5503911218006,6069.43903131027,5900.0,52.931,56.7639071287255,8.7111862094957,8.682877107057168,62.334960301929904,54.44927376463184,48.85618445943095,55.976534855968175,57.002666096652604,50.384756530956786,48.85618445943095,55.02403669162434,True,True,True,True,True,True,True,,False,True,False,2,Tier_2_Good,1
ALB,Albania,2020,72.23767711,6027.91350716348,5970.0,52.252,57.1408592155544,8.704322092253388,8.694669696546992,65.11959727783122,53.96498941715008,48.900300372358174,57.54025798638722,58.78111136510602,50.57293737670761,48.900300372358174,55.987402968797454,True,True,True,True,True,True,True,,False,True,False,2,Tier_2_Good,1
ALB,Albania,2021,79.32371752,7242.455131466131,6940.0,52.523,57.5077187031778,8.887853599645704,8.845201135339584,70.34666170961685,55.47453885085971,51.43756619014619,61.60826679342068,61.95021668464863,52.97505045700459,51.43756619014619,59.194318138620105,True,True,True,True,True,True,True,,False,True,False,2,Tier_2_Good,1
ALB,Albania,2022,82.61367544,7756.961887442529,7720.0,56.407,57.8643477747383,8.956474935309647,8.951699168308815,72.83829306914629,58.45846855441752,52.786890752390434,63.44354535851525,63.55113615990669,54.674498227338916,52.786890752390434,61.264907640843774,True,True,True,True,True,True,True,,False,True,False,2,Tier_2_Good,1
AND,Andorra,2018,93.5,42819.7577456133,43235.14910307098,55.21291785449381,88.5080998493791,10.66477825805467,10.674432209116302,91.32678258142435,70.1320740043804,78.9695688421437,84.97297260599818,89.33609169337217,82.16509822675316,78.9695688421437,82.24791890938046,True,True,True,True,True,True,True,,False,True,False,2,Tier_2_Good,1
AND,Andorra,2019,90.71869659,41257.816459345,46450.0,57.27823314198321,88.5391793666245,10.62762010127308,10.746153272535546,89.33600451636008,71.18258326073742,79.27128349022303,83.61998895641784,88.21394076736061,83.30959073910834,79.27128349022303,81.90269070008193,True,True,True,True,True,True,True,,False,True,False,2,Tier_2_Good,1
AND,Andorra,2020,93.20570374,37361.1070081615,42450.0,57.29921435651252,88.5907780427517,10.528412288187234,10.65610574858806,91.1437354637591,70.473716625775,77.83052763948989,84.07685709496096,89.27255785270069,81.87265280203962,77.83052763948989,81.86051587593737,True,True,True,True,True,True,True,,False,True,False,2,Tier_2_Good,1
AND,Andorra,2021,93.89749908,42425.7066454357,44720.0,55.71290847198615,88.6627318165299,10.655533316645968,10.70819846893854,91.66660716120859,70.38457558327849,79.17167403936412,85.11843167759673,89.60707959940856,82.70392503291598,79.17167403936412,82.52942904779101,True,True,True,True,True,True,True,,False,True,False,2,Tier_2_Good,1
AND,Andorra,2022,94.05169678,42414.0479861228,47600.00000000001,57.545470309509454,88.7548766267286,10.655258483589133,10.7706090484022,91.80961303627454,71.55473905833682,79.6676331009761,85.20159966514606,89.73456362320266,83.69984502465358,79.6676331009761,83.04386017728025,True,True,True,True,True,True,True,,False,True,False,2,Tier_2_Good,1
ARB,Arab World,2018,43.77865944294047,6699.18058175457,6328.94973978727,18.8985863264177,58.7847025324078,8.809889757516528,8.75304757510469,45.210398022174076,33.39968305838041,50.13467442144065,46.83287556872136,48.22088832960108,51.504505338910164,50.13467442144065,45.17203164630303,False,True,False,False,True,True,True,,False,True,False,1,,0
ARB,Arab World,2019,51.21467186915503,6674.34224402621,6590.57416900269,18.3085417594598,58.8962879377102,8.80617575446735,8.793547471353893,50.60056969012351,32.99523196045641,50.43077403328634,49.8950365011754,51.35640853942598,52.15078449036985,50.43077403328634,47.19710527604087,False,True,False,False,True,True,True,,False,True,False,1,,0
ARB,Arab World,2020,56.73881888936857,5739.41283580539,6062.32931818815,17.617049774580998,59.0899689866908,8.655286409341484,8.710014320642873,54.643397223367764,31.454375287139833,48.66572521779596,51.33279156114573,53.76279298728542,50.817799995098866,48.66572521779596,47.7094941220719,False,True,False,False,True,True,True,,False,True,False,1,,0
ARB,Arab World,2021,62.87477024305969,6697.414984921959,6472.7415672444,17.851569544982198,59.112484714184,8.809626207977466,8.775509515129707,59.067003906475975,32.728059284230625,50.31197441175122,54.76025454582697,56.301751321033805,51.86294288774197,50.31197441175122,50.1828513118632,False,True,False,False,True,True,True,,False,True,False,1,,0
ARB,Arab World,2022,68.7460294676323,7950.35581975672,7279.320431071401,17.819368971531198,59.3339325148117,8.981097736473137,8.89293015547915,63.36928687570843,33.95586884733241,52.49725339446721,58.22475937303959,58.87018717706997,53.73668872012502,52.49725339446721,52.84097236403385,True,True,False,False,True,True,True,,False,True,False,1,,0
ARE,United Arab Emirates,2018,98.4500017817194,47135.3591943971,44570.0,51.312,84.8601805824625,10.760799939616831,10.704838702305462,93.62079343216578,68.33601389439389,79.91126553223972,86.72231840778278,88.83511058985839,82.65031138621998,79.91126553223972,82.87099155836626,True,True,True,True,True,True,True,,False,True,False,2,Tier_2_Good,1
ARE,United Arab Emirates,2019,99.1499979561243,45938.6073581994,46690.0,54.381,85.0298263388195,10.735082929367197,10.751306705598122,94.18353199604262,70.11180935606558,80.09478946015369,86.89971353225285,89.2409349473466,83.39182690895657,80.09478946015369,83.5451897741178,True,True,True,True,True,True,True,,False,True,False,2,Tier_2_Good,1
ARE,United Arab Emirates,2020,100.0,37991.7492971665,41310.0,58.18,85.1955255681984,10.545150612533064,10.62888408731157,94.85285117980386,71.15895904430567,77.73519623086429,86.18141973406097,89.70570235960773,81.43826175958262,77.73519623086429,83.11134204685331,True,True,True,True,True,True,True,,False,True,False,2,Tier_2_Good,1
ARE,United Arab Emirates,2021,100.0,44118.5047192771,43230.0,50.452,85.3571908511355,10.694657247540084,10.674313109478335,94.90905819168864,67.30437593975589,79.1861538807116,87.08968282373598,89.81811638337729,82.16319768823101,79.1861538807116,82.89177789558565,True,True,True,True,True,True,True,,False,True,False,2,Tier_2_Good,1
ARE,United Arab Emirates,2022,100.0,50759.7589231191,46990.0,53.057,85.5147347682487,10.834878872920635,10.757711372994065,94.96383230682754,69.9915059466004,80.8724596549381,87.94291070947604,89.92766461365508,83.49402971423198,80.8724596549381,84.0938346834978,True,True,True,True,True,True,True,,False,True,False,2,Tier_2_Good,1
ARG,Argentina,2018,77.7,11752.7998922979,12390.0,49.146,91.7679941327998,9.371931862380567,9.424725681616493,81.0895911129656,56.838856288108744,59.58581563792039,71.70098987690045,85.10538863065014,62.22284283931884,59.58581563792039,68.4395450800302,True,True,True,True,True,True,True,,False,True,False,2,Tier_2_Good,1
ARG,Argentina,2019,79.9469520347551,9955.97478680428,11210.0,50.0,91.8567844513802,9.206028568176812,9.324650718153594,82.73749539977914,56.17723536092176,57.57947369183845,71.67929645586337,86.09114849888263,60.625891526871115,57.57947369183845,68.15432299325047,True,True,True,True,True,True,True,,False,True,False,2,Tier_2_Good,1
ARG,Argentina,2020,85.51438646,8535.599380043888,9040.0,46.486,91.9439026594897,9.052118008422225,9.109525066737367,86.7744257456893,52.809017361235746,54.74248178236607,73.0925563240315,88.44123561321857,57.19301301777554,54.74248178236607,67.81371084976357,True,True,False,False,True,True,True,,False,True,False,1,,0
ARG,Argentina,2021,87.15070683,10738.0179223384,10070.0,50.26,92.0292776175651,9.281638922758807,9.217415285648144,87.98169742552705,56.89402410891132,57.27435080060857,75.12208253990114,89.17350908290005,58.91467666598372,57.27435080060857,70.01384370719467,True,True,True,True,True,True,True,,False,True,False,2,Tier_2_Good,1
ARG,Argentina,2022,88.37535691,13962.1894087223,11890.0,51.868,92.112838186126,9.544179817895117,9.38353709043758,88.8920770033589,59.833992305539724,60.51123999789347,77.17421879561867,89.73522875391646,61.56557380353823,60.51123999789347,72.16512984672838,True,True,True,True,True,True,True,,False,True,False,2,Tier_2_Good,1
ARM,Armenia,2018,68.2450522610271,4196.005623017689,4220.000000000002,53.631,64.8502833795679,8.342126603103408,8.347827345782498,64.92665373966042,52.210061036171346,43.49594283875824,55.57569415676384,62.499966054870384,45.03818294763253,43.49594283875824,53.85904566776561,True,True,True,True,False,False,False,,False,True,False,1,Tier_3_Moderate,0
ARM,Armenia,2019,66.5439496866159,4597.22887399548,4650.0,50.799,65.0047033570428,8.43342648094282,8.444837529224097,63.75613186776219,51.06333723264723,44.93467811254136,55.44370790560744,61.90779355486537,46.586227877224616,44.93467811254136,53.779142875375086,False,True,True,False,False,True,False,,False,True,False,0,Tier_4_Low,0
ARM,Armenia,2020,76.50770055,4268.680933045829,4230.0,54.317,65.174217253699,8.359294380490685,8.350193650720067,70.98554774682086,52.7738390592242,43.63981381888709,59.148637989523394,66.12308231481502,45.07594337886269,43.63981381888709,56.24587457159194,True,True,True,True,False,False,False,,False,True,False,1,Tier_3_Moderate,0
ARM,Armenia,2021,78.61225758,4685.17997128509,4580.0,55.118,65.3572875314441,8.452373024494369,8.429672593886743,72.56375531895151,53.96384714348722,44.95162165003717,60.59866325315643,67.11584235323406,46.34423265132427,44.95162165003717,57.577487496716095,True,True,True,True,False,True,False,,False,True,False,1,Tier_3_Moderate,0
ARM,Armenia,2022,77.02767465,6571.974455450989,5690.0,50.24,65.5624462874485,8.790721741971373,8.646641258603124,71.49472820591532,53.30708717472005,49.14612873425325,61.96527409090796,66.60686773786009,49.80652113876705,49.14612873425325,58.65949796673968,True,True,True,True,True,True,True,,False,True,False,2,Tier_2_Good,1
ASM,American Samoa,2018,65.40107156213043,12552.0546868861,10587.247428182374,48.5962013655016,83.4779973316097,9.437719316288135,9.267499931810477,69.35635840527229,56.966156198414296,58.810315169056565,65.10496249901033,74.28321792035159,59.71390495100897,58.810315169056565,63.34510817030217,False,True,True,False,True,True,True,,False,True,False,1,,0
ASM,American Samoa,2019,72.88487907914129,12886.1359517218,11850.236610589158,51.57251502799545,83.0542171797274,9.463984879757211,9.380187496442618,74.59479279589179,59.06112798525061,59.90065153666008,68.2373034822811,77.06612635055123,61.51212248723169,59.90065153666008,66.11764191219449,True,True,True,True,True,True,True,,False,True,False,2,Tier_2_Good,1
ASM,American Samoa,2020,84.36474327262002,14489.2586563775,15270.215736627357,40.19709941068374,82.6240780620716,9.581231885837084,9.63372501106362,82.70680530565892,52.63867503603461,62.77719244693438,73.54139408921414,81.48792105628124,65.55796025442552,62.77719244693438,68.95746198534734,True,True,False,False,True,True,True,,False,True,False,1,,0
ASM,American Samoa,2021,84.98994838427186,15236.1604875571,13933.10053960294,42.34415400436626,82.2127091544092,9.631492492166862,9.542094390979775,83.01371558207398,54.37792351443858,62.41201688291456,73.99588983194897,81.4589801097833,64.09575998035257,62.41201688291456,69.18708081134334,True,True,False,False,True,True,True,,False,True,False,1,,0
ASM,American Samoa,2022,84.6329749348622,18017.4589383973,16346.806173257606,42.5973017559346,81.794797704649,9.799152007993523,9.701848988316941,82.61151979347053,55.76049734803401,64.90731547278824,74.72874784578704,81.02158615509524,66.64505208158549,64.90731547278824,70.27134689441827,True,True,False,False,True,True,True,,False,True,False,1,,0
ATG,Antigua and Barbuda,2018,70.81790161,18273.4270684912,17460.0,53.85449636877182,24.778143209376402,9.813257933565183,9.767725101522128,52.84613210036325,63.06365325356954,65.53562500061057,55.91418273458266,35.69382523265273,67.69627350402426,65.53562500061057,58.13859807308334,True,False,True,False,True,True,True,,False,False,False,1,,0
ATG,Antigua and Barbuda,2019,71.09259796,18896.3721832248,18250.0,53.28965560550354,24.708337524045,9.846778153456452,9.811975152030021,53.019549463404566,62.94640871536603,66.13273166212706,56.20620332778252,35.75824985924106,68.4023959325441,66.13273166212706,58.414036936412884,True,False,True,False,True,True,True,,False,False,False,1,,0
ATG,Antigua and Barbuda,2020,71.36840057,15369.6082250401,15460.0,51.833260927557575,24.640615627504303,9.640212407970898,9.646076003102594,53.194487435584755,60.51094162829581,63.305148545012415,55.10079662538278,35.82457837921489,65.75505183721671,63.305148545012415,56.895140004989905,True,False,True,False,True,True,True,,False,False,False,1,,0
ATG,Antigua and Barbuda,2021,71.64530182,17348.6006987182,16660.0,54.52816947162181,24.574983819566,9.761324770627066,9.72082593792907,53.37094272340811,63.11645414393662,64.78332541247835,55.90486616421316,35.89281203956007,66.94787771889463,64.78332541247835,58.03641345502573,True,False,True,False,True,True,True,,False,False,False,1,,0
ATG,Antigua and Barbuda,2022,71.9233017,20105.1989085164,18820.0,59.73023630700416,24.511448400041402,9.908783449909388,9.842728546690564,53.548917509966344,67.5174397856766,66.82953840102113,56.86332582463755,35.96295521674077,68.8931447898603,66.82953840102113,59.77004451800605,True,False,True,False,True,True,True,,False,False,False,1,,0
AUS,Australia,2018,90.0082016,57410.1737346009,53280.0,60.628,87.2267680845925,10.957994227728879,10.883335073806908,88.36839916046696,75.73050337964156,82.77112974793202,84.94785792759978,87.00917645872497,85.49867630060804,82.77112974793202,83.67655397172135,True,True,True,True,True,True,True,,False,True,False,2,Tier_2_Good,1
AUS,Australia,2019,93.60990143,55194.75850974281,55090.0,61.031,87.3019647888406,10.918641390721335,10.916741642416737,90.98653061661628,75.70176482844514,82.7511631808189,86.21721489320429,88.5426001911841,86.03176331597946,82.7511631808189,84.65393425508461,True,True,True,True,True,True,True,,False,True,False,2,Tier_2_Good,1
AUS,Australia,2020,94.6934967,51983.45236663821,53770.0,60.136,87.2713470458985,10.858699959906996,10.892489567361865,91.75570218598423,74.69288832637406,82.12125507613227,86.30660269590724,88.96691961605467,85.64475959648456,82.12125507613227,84.4996451716486,True,True,True,True,True,True,True,,False,True,False,2,Tier_2_Good,1
AUS,Australia,2021,96.97219849,60758.904439714395,57220.0,61.516,87.2353407632761,11.014685383958545,10.954676242858241,93.3830667119244,76.71123869247124,83.75308738897718,88.14386008197602,89.87895864226944,86.63710662929176,83.75308738897718,86.09227879907337,True,True,True,True,True,True,True,,False,True,False,2,Tier_2_Good,1
AUS,Australia,2022,96.11940002,65169.5191118657,60790.0,62.524,87.3343268253813,11.084762484798242,11.015197030681492,92.80375957678784,77.86618675725339,84.74616860179214,88.2242646043997,89.59709027983703,87.60287017494163,84.74616860179214,86.50314190201352,True,True,True,True,True,True,True,,False,True,False,2,Tier_2_Good,1
AUT,Austria,2018,87.4791372262556,51194.0749841299,48710.0,55.426,68.1046787227623,10.843398614684666,10.793660156255225,79.90006451473819,71.56882149886782,81.22131528002645,78.80818561290906,72.6725902095672,84.0676842490257,81.22131528002645,78.14895525561492,True,True,True,True,True,True,True,,False,True,False,2,Tier_2_Good,1
AUT,Austria,2019,87.7522047870069,49885.994735520406,50900.0,55.514,68.3176044750522,10.817515621227933,10.837637848711049,80.1706084218336,71.43666679566914,81.38376112900812,78.81907868758269,72.93294245155099,84.76946051009612,81.38376112900812,78.32807391176723,True,True,True,True,True,True,True,,False,True,False,2,Tier_2_Good,1
AUT,Austria,2020,87.52942813,48716.4098900349,49000.0,55.224,68.5410177924001,10.793791737793944,10.799595985047786,80.08796098026187,71.07845085443228,80.9075108579026,78.64107099492301,72.99668001776595,84.16240553847449,80.9075108579026,78.04457378554392,True,True,True,True,True,True,True,,False,True,False,2,Tier_2_Good,1
AUT,Austria,2021,92.52915104,53648.6437976214,53440.0,55.35,68.773601700253,10.890230108663484,10.8863335206103,83.7669087470196,71.8611682678729,82.30169400789183,81.3127272308672,75.21445539876744,85.54652416776972,82.30169400789183,80.09675502204288,True,True,True,True,True,True,True,,False,True,False,2,Tier_2_Good,1
AUT,Austria,2022,93.61409139,52336.7725223758,56310.0,55.688,68.998085127906,10.865473617333203,10.938645176925998,84.6257406663726,71.89712300641028,82.53883623135147,81.66672881980145,75.81671267241029,86.38129008043116,82.53883623135147,80.55704198297738,True,True,True,True,True,True,True,,False,True,False,2,Tier_2_Good,1
AZE,Azerbaijan,2018,79.7999954887896,4739.7943123408,4079.999999999998,62.63,57.1841534654123,8.463959977092966,8.314097335405805,70.57692272911459,58.85311883613924,44.11383194347153,59.26018959883483,61.92108639097637,44.49993459383818,44.11383194347153,57.01143349373932,True,True,True,True,False,False,False,,False,True,False,1,Tier_3_Moderate,0
AZE,Azerbaijan,2019,81.0999990651547,4805.75371765917,4510.000000000002,62.441,58.1308191977779,8.477777232476846,8.414274137408396,71.841611228483,58.83282560949145,45.01371728703097,60.09469237862118,63.11395440681551,46.09851099995559,45.01371728703097,57.91111302931601,True,True,True,True,False,True,False,,False,True,False,1,Tier_3_Moderate,0
AZE,Azerbaijan,2020,84.59999573,4229.91064904503,4480.0,64.382,58.2934691761937,8.350172532332346,8.407601514786142,74.4169566559179,59.14531881356859,44.031446252235355,60.82847864899653,64.6663651740588,45.992032285546394,44.031446252235355,58.58985210061221,True,True,True,True,False,False,False,,False,True,False,1,Tier_3_Moderate,0
AZE,Azerbaijan,2021,85.99998954,5408.04535175023,4910.0,61.174,58.3659969744818,8.595827896334379,8.499232866039245,75.44968770365509,58.88188550025886,46.5510569934612,62.85181602758773,65.29252022678028,47.454244227289934,46.5510569934612,59.83642132249665,True,True,True,True,True,True,True,,False,True,False,2,Tier_2_Good,1
AZE,Azerbaijan,2022,88.0,7770.5942233509995,5670.0,62.165,58.4382815854684,8.958230599066273,8.643120748014027,76.91414020545149,62.15424933505702,50.33759503266414,65.801830668631,66.16525246725396,49.75034241222844,50.33759503266414,62.41552623135165,True,True,True,True,True,True,True,,False,True,False,2,Tier_2_Good,1
BDI,Burundi,2018,4.019499779,245.66167833200961,250.0,81.073,17.682022198247502,5.508017674347279,5.5254529391317835,2.307069060802902,49.128974916314114,0.3429956403770651,1.724157826065063,3.2898672200279426,0.0,0.3429956403770651,10.989713663167116,False,False,True,False,False,False,False,,False,False,False,0,Tier_4_Low,0
BDI,Burundi,2019,6.072199820999998,234.3106159072504,250.0,80.888,18.786178154187,5.460906411193501,5.5254529391317835,4.16819606443213,48.6676474350774,0.0,2.549823188081649,4.901779305767694,0.0,0.0,11.520738752508448,False,False,True,False,False,False,False,,False,False,False,0,Tier_4_Low,0
BDI,Burundi,2020,6.430099964,255.83245393889956,250.0,78.558,19.9309984273971,5.548423942097489,5.5254529391317835,4.823786935235746,47.81448113622646,0.6371752644086243,3.472093957571209,5.845010708778673,0.0,0.6371752644086243,11.859847243791371,False,False,True,False,False,False,False,,False,False,False,0,Tier_4_Low,0
BDI,Burundi,2021,6.777999878000003,264.9803792696548,260.0,80.488,21.110886186535396,5.583422543916983,5.564520407322694,5.484373169889019,49.303778943039006,1.2036946908293051,4.092487259083143,6.808513884966474,0.6234211079638595,1.2036946908293051,12.685214978988732,False,False,True,False,False,False,False,,False,False,False,0,Tier_4_Low,0
BDI,Burundi,2022,7.144800185999998,302.9925052635517,290.0,80.249,22.3202446002597,5.717003047363996,5.673323267171493,6.16880741592695,50.12344577579105,3.044347050506273,5.301667750639365,7.80028194787093,2.359648270295223,3.044347050506273,13.874137568647068,False,False,True,False,False,False,False,,False,False,False,0,Tier_4_Low,0
BEL,Belgium,2018,88.6473429951691,47487.2100392561,45980.0,48.769,86.8883449485575,10.768236749513735,10.735983546667017,87.27138680694031,66.76357483046667,80.213907274355,83.20455769660151,86.21422463337532,83.1473068220225,80.213907274355,80.48064740161709,True,True,True,True,True,True,True,,False,True,False,2,Tier_2_Good,1
BEL,Belgium,2019,90.275428012141,46716.622746796405,48070.0,49.097,87.0961631189222,10.751876733219435,10.780434363667258,88.51530232983575,66.85426416209403,80.4494605353054,83.82695996728603,87.02825239918735,83.85663299204128,80.4494605353054,81.08322808455556,True,True,True,True,True,True,True,,False,True,False,2,Tier_2_Good,1
BEL,Belgium,2020,91.52641629,45906.2875805246,46330.0,48.659,87.2964994991269,10.734379154263413,10.743566562464396,89.48523642364387,66.44671363400519,80.02790873070799,84.28592802455339,87.68200330123952,83.26831318176428,80.02790873070799,81.19125346614473,True,True,True,True,True,True,True,,False,True,False,2,Tier_2_Good,1
BEL,Belgium,2021,92.78867618,51658.238294958,51140.0,49.367,87.4305564090635,10.85242432196037,10.842341802819034,90.44023847965914,67.75900586485527,81.67544726589642,85.52362882968146,88.29430199737146,84.84452409669662,81.67544726589642,82.4469681017349,True,True,True,True,True,True,True,,False,True,False,2,Tier_2_Good,1
BEL,Belgium,2022,94.00783071,50605.7496677086,54330.0,50.029,87.489200269855,10.831840239022013,10.90285024541336,91.33800022638269,68.03257863709855,82.0083672103499,85.91868669037491,88.8364358767366,85.81009064272888,82.0083672103499,82.99962890758691,True,True,True,True,True,True,True,,False,True,False,2,Tier_2_Good,1
BEN,Benin,2018,19.0,1151.7409703471985,1120.0,73.755,47.9952829275963,7.049897837915558,7.02197642307216,23.627055882666653,55.67387797104972,23.509147293634957,23.891319379597853,30.528673145702395,23.880849506114558,23.509147293634957,30.748910591426828,False,False,True,False,False,False,False,,False,True,False,0,Tier_4_Low,0
BEN,Benin,2019,20.500999449999995,1130.8213533979524,1170.0,74.325,48.7125500590248,7.031583431289551,7.065613363597717,24.956636202095986,55.90512911768229,23.72397779152319,24.568158578086752,31.644684761957052,24.577188200950314,23.72397779152319,31.430182476040663,False,False,True,False,False,False,False,,False,True,False,0,Tier_4_Low,0
BEN,Benin,2020,22.120599750000004,1200.1942655778894,1190.0,73.587,49.4461567219896,7.091071562186599,7.0825485693553,26.3772492683713,55.86618699217939,24.2922059693377,25.75071338186137,32.82083059087786,24.847432606996687,24.2922059693377,32.18249886583672,False,False,True,False,False,False,False,,False,True,False,0,Tier_4_Low,0
BEN,Benin,2021,28.20470047,1318.6515807519827,1280.0,74.754,50.1961807561354,7.185123026762664,7.155396301896734,31.016477901770916,57.29738289518646,25.55818752361962,28.974332598654826,35.84433947678837,26.009903999094792,25.55818752361962,34.68600054283872,False,False,True,False,False,False,False,,False,True,False,0,Tier_4_Low,0
BEN,Benin,2022,30.537300110000004,1266.4271103190404,1360.0,74.633,50.9627000010887,7.144744227160123,7.215975002651466,32.961648611511485,56.92600783398403,25.747551729752878,29.876055933613987,37.33657951482497,26.976591693290263,25.747551729752878,35.48142436628582,False,False,True,False,False,False,False,,False,True,False,0,Tier_4_Low,0
BFA,Burkina Faso,2018,8.498900413999998,777.4656185140484,730.0,72.734,26.0832202154822,6.657324826540358,6.594413459749778,8.451588075236113,52.16266891920958,17.23957322506893,12.20755673554255,10.973718543628049,17.057991802200984,17.23957322506893,20.879250817055333,False,False,True,False,False,False,False,,False,False,False,0,Tier_4_Low,0
BFA,Burkina Faso,2019,9.271806009531858,764.8530777749475,760.0,72.467,26.118725440115696,6.640990346872413,6.634633357861686,9.020159054650826,51.87296338590987,17.44155485503156,12.43849096159162,11.316250941267985,17.699802869163165,17.44155485503156,21.13547563180485,False,False,True,False,False,False,False,,False,False,False,0,Tier_4_Low,0
BFA,Burkina Faso,2020,12.97319984,825.237038782474,770.0,69.457,26.357837362862696,6.716881704244035,6.647688373563329,11.767025225227894,50.5002027460283,18.098248285588774,14.458070543429839,13.004650594419177,17.908128945310008,18.098248285588774,22.103443935225734,False,False,True,False,False,False,False,,False,False,False,0,Tier_4_Low,0
BFA,Burkina Faso,2021,18.1522007,895.5352884429903,820.0,67.668,26.811430774301698,6.79853765472783,6.710523109452428,15.651831096969197,49.95040163158465,19.194092298556797,17.168578778691042,15.449829930431974,18.910817434750246,19.194092298556797,23.854483789585753,False,False,True,False,False,False,False,,False,False,False,0,Tier_4_Low,0
BFA,Burkina Faso,2022,25.3987999,827.3308434866631,840.0,65.403,27.279136974271196,6.719412644006991,6.734591659972948,21.029504640573112,47.92556297144108,18.810056708187084,19.796163222753663,18.755086031475198,19.29489255216669,18.810056708187084,25.329617112117823,False,False,True,False,False,False,False,,False,False,False,0,Tier_4_Low,0
BGD,Bangladesh,2018,25.565099719999996,1965.2437273146697,2020.0,38.056,30.5175656009959,7.5838802641904985,7.611347717403621,22.275104787478465,36.727353206665796,32.09929120799751,25.650201214079775,21.075316639259558,33.28577187064347,32.09929120799751,28.94019861260043,False,False,False,False,False,False,False,,False,False,False,0,Tier_4_Low,0
BGD,Bangladesh,2019,30.383100509999995,2129.79896954606,2220.0,39.33,30.8228396343012,7.6642522914431686,7.7057128238944275,25.848547567384465,38.127395937899514,33.43736130613087,28.1703984144159,23.268907106262645,34.79160785044504,33.43736130613087,31.070047743071097,False,False,False,False,False,False,False,,False,False,False,0,Tier_4_Low,0
BGD,Bangladesh,2020,36.10910034,2248.8507882823287,2320.0,40.323,31.1168927321524,7.718619176680477,7.749753406274437,30.071536701866464,39.15837060779009,34.18457173992748,30.90992814180823,25.828093717111607,35.494387680674926,34.18457173992748,33.11894218596598,False,False,False,False,False,False,False,,False,False,False,0,Tier_4_Low,0
BGD,Bangladesh,2021,38.91744466,2482.8491784335693,2600.0,42.181,31.3992156886061,7.817564723993245,7.8636512654486515,32.190737211270545,41.067183513573056,35.813714620961534,32.706550073761996,27.179289285882092,37.311918553525835,35.813714620961534,34.934325452089624,False,False,False,False,False,False,False,,False,False,False,0,Tier_4_Low,0
BGD,Bangladesh,2022,41.61650085,2716.4859278043095,2850.0,43.687,31.673734726234,7.907462440621077,7.955425088912672,34.22857455618051,42.684972973440125,37.20046165771655,34.40372186008865,28.480115576156106,38.77640400281152,37.20046165771655,36.560277792067915,False,False,False,False,False,False,False,,False,False,False,0,Tier_4_Low,0
BGR,Bulgaria,2018,64.78201069118,9849.38397225174,8860.0,49.175,73.600212097168,9.195265715360849,9.089414904047302,65.47658600187597,55.57117988667678,55.62422053884343,61.14872185770394,67.16011783573359,56.872104075217266,55.62422053884343,59.907531989380686,False,True,True,False,True,True,True,,False,True,False,1,,0
BGR,Bulgaria,2019,67.9469809417603,10353.7204584127,9920.0,50.385,73.7162322998047,9.24519777765773,9.202409001649903,67.79461540722156,56.70866668267321,56.88930765829453,62.76797781649131,68.54233085137548,58.67521312688546,56.88930765829453,61.511266282388895,False,True,True,False,True,True,True,,False,True,False,1,,0
BGR,Bulgaria,2020,70.16248359,10760.211975413,10090.0,49.517,73.3239898681641,9.28370346449286,9.219399216464529,69.25264376771216,56.43380883839575,57.30521112663325,63.812422865908175,69.18067138384797,58.94633534275362,57.30521112663325,62.12016845051649,True,True,True,True,True,True,True,,False,True,False,2,Tier_2_Good,1
BGR,Bulgaria,2021,75.27144583,12966.1457543396,11720.0,49.193,73.346765618041,9.470174187891326,9.36913738372318,72.9372612542876,57.584176579099946,59.85754670148613,67.00475941752963,71.29747932434617,61.335789752256034,59.85754670148613,64.67934015417661,True,True,True,True,True,True,True,,False,True,False,2,Tier_2_Good,1
BGR,Bulgaria,2022,79.12686326,13999.1949530956,13100.0,50.802,73.4799164005224,9.546826533721555,9.48044384215367,75.75813147858631,59.17141458149301,61.30370673611671,69.06755078089172,72.97553834798703,63.11196821611704,61.30370673611671,66.61524820447394,True,True,True,True,True,True,True,,False,True,False,2,Tier_2_Good,1
BHR,Bahrain,2018,98.6446725799886,26324.4066549559,24200.0,43.209,100.0,10.178289784364571,10.094149233605084,99.02462953703993,58.912088250028845,70.7977204101232,86.9187405092715,99.44264544973711,72.90520317141042,70.7977204101232,80.16466404983846,True,True,False,False,True,True,True,,False,True,False,1,,0
BHR,Bahrain,2019,99.7015043807778,27259.7438599327,25800.0,42.516,100.0,10.213202992476635,10.158168529848494,99.7851856267249,58.72301073024957,71.56270315561858,87.55669371690372,99.87724892955708,73.92679434287055,71.56270315561858,80.71764804056893,True,True,False,False,True,True,True,,False,True,False,1,,0
BHR,Bahrain,2020,99.67103159,24342.8444554718,23870.0,41.047,100.0,10.10003430211636,10.080419612045645,99.76325567857377,56.959462282424546,70.11843233495293,86.88501858336659,99.86471753061359,72.68611203802337,70.11843233495293,79.80589927506693,True,True,False,False,True,True,True,,False,True,False,1,,0
BHR,Bahrain,2021,100.0,27147.8083882286,25240.0,41.196,100.0,10.209088434462558,10.136224935521659,100.0,57.84874083285922,71.35766392303859,87.65547980969278,100.0,73.57662832184522,71.35766392303859,80.53237496048527,True,True,False,False,True,True,True,,False,True,False,1,,0
BHR,Bahrain,2022,100.0,30470.5219276023,28300.0,42.205,100.0,10.324547819127593,10.250652418696085,100.0,59.33473625892434,73.11126228010679,88.3279655454534,100.0,75.40261069658007,73.11126228010679,81.5178204460149,True,True,False,False,True,True,True,,False,True,False,1,,0
BHS,"Bahamas, The",2018,83.0,32642.3353203452,30650.0,71.023,81.9643158212241,10.393395988917101,10.330420567259534,81.49527568279956,78.26889105998546,74.24896657422812,77.55764286169762,80.46792844542966,76.67551497884992,74.24896657422812,78.05994740485173,True,True,True,True,True,True,True,,False,True,False,2,Tier_2_Good,1
BHS,"Bahamas, The",2019,90.69329834,33640.3369861278,31630.0,71.252,81.8257463283204,10.423510857236705,10.361892931354786,86.98363222543212,78.63461932416308,74.71933013266283,80.86466040497757,83.53530764388219,77.17773682743825,74.71933013266283,80.31043494198617,True,True,True,True,True,True,True,,False,True,False,2,Tier_2_Good,1
BHS,"Bahamas, The",2020,92.4437027,26178.7537607708,25180.0,65.17,81.6642600232849,10.17274163379593,10.133845020868533,88.18717767086466,72.91864365120084,71.07405062463334,80.08646437645902,84.14284106169436,73.53865071288779,71.07405062463334,78.17583141921878,True,True,True,True,True,True,True,,False,True,False,2,Tier_2_Good,1
BHS,"Bahamas, The",2021,92.34980011,30367.8605757708,29910.0,66.863,81.4784235345083,10.321173039251377,10.305981584699339,88.05498930146098,75.08220133205539,73.52815103395776,80.86930390473773,83.97500379195776,76.28552867334545,73.52815103395776,79.52520898726986,True,True,True,True,True,True,True,,False,True,False,2,Tier_2_Good,1
BHS,"Bahamas, The",2022,92.2559967,34957.1613279737,33790.0,70.887,81.3200717047725,10.461907234792951,10.427949773825027,87.93242804233023,78.68070032965761,75.52592937144833,81.61372280639286,83.82631877769296,78.23184224630369,75.52592937144833,80.9679178024151,True,True,True,True,True,True,True,,False,True,False,2,Tier_2_Good,1
BIH,Bosnia and Herzegovina,2018,70.1201350394885,6047.847072073921,5720.0,38.384,48.971927825824,8.707622966265413,8.651898894268529,60.75555896103307,45.1186109332911,48.583073907086046,54.79525848816592,52.23003951084705,49.89042012694258,48.583073907086046,52.04995221628356,True,False,False,False,True,True,True,,False,True,False,1,,0
BIH,Bosnia and Herzegovina,2019,69.9463476317266,6122.37541352353,6180.0,38.209,49.4650440037758,8.719868761622543,8.729235349659273,60.80193596091853,45.09583146424859,49.289280170659225,54.90941250181725,52.50146104339335,51.12452054189891,49.289280170659225,52.39550973445511,True,False,False,False,True,True,True,,False,True,False,1,,0
BIH,Bosnia and Herzegovina,2020,73.21175294,6130.31187968266,6160.0,37.115,49.9710852122997,8.7211640157696,8.725994381014571,63.3278447655687,44.405504679497255,49.2728513650292,56.377089084447064,54.19617748262458,51.072802620136414,49.2728513650292,53.195881887269735,True,False,False,False,True,True,True,,False,True,False,1,,0
BIH,Bosnia and Herzegovina,2021,75.67620138,7295.343786822579,6970.0,37.416,50.4899479477034,8.89512865054847,8.849513965486398,65.28179731802719,45.864591020101244,51.52494362389286,58.524059734098934,55.5704299593251,53.04387266312882,51.52494362389286,55.088439675155556,True,False,False,False,True,True,True,,False,True,False,1,,0
BIH,Bosnia and Herzegovina,2022,78.8455371,7655.594210243831,7710.0,38.537,51.0215287060993,8.943322543789217,8.95040315983296,67.74744846796841,46.93249578928432,52.6807936221886,60.23130713202859,57.243398407971284,54.65381710625885,52.6807936221886,56.70641194502199,True,False,False,False,True,True,True,,False,True,False,1,,0
BLR,Belarus,2018,79.1298866919307,6360.037502312,5730.0,58.081,77.2132720947266,8.75794677232437,8.653645314551737,77.05830255256186,58.08381871264555,48.963392903719935,65.33934500828273,75.57277216300118,49.91828871731572,48.963392903719935,62.205228195459526,True,True,True,True,True,True,True,,False,True,False,2,Tier_2_Good,1
BLR,Belarus,2019,82.7891520910901,6837.77339645635,6370.0,58.277,77.4550771852757,8.83036366653195,8.759511722116487,79.77578706284126,58.73642091015451,50.335311601005344,67.3219874594185,77.2457199355432,51.60765729317666,50.335311601005344,63.89259531680639,True,True,True,True,True,True,True,,False,True,False,2,Tier_2_Good,1
BLR,Belarus,2020,85.08791245,6542.85579976768,6410.0,57.884,77.7890385790408,8.786281842551974,8.765770543987257,81.54621546351594,58.16410602813204,50.06430966081298,68.08796719659831,78.42326487754931,51.707532761076344,50.06430966081298,64.35732897023104,True,True,True,True,True,True,True,,False,True,False,2,Tier_2_Good,1
BLR,Belarus,2021,86.88841196,7489.718947138879,7040.0,58.024,78.131086803694,8.921420059506737,8.859505484519133,82.9608786949488,59.23753422901793,51.79607947884119,69.6947758858279,79.40153199521976,53.203312835581016,51.79607947884119,65.76670846091395,True,True,True,True,True,True,True,,False,True,False,2,Tier_2_Good,1
BLR,Belarus,2022,89.50733148,7994.64806074889,7210.0,57.892,78.4732787892908,8.986652680238032,8.88336291691676,84.96457335479937,59.62803184923473,52.461361561213934,71.23101808850494,80.71645990358155,53.58401902482831,52.461361561213934,66.83523980054176,True,True,True,True,True,True,True,,False,True,False,2,Tier_2_Good,1
BLZ,Belize,2018,53.59360123,6011.99036888587,5610.0,54.103,43.164848281502,8.70167746932298,8.632484235750972,46.84315049809184,55.129693162807456,48.3848822532644,46.61839804844092,41.39583806796453,49.580609727543035,48.3848822532644,48.5924314047954,False,False,True,False,True,True,True,,False,True,False,1,,0
BLZ,Belize,2019,58.76520157,6171.61449761423,5850.0,57.096,42.9077622153323,8.727877770681028,8.674367865788236,50.47554489635412,57.23486291424415,48.90981478589589,48.83814134035944,43.34380279105616,50.24896988120804,48.90981478589589,50.536403904673705,False,False,True,False,True,True,True,,False,True,False,1,,0
BLZ,Belize,2020,64.43589783,5238.540781756959,5170.0,41.478,42.649842440311,8.563989136405453,8.550821372396221,54.466827159124044,46.051898550481745,46.73086659525153,50.155775066518046,45.49643220828986,48.277470437754985,46.73086659525153,48.90277091994653,False,False,False,False,True,True,True,,False,True,False,1,,0
BLZ,Belize,2021,70.65370178,6142.989305570309,6120.0,46.813,42.3910809205294,8.723229534196161,8.71948076085107,58.85154648463252,50.623689765325395,49.235918751223224,53.58024629639299,47.87346472738859,50.96886119553879,49.235918751223224,52.38886148396106,True,False,False,False,True,True,True,,False,True,False,1,,0
BLZ,Belize,2022,69.98329926,7068.2172804314505,6710.0,43.563,42.1373251262137,8.863505042780409,8.811503250158239,58.28086221705358,49.56616921590834,50.99142758505694,54.06276430598498,47.421324288542955,52.4373147426467,50.99142758505694,52.623446627426766,True,False,False,False,True,True,True,,False,True,False,1,,0
BMU,Bermuda,2018,93.78498554984324,113204.82210838,117160.0,62.67022981680987,100.0,11.636962875481464,11.671304336241537,95.52732318991825,81.9800393946693,94.00142085825324,93.4162270352385,97.44418467995328,98.07273582829346,94.00142085825324,92.67150864532528,True,True,True,True,True,True,True,,False,True,False,2,Tier_2_Good,1
BMU,Bermuda,2019,94.93443751693181,115798.040775578,116920.0,63.69412943436808,100.0,11.659611560628848,11.669253772045261,96.35453400314013,82.7998526733309,94.1499546235894,94.02083473370263,97.91687657322294,98.04001384597952,94.1499546235894,93.18386520663908,True,True,True,True,True,True,True,,False,True,False,2,Tier_2_Good,1
BMU,Bermuda,2020,95.93616568882956,106976.546239632,110960.0,61.844401270799324,100.0,11.580374243195084,11.616934067204772,97.07543439691791,81.03981733681692,93.15561664680585,93.97126517339638,98.32881965538166,97.20511949857492,93.15561664680585,92.71624666102963,True,True,True,True,True,True,True,,False,True,False,2,Tier_2_Good,1
BMU,Bermuda,2021,90.21272262940928,112765.08167306002,120410.0,56.00215475924244,100.0,11.633070878440707,11.698666169809838,92.95652023332386,77.68659220492141,94.19139892568248,91.92452808870152,95.97515441904221,98.50936367721667,94.19139892568248,90.96520284923191,True,True,True,True,True,True,True,,False,True,False,2,Tier_2_Good,1
BMU,Bermuda,2022,90.74768451673829,121613.939983629,132200.0,58.643442859494044,100.0,11.708615102674797,11.792078770667635,93.3415091415433,79.92604653944012,95.48672016135771,92.58452420996805,96.19514808088189,100.0,95.48672016135771,92.07023386269829,True,True,True,True,True,True,True,,False,True,False,2,Tier_2_Good,1
BOL,Bolivia,2018,44.2861422024283,4206.8552936661,3730.0,63.56,69.4133879813999,8.344708365438917,8.224431573221159,49.270941882703625,58.57975955185116,42.530192319850144,46.79570358188725,55.82024266542008,43.06908863949035,42.530192319850144,49.234738949688435,False,True,True,False,False,False,False,,False,True,False,0,Tier_4_Low,0
BOL,Bolivia,2019,47.4748191121692,4203.15492855788,4170.0,66.243,69.7334986708387,8.34382858397191,8.335911094196945,51.67698914795558,60.28948577212099,43.413257090977595,48.17606298426895,57.3541190349069,44.84802875770807,43.413257090977595,50.86827979184589,False,True,True,False,False,False,False,,False,True,False,0,Tier_4_Low,0
BOL,Bolivia,2020,59.94010155,3580.967617783028,3620.0,65.02,70.0442635528254,8.183667542318215,8.19450550976564,60.75575845963956,58.34115679375574,41.11895412752652,52.44137353345374,62.69633756577143,42.591541961900006,41.11895412752652,52.90983481165519,False,True,True,False,False,False,False,,False,True,False,0,Tier_4_Low,0
BOL,Bolivia,2021,65.9773785,4010.7605368620407,3990.0,71.057,70.3450412826165,8.296985460576186,8.291797105048733,65.20509824796004,63.02762872378233,42.72023804276782,55.65382564502975,65.38820739002892,44.14407753524615,42.72023804276782,56.105470874468914,False,True,True,False,False,False,False,,False,True,False,0,Tier_4_Low,0
BOL,Bolivia,2022,72.62270355,4219.461137424449,4190.0,71.715,70.6352598708131,8.347699675331256,8.340694647925071,70.08835277555019,63.8177333875701,43.47960764406044,58.749248171244076,68.32278399127429,44.924362559289996,43.47960764406044,58.35517625459752,True,True,True,True,False,False,False,,False,True,False,1,Tier_3_Moderate,0
BRA,Brazil,2018,70.4342825404361,9300.66072904004,9320.0,54.581,86.4420719945072,9.137948236214143,9.140025198061156,74.00907771839651,58.611725717594936,55.610726259027764,66.11580815516612,78.41410794717703,57.679720412531765,55.610726259027764,64.34825978936254,True,True,True,True,True,True,True,,False,True,False,2,Tier_2_Good,1
BRA,Brazil,2019,73.9124399133589,9029.83304401079,9410.0,55.306,86.6797991084296,9.108399895091848,9.149634496858788,76.59480881217819,58.86033059969054,55.47226868808637,67.42913797638303,80.0097426082954,57.83306128616864,55.47226868808637,65.31602968208895,True,True,True,True,True,True,True,,False,True,False,2,Tier_2_Good,1
BRA,Brazil,2020,81.34269353,7074.19407495707,8080.0,50.338,86.9112186503004,8.864350153224551,8.997270906233448,82.02249947332311,53.90582598172301,52.47977885276681,69.1168862698251,83.22622132724342,55.40171154994228,52.47977885276681,65.18121669256816,True,True,True,True,True,True,True,,False,True,False,2,Tier_2_Good,1
BRA,Brazil,2021,80.68989314,7972.53696080695,8060.0,52.482,87.1360781715439,8.9838834576331,8.9947928972836,81.6308853789796,56.14746359558799,53.33027489896425,69.59676633741373,83.11412481937347,55.36216859626254,53.33027489896425,65.77708876390854,True,True,True,True,True,True,True,,False,True,False,2,Tier_2_Good,1
BRA,Brazil,2022,80.52775094,9281.33282136864,8440.0,53.864,87.349556243881,9.135868175802182,9.04085606398372,81.58841969240513,58.13796590825484,54.80433403995516,70.4647940846493,83.19588876210412,56.09722391851128,54.80433403995516,66.70157229126751,True,True,True,True,True,True,True,,False,True,False,2,Tier_2_Good,1
BRB,Barbados,2018,70.72650146,21381.2426303209,19910.0,61.625,59.270175311893,9.970316072919077,9.899027621814035,64.77238002150241,69.17738145587563,67.72672706670181,64.78605413075758,59.64028783297245,69.791540140675,67.72672706670181,66.38204127366669,True,True,True,True,True,True,True,,False,True,False,2,Tier_2_Good,1
BRB,Barbados,2019,70.30709839,21912.1501242857,20520.0,61.588,59.2841140645486,9.994842197895393,9.929204031040765,64.47539994961387,69.33227862811992,68.14606139859302,64.75966360380342,59.47750801877352,70.27308172362497,68.14606139859302,66.4728463972959,True,True,True,True,True,True,True,,False,True,False,2,Tier_2_Good,1
BRB,Barbados,2020,69.89009857,19194.4919736739,18740.0,59.687,59.3014583324011,9.862430737409854,9.838468916161679,64.18133340592328,67.15231149994725,66.45807878705807,63.820977873422095,59.31808452529593,68.82517151934127,66.45807878705807,65.28673874004072,True,True,True,True,True,True,True,,False,True,False,2,Tier_2_Good,1
BRB,Barbados,2021,69.4756012,21079.6145271791,19880.0,58.963,59.3220365433819,9.956109154373603,9.897519780756337,63.89019212901989,67.37124811021391,67.61126224114274,64.20091670849932,59.16193884408255,69.7674786904108,67.61126224114274,65.6626466388827,True,True,True,True,True,True,True,,False,True,False,2,Tier_2_Good,1
BRB,Barbados,2022,69.06359863,24387.0387293761,24300.0,61.109,59.3538514107686,10.101848075076967,10.098272780745283,63.60475295858343,69.80495613865513,70.27408401257773,64.88770900219049,59.01463251931253,72.97100488434258,70.27408401257773,67.11803511110588,True,True,True,True,True,True,True,,False,True,False,2,Tier_2_Good,1
BRN,Brunei Darussalam,2018,95.0,30988.1190267227,28790.0,57.72,74.8172471714305,10.34139142271469,10.267818117285737,87.64629749804286,69.38125070461801,73.37085413645461,80.5329620279437,80.43300001956527,75.67653320370134,73.37085413645461,77.79478757466902,True,True,True,True,True,True,True,,False,True,False,2,Tier_2_Good,1
BRN,Brunei Darussalam,2019,95.0,30426.5730656528,31550.0,55.057,74.7923311783673,10.323104485049019,10.359360563188138,87.63763482481592,67.54477296726515,73.96811189095573,80.42067582402234,80.4156746731114,77.13732643379541,73.96811189095573,77.70775896548886,True,True,True,True,True,True,True,,False,True,False,2,Tier_2_Good,1
BRN,Brunei Darussalam,2020,96.30549622,26834.3592233943,30810.0,54.472,74.7748108912151,10.197475670897122,10.335627048058479,88.57105256106524,66.25594234551167,72.86410135237281,80.22176033554985,80.94035428012577,76.75859766064566,72.86410135237281,77.40204817509397,True,True,True,True,True,True,True,,False,True,False,2,Tier_2_Good,1
BRN,Brunei Darussalam,2021,97.62879944,31006.963628978498,29890.0,54.791,74.7667316936175,10.341999341733745,10.305312710723697,89.52056765706385,67.51219581097631,73.67444105743115,81.60584166776252,81.47892156818804,76.27485508290584,73.67444105743115,78.23715317270465,True,True,True,True,True,True,True,,False,True,False,2,Tier_2_Good,1
BRN,Brunei Darussalam,2022,98.97042579,36632.9280952155,30970.0,53.7,74.7772642014221,10.508730087129992,10.340806561758198,90.48973994505573,68.02824835064587,75.17152910772663,83.13111562333252,82.03796557833732,76.84125001358582,75.17152910772663,79.22200005485033,True,True,True,True,True,True,True,,False,True,False,2,Tier_2_Good,1
BTN,Bhutan,2018,63.48680115,3400.204172453421,3150.0,54.743,38.4661892776975,8.131884816270095,8.055475141757274,52.32925086156141,51.39065669298912,39.63265561485858,46.27901035569813,42.19702788149255,40.3729578028025,39.63265561485858,46.15350756170214,False,False,True,False,False,False,False,,False,False,False,0,Tier_4_Low,0
BTN,Bhutan,2019,74.17939758,3576.8798710050305,3370.0,60.631,39.0746823405146,8.182525689163231,8.12296471523406,60.23580751395036,55.52550051078033,40.53983288378808,51.11214560172751,47.01728590570809,41.44992609947589,40.53983288378808,50.25694596228182,True,False,True,False,False,False,False,,False,False,False,0,Tier_4_Low,0
BTN,Bhutan,2020,76.85079956,3191.6690699933097,3040.0,63.002,39.6888839873439,8.068612544998823,8.019941687677365,62.371842545196785,56.212717271327406,38.88848558913381,51.689594689383505,48.54293833665591,39.805930904513914,38.88848558913381,50.56147188090346,True,False,True,False,False,False,False,,False,False,False,0,Tier_4_Low,0
BTN,Bhutan,2021,85.63688389,3570.6125798087196,3300.0,64.902,40.3075199874379,8.180772475814235,8.101980731853192,68.90989143281374,58.24460260818051,40.35964204595319,56.099375133822754,52.586229706560374,41.115073118861204,40.35964204595319,53.94637168725227,True,False,True,False,False,False,False,,False,True,False,0,Tier_4_Low,0
BTN,Bhutan,2022,88.35620117,3711.3276798159113,3600.0,52.51,40.9365143617581,8.219414365822487,8.188966863648876,71.0855520955952,50.599622158945614,41.33501884775553,57.58850420783991,54.14187259081393,42.50315873517387,41.33501884775553,53.648420721009586,True,False,True,False,False,False,False,,False,True,False,0,Tier_4_Low,0
BWA,Botswana,2018,46.12509918,7407.959401417859,6680.0,57.556,66.1579176461888,8.910445276771176,8.807022955925477,49.46251325233335,58.85828426087657,51.297430778638244,50.09247618071466,54.31278866758507,52.36582021986516,51.297430778638244,52.6387513667347,False,True,True,False,True,True,True,,False,True,False,1,,0
BWA,Botswana,2019,48.82279968,7172.08956480028,7519.999999999999,58.044,66.3271694845464,8.878091742427998,8.925454386826402,51.4627761697856,58.93487312672614,52.00681722422128,51.052646743209394,55.539859862080874,54.255695793813366,52.00681722422128,53.739193213757325,False,True,True,False,True,True,True,,False,True,False,1,,0
BWA,Botswana,2020,51.67819977,6323.2974967659,6600.0,56.142,66.4488166494554,8.75215423972225,8.79497643168877,53.55997768924557,56.80140030366226,50.04886935334909,51.521560725123976,56.79868030766483,52.173587197493134,50.04886935334909,53.311874644409315,False,True,True,False,True,True,True,,False,True,False,1,,0
BWA,Botswana,2021,54.70069885,7807.88794570471,7530.0,58.943,66.5182767068255,8.963017844181403,8.926783114101351,55.75928895317598,60.12821015971673,52.635727090280355,54.008771432845876,58.08992894466678,54.276899026791824,52.635727090280355,55.76195598323788,False,True,True,False,True,True,True,,False,True,False,1,,0
BWA,Botswana,2022,57.9,8328.7090572666,8250.0,59.93,66.5889787170477,9.027583807452075,9.018089684104343,58.086268808160895,61.22960188003876,53.8343170630511,55.71687557363182,59.4547479140198,55.73392825524049,53.8343170630511,57.31662201809996,False,True,True,False,True,True,True,,False,True,False,1,,0
CAF,Central African Republic,2018,5.099999904999997,455.2439628595348,470.0,65.313,41.2824666248606,6.1230276727204656,6.154858094016418,11.289947792215198,43.525988901861865,9.842485567873014,11.220773587583185,20.1447830277404,10.043764727698397,9.842485567873014,18.129238254696624,False,False,True,False,False,False,False,,False,True,False,0,Tier_4_Low,0
CAF,Central African Republic,2019,7.509200096000001,449.2284676024392,500.0000000000018,65.359,41.7800430407332,6.109755159708589,6.216606101084868,13.196739846232031,43.458780834677086,10.238527927910287,12.249539864463973,21.48151418289719,11.02911168678622,10.238527927910287,19.026589683885735,False,False,True,False,False,False,False,,False,True,False,0,Tier_4_Low,0
CAF,Central African Republic,2020,34.95591731970396,462.87907129401174,490.0000000000018,64.776,42.3050785933463,6.139623896047203,6.196444127794524,33.131495727750064,43.30333628741515,10.295120730827456,23.832182405017228,33.13357732698304,10.707375973942442,10.295120730827456,26.28463494272168,False,False,True,False,False,False,False,,False,True,False,0,Tier_4_Low,0
CAF,Central African Republic,2021,39.147325249083615,492.2631428305085,509.9999999999982,64.799,42.8547782897949,6.201042789921303,6.236369590203701,36.33898750008463,43.76521079383484,11.060840008226677,26.040966845772136,35.23945399652509,11.34448856822337,11.060840008226677,27.865489976896857,False,False,True,False,False,False,False,,False,True,False,0,Tier_4_Low,0
CAF,Central African Republic,2022,13.753600120000002,467.3598250262403,520.0,65.525,43.2751967457285,6.149236857392275,6.255750041753367,18.210392066257278,43.852407926330045,10.838296889280233,15.393950008319958,25.08906957255057,11.653753108195373,10.838296889280233,21.246331093056977,False,False,True,False,False,False,False,,False,True,False,0,Tier_4_Low,0
CAN,Canada,2018,94.64,46539.1761570405,45060.0,60.965,81.5500341646653,10.748071221916598,10.715772406372029,89.72804424535063,74.41770546735205,79.90583110760466,84.31414738564689,84.96660267587139,82.82478652420484,79.90583110760466,82.50256359028154,True,True,True,True,True,True,True,,False,True,False,2,Tier_2_Good,1
CAN,Canada,2019,91.91290283,46352.86934452111,46580.0,61.253,81.7363672047941,10.744060048513347,10.74894801164928,87.83025386609665,74.57271583432582,80.14132828491105,83.21250276538086,83.97469871580043,83.3541879304656,80.14132828491105,81.96157764578179,True,True,True,True,True,True,True,,False,True,False,2,Tier_2_Good,1
CAN,Canada,2020,92.3,43537.839298904,43900.0,59.379,81.9509888710566,10.681408676162736,10.689692377847104,88.18344957311493,72.91791017353903,79.2124047974045,83.05652654466421,84.28312288238843,82.4086131443665,79.2124047974045,81.40737188447957,True,True,True,True,True,True,True,,False,True,False,2,Tier_2_Good,1
CAN,Canada,2021,93.93710327,52886.6616372703,49080.0,60.634,82.1779279079275,10.875925351270787,10.801227273515408,89.4405029936135,75.1368350749613,81.51850395704079,84.9153069959903,85.114154948773,84.18843690705268,81.51850395704079,83.18890863783744,True,True,True,True,True,True,True,,False,True,False,2,Tier_2_Good,1
CAN,Canada,2022,94.0,56256.8007264015,53850.0,61.049,82.3500897353968,10.937699990032014,10.893976252514248,89.54562344722696,75.85203517411404,82.7082802253558,85.34087883352157,85.2597329226294,85.66848345031515,82.7082802253558,83.86079247361512,True,True,True,True,True,True,True,,False,True,False,2,Tier_2_Good,1
CEB,Central Europe and the Baltics,2018,74.53288987704661,16227.2484719489,14821.253202042,49.3521319289648,61.8111043373163,9.69450873551975,9.603884925218045,68.39509100449742,59.3192400063614,63.3638222311627,65.33388770449048,62.972434170902254,65.0817855689128,63.3638222311627,64.14238705461787,True,True,True,True,True,True,True,,False,True,False,2,Tier_2_Good,1
CEB,Central Europe and the Baltics,2019,79.79849694885871,16534.9264870407,16115.8061400979,49.300550105945,61.7449526458334,9.713290655720416,9.687617866163345,72.16152112709268,59.422989246645784,64.16865116304403,67.59333716124466,65.09182380737029,66.41795822699504,64.16865116304403,65.87745284142434,True,True,True,True,True,True,True,,False,True,False,2,Tier_2_Good,1
CEB,Central Europe and the Baltics,2020,82.65515235065475,16581.3526115028,16121.721072374,48.9935911493099,61.6318247679717,9.716094313164993,9.687984802831087,74.1780005768014,59.247060758951704,64.1919910206442,68.75819497255556,66.18790955123924,66.4238136375079,64.1919910206442,66.57890186728201,True,True,True,True,True,True,True,,False,True,False,2,Tier_2_Good,1
CEB,Central Europe and the Baltics,2021,81.06476323880754,19223.9274030651,18068.998840935,49.8629579860181,61.5491099540844,9.863963018193248,9.802008319443217,73.00470850098431,60.87969989923083,66.178323713228,68.9462552420227,65.47637423557038,68.24334969530673,66.178323713228,67.23829595068922,True,True,True,True,True,True,True,,False,True,False,2,Tier_2_Good,1
CEB,Central Europe and the Baltics,2022,81.76801435862957,19530.1553232172,19542.0440967762,50.6275960473224,61.5935240282645,9.879766178455784,9.880374701425024,73.52624955621548,61.483842153585734,66.91864708267838,69.33779382487776,65.79645722821257,69.49388521615177,66.91864708267838,67.87080621736483,True,True,True,True,True,True,True,,False,True,False,2,Tier_2_Good,1
CHE,Switzerland,2018,91.80000305,85217.3691512274,82470.0,63.007,79.2922201625844,11.352972289945507,11.320201995375324,86.89923543601819,80.12784218584355,89.13244808893072,86.1461318790283,82.22873197489582,92.47000239079759,89.13244808893072,86.11797594287809,True,True,True,True,True,True,True,,False,True,False,2,Tier_2_Good,1
CHE,Switzerland,2019,93.1460869535177,84121.9310304414,83160.0,63.079,80.7792907322229,11.34003447265281,11.328533766911674,88.38497131930175,80.07970130656076,89.10473107018701,86.96900809976933,83.8163204495295,92.60295705827464,89.10473107018701,86.7271944194417,True,True,True,True,True,True,True,,False,True,False,2,Tier_2_Good,1
CHE,Switzerland,2020,94.34999847,85897.7843338323,81740.0,62.636,82.3416838515457,11.360924955763151,11.311310990955839,89.79457967483364,79.94843860867081,89.11940849774246,87.94790770357609,85.39781859916316,92.32812373618344,89.11940849774246,87.28556976877046,True,True,True,True,True,True,True,,False,True,False,2,Tier_2_Good,1
CHE,Switzerland,2021,95.56937154,93664.7736696111,89120.0,62.631,84.2006477608879,11.447488125825933,11.397750275924011,91.31842535396329,80.57546744879613,90.4393151358725,89.38441213532464,87.19189566651771,93.70748301647076,90.4393151358725,88.5829076940495,True,True,True,True,True,True,True,,False,True,False,2,Tier_2_Good,1
CHE,Switzerland,2022,96.45279694,94394.5106803525,95600.0,61.931,84.9206266284521,11.455248794650554,11.467938559235831,92.20450717197596,80.18422724174371,91.05583357733931,89.95978600394417,88.05582642973715,94.82751611240906,91.05583357733931,89.1362434902866,True,True,True,True,True,True,True,,False,True,False,2,Tier_2_Good,1
CHI,Channel Islands,2018,54.94755281169143,60784.81253971619,55663.80882433499,51.305,32.8125991997971,11.015111694338508,10.9271034277607,44.21831041214876,70.18306448021454,83.53619386190567,58.25015489615493,34.75418599366344,86.1971120318996,83.53619386190567,63.89538425672831,False,False,True,False,True,True,True,,False,False,False,1,,0
CHI,Channel Islands,2019,56.435486495387174,60564.6293993681,64105.53097117147,51.31,32.8235411026876,11.011482839527147,11.068301524944374,45.29291609009908,70.15984259971249,84.63636172730023,58.84344156033433,35.37368099310926,88.45028783941494,84.63636172730023,64.78102901357818,False,False,True,False,True,True,True,,False,False,False,1,,0
CHI,Channel Islands,2020,73.55832074003878,56785.9402005039,57611.56914856006,50.528,32.8247184979451,10.94706165222473,10.96149603726341,57.61588788468563,69.19062939955089,83.31516341935381,65.5099616659412,42.41596394879933,86.74593384490197,83.31516341935381,68.53807465188429,True,False,True,False,True,True,True,,False,False,False,1,,0
CHI,Channel Islands,2021,91.3758245465221,66915.3963925722,62689.184784066674,50.885,32.8148141071941,11.111199304167444,11.04596017184808,70.43493042368895,70.6139893239167,85.18409523129962,73.7908100401088,49.73621181226331,88.09377456262307,85.18409523129962,74.18963392003,True,False,True,False,True,True,True,,False,False,False,1,,0
CHI,Channel Islands,2022,88.46750939556497,67627.1417347907,65670.1825628427,50.891,32.7920439098264,11.12177947325508,11.092415486679997,68.33402529678237,70.69485650353352,85.63178114447305,72.65116237180914,48.52438512081851,88.83508760860289,85.63178114447305,73.63148642114362,True,False,True,False,True,True,True,,False,False,False,1,,0
CHL,Chile,2018,84.90000153,15659.4808675628,14460.0,52.416,87.9620493753008,9.658895675814271,9.579210649614792,84.9478878186536,61.01970429737148,62.90766926774401,75.45111090807146,85.41979723525156,64.68804456272278,62.90766926774401,71.7237254016783,True,True,True,True,True,True,True,,False,True,False,2,Tier_2_Good,1
CHL,Chile,2019,85.01760101,14495.716721687,14690.0,52.651,88.1273685623538,9.581677469781743,9.594990340370426,85.08999645651988,60.60782714384784,62.47138130310602,75.08803742215042,85.58311271943403,64.93984977943487,62.47138130310602,71.57300986077797,True,True,True,True,True,True,True,,False,True,False,2,Tier_2_Good,1
CHL,Chile,2020,87.45929718,13114.815470545,12960.0,45.442,88.2953490438375,9.481574068831183,9.469700127423375,86.90558212254354,55.26791589039463,60.742911585336834,75.54803130323748,86.70402259986558,62.94052484261563,60.742911585336834,70.48496447962088,True,True,False,False,True,True,True,,False,True,False,1,,0
CHL,Chile,2021,90.23280334,16206.8325493421,14790.0,46.579,88.4660511664452,9.693249895076637,9.60177416667137,88.96090331924928,57.53629222701467,63.33781591913878,77.96104502561758,87.96327599377395,65.048103032195,63.33781591913878,72.67918066015861,True,True,False,False,True,True,True,,False,True,False,1,,0
CHL,Chile,2022,92.31819916,15405.6165774073,15440.0,50.025,88.6395352768685,9.642552344013088,9.644781588320864,90.52198852538271,59.37135685633982,63.31185670831138,78.56355349289836,88.94149057622656,65.73439614759157,63.31185670831138,73.65667670136314,True,True,True,True,True,True,True,,False,True,False,2,Tier_2_Good,1
CHN,China,2018,65.35839844,10085.6638148819,9720.0,61.585,61.5001983642578,9.218969415946031,9.18204377282107,61.68451244177615,63.681583541026555,56.53586132113509,58.719228605779186,58.98339741963268,58.350233953462535,56.53586132113509,59.89669614682056,False,True,True,False,True,True,True,,False,True,False,1,,0
CHN,China,2019,64.080881297515,10342.9009524335,10510.0,61.305,62.7099151611328,9.244152345041725,9.260177606823355,61.18572721317925,63.685832132737595,57.342619065391304,58.62094087275025,59.2992180698011,59.59705857811283,57.342619065391304,60.120974748256586,False,True,True,False,True,True,True,,False,True,False,1,,0
CHN,China,2020,70.05275998,10627.4637989619,10740.0,59.711,63.5234230266258,9.27129094527284,9.281823473598047,65.76626625969082,62.86384318897781,57.71291035698623,61.4233955939172,62.32072112701296,59.94247359660273,57.71291035698623,61.811221823718114,True,True,True,True,True,True,True,,False,True,False,2,Tier_2_Good,1
CHN,China,2021,73.05323517,12887.4357242941,12220.0,61.182,64.721076965332,9.464085732812169,9.410911062438,68.34197293297922,65.20839223120316,60.146522234237096,64.05780540584782,64.38740292568939,62.00239535210852,60.146522234237096,64.20856260640929,True,True,True,True,True,True,True,,False,True,False,2,Tier_2_Good,1
CHN,China,2022,75.61131603,12970.6056414327,13170.0,60.097,65.2176361083984,9.470518066212144,9.485772721999046,70.3555542778909,64.56122286388863,60.79065749017745,65.26233005724325,65.78465127487057,63.197004086913076,60.79065749017745,65.12319605669751,True,True,True,True,True,True,True,,False,True,False,2,Tier_2_Good,1
CIV,Côte d'Ivoire,2018,37.5465361301281,2130.866193811442,2010.0,56.841,50.8718477756395,7.664753022439754,7.606387389772652,37.974305231368604,49.33162999316978,32.6485115703963,35.766180526490004,40.15583034481513,33.20661719052826,32.6485115703963,38.43489300525852,False,False,True,False,False,False,False,,False,True,False,0,Tier_4_Low,0
CIV,Côte d'Ivoire,2019,36.2889545655205,2141.76836170115,2120.0,56.176,51.3514799771241,7.6698538989646075,7.659642954564682,37.23603445688922,48.94341215536712,33.11056291817388,35.389902784241606,39.9721845142852,34.0564455706436,33.11056291817388,38.317185061756255,False,False,True,False,False,False,False,,False,True,False,0,Tier_4_Low,0
CIV,Côte d'Ivoire,2020,36.01660156,2179.7293483293506,2120.0,56.484,51.8357660823651,7.687414663283093,7.659642954564682,37.20840806621249,49.268270602901225,33.23841484146596,35.49243345919395,40.19693268447921,34.0564455706436,33.23841484146596,38.43994101893154,False,False,True,False,False,False,False,,False,True,False,0,Tier_4_Low,0
CIV,Côte d'Ivoire,2021,35.95069885,2455.9812764114795,2299.999999999998,57.846,52.3183461956059,7.8066887519839945,7.741099090035365,37.32876188346849,51.007829095841004,34.75671534258869,36.271890458918875,40.50539364330019,35.35628598972155,34.75671534258869,39.43629213487656,False,True,True,False,False,False,False,,False,True,False,0,Tier_4_Low,0
CIV,Côte d'Ivoire,2022,38.41328122,2333.3712830125896,2440.0,59.059,52.8492549676673,7.755497876036151,7.80016307039296,39.28555961451873,51.4110047507165,34.8552761336295,37.109482048702844,41.88725494830463,36.298802456244324,34.8552761336295,40.346963832505544,False,True,True,False,False,False,False,,False,True,False,0,Tier_4_Low,0
CMR,Cameroon,2018,29.70000076,1610.69641591017,1520.0,61.419,53.6339873660653,7.3850425777315545,7.327123292259293,33.28782092861465,50.223419035277246,28.38388176470707,31.550493819375532,38.849735706010534,28.750246170129934,28.38388176470707,35.377657049937476,False,True,True,False,False,False,False,,False,True,False,0,Tier_4_Low,0
CMR,Cameroon,2019,36.53919983,1555.22660476477,1560.0,60.035,53.9487914119331,7.350019327017141,7.353081920515432,38.31914594855472,49.083180609521335,28.336011499337417,34.23196979207324,41.88113509468972,29.164482299012988,28.336011499337417,37.00818420245489,False,True,True,False,False,False,False,,False,True,False,0,Tier_4_Low,0
CMR,Cameroon,2020,37.69749832,1555.6037066074896,1540.0,58.059,54.2557949164174,7.350261615742734,7.340186835320115,39.25946073049308,47.82103261663581,28.23488850466306,34.78086919672446,42.570939983229486,28.958708322044007,28.23488850466306,37.068845582315994,False,True,True,False,False,False,False,,False,True,False,0,Tier_4_Low,0
CMR,Cameroon,2021,38.89260101,1672.32657340872,1610.0,57.093,54.5548664463635,7.42256888421392,7.384610383176974,40.22350415072343,47.729584792196846,29.11577028962231,35.762803004717476,43.270364449440194,29.667599343322216,29.11577028962231,37.75081224827379,False,True,True,False,False,False,False,,False,True,False,0,Tier_4_Low,0
CMR,Cameroon,2022,40.12559891,1604.8772695489515,1659.9999999999982,57.098,54.8458745688318,7.381425471629487,7.415175109613294,41.21201566593019,47.433236510374655,29.060092937211724,36.0976654151207,43.97976576003374,30.155337517867565,29.060092937211724,38.07795132216261,False,True,True,False,False,False,False,,False,True,False,0,Tier_4_Low,0
COD,Democratic Republic of the Congo,2018,11.699999810000001,518.1696268753713,460.0,61.275,42.4946599159958,6.252230663823865,6.133398042996649,16.461131527772142,41.88382471904806,10.611928746589584,14.968408260363166,23.70181596552894,9.701314873555605,10.611928746589584,19.98218392234481,False,False,True,False,False,False,False,,False,True,False,0,Tier_4_Low,0
COD,Democratic Republic of the Congo,2019,13.02970028,504.00419142286046,460.0,61.038,42.8747090907476,6.224566729088164,6.133398042996649,17.55019306263577,41.53082353292849,10.410520243084832,15.44218649445897,24.51289924011397,9.701314873555605,10.410520243084832,20.261983093828704,False,False,True,False,False,False,False,,False,True,False,0,Tier_4_Low,0
COD,Democratic Republic of the Congo,2020,14.510499950000003,486.42557268225573,480.0,60.259,43.2528602500115,6.18913760736142,6.175867270105761,18.747334256699283,40.77460724646008,10.491429375712716,15.932433856298125,25.384799615754012,10.379019722238167,10.491429375712716,20.634237676824046,False,False,True,False,False,False,False,,False,True,False,0,Tier_4_Low,0
COD,Democratic Republic of the Congo,2021,16.159599299999996,595.7430744035682,530.0,60.48,43.6290681792218,6.3914866596276205,6.274762021241939,20.064917830710613,42.38917707141223,12.753699630354959,17.87636472252714,26.324559047185296,11.957137736537105,12.753699630354959,22.298295930173794,False,False,True,False,False,False,False,,False,True,False,0,Tier_4_Low,0
COD,Democratic Republic of the Congo,2022,17.99620056,687.7385875546843,610.0,61.434,44.003287663813,6.534861790536282,6.415096959171596,21.51674707822358,44.04323458935946,14.917249578348624,19.553451761405764,27.340042673604657,14.196539636415062,14.917249578348624,24.02614948915749,False,False,True,False,False,False,False,,False,True,False,0,Tier_4_Low,0
COG,Congo,2018,11.807100300000002,2694.4341319142695,2070.0,66.472,63.4434577481975,7.899314558278653,7.635786861395585,23.82158488828579,57.19965732766165,34.590819013728904,29.461370497667026,38.31261470719362,33.67576075220357,34.590819013728904,36.18800703674242,False,True,True,False,False,False,False,,False,True,False,0,Tier_4_Low,0
COG,Congo,2019,16.11639977,2488.424667249161,2180.0,66.513,63.5176376123385,7.819806905431242,7.687538766201629,26.948591638502574,56.647023230075064,34.4248768464392,30.787600542263426,40.13631927897401,34.50159440171893,34.4248768464392,37.2153231895461,False,True,True,False,False,False,False,,False,True,False,0,Tier_4_Low,0
COG,Congo,2020,21.998500819999997,1993.5866719310015,2230.0,63.276,63.5760904494257,7.598192125869338,7.7102051944325325,31.20200769120624,52.96305960147587,32.9922509569798,31.929278503445815,42.59587502717445,34.863295081482484,32.9922509569798,37.580021443551956,False,True,True,False,False,False,False,,False,True,False,0,Tier_4_Low,0
COG,Congo,2021,30.02739906,2516.1625514543193,2040.0,64.018,63.6179125824196,7.830887574478043,7.621195162809845,36.99459864868234,55.131815759729285,33.976209438350324,36.59603491582079,45.9266991729462,33.44291298088285,33.976209438350324,40.36562988066901,False,True,True,False,False,False,False,,False,True,False,0,Tier_4_Low,0
COG,Congo,2022,40.98669815000001,2620.8380426740205,2170.0,65.72,63.6422003342807,7.87163089379423,7.682943169878292,44.889975951461906,56.517102238541256,34.76551646079726,41.34579013738225,50.450406559295075,34.42825993997062,34.76551646079726,43.839739214437834,False,True,True,False,False,False,False,,False,True,False,0,Tier_4_Low,0
COL,Colombia,2018,64.1263768204459,6816.96818309544,6350.0,53.244,77.2804816598084,8.827316786083182,8.756367559802975,66.28429320065369,55.49497225898878,50.28804208788692,59.58903484276881,69.44957696182601,51.55748416336108,50.28804208788692,58.301687870728514,False,True,True,False,True,True,True,,False,True,False,1,,0
COL,Colombia,2019,65.0069007159493,6472.54544924705,6630.0,52.398,77.4595528518377,8.775479220289233,8.799510901368867,66.98022673951516,54.57643825257503,50.254867423749616,59.69071598554364,69.93619414840106,52.2459462277272,50.254867423749616,58.41134682749839,False,True,True,False,True,True,True,,False,True,False,1,,0
COL,Colombia,2020,69.79533474,5339.68711357943,5850.0,51.108,77.6382533537045,8.583109596631536,8.674367865788236,70.48838511844772,52.35075794941311,47.8558236754847,60.58085057400334,72.02961284390005,50.24896988120804,47.8558236754847,58.34214711827687,True,True,True,True,True,True,True,,False,True,False,2,Tier_2_Good,1
COL,Colombia,2021,73.02837449,6222.621643976139,6310.0,51.679,77.8339570326128,8.736107274160858,8.75004942158424,72.88310516502642,53.829893952552496,49.573576186198615,62.846867255086316,73.49522618265561,51.45666215182595,49.573576186198615,60.160024687273555,True,True,True,True,True,True,True,,False,True,False,2,Tier_2_Good,1
COL,Colombia,2022,72.79637855,6680.44506854481,6560.0,50.922,78.0464633137335,8.807089570761713,8.788898309344878,72.79003089849186,53.86248261025308,50.400332493888364,63.214150258295504,73.54758826866708,52.076595251471645,50.400332493888364,60.4539207479891,True,True,True,True,True,True,True,,False,True,False,2,Tier_2_Good,1
COM,Comoros,2018,39.48963708069624,1527.40527125285,1490.0,41.147,31.4073645195839,7.33198016443676,7.307202314764738,32.605352468950926,36.870484550484946,27.83861350674924,30.115486967697592,27.420259642494077,28.43235615993808,27.83861350674924,31.08189868103501,False,False,False,False,False,False,False,,False,False,False,0,Tier_4_Low,0
COM,Comoros,2019,16.38380051,1510.2321815159194,1530.0,43.318,31.7287584068243,7.3206806112993075,7.333676395657684,16.088822984402835,38.1768577961056,27.96757735435026,20.622298571602816,18.141872349338897,28.854817650453747,27.96757735435026,25.411370501048943,False,False,False,False,False,False,False,,False,False,False,0,Tier_4_Low,0
COM,Comoros,2020,22.420400620000002,1519.3466555620598,1520.0,44.892,32.0638072194881,7.326693650707715,7.327123292259293,20.549590886361223,39.22741609081142,27.95906981422869,23.217425472538263,20.857294247219404,28.750246170129934,27.95906981422869,27.25514498229852,False,False,False,False,False,False,False,,False,False,False,0,Tier_4_Low,0
COM,Comoros,2021,30.68120003,1554.9728919015306,1570.0,47.073,32.4124444313246,7.349856282929464,7.359467638255621,26.615743073605092,40.79108912076828,28.38577465721807,26.830251456998354,24.496827664682932,29.26638271419421,28.38577465721807,29.967943440446994,False,False,False,False,False,False,False,,False,False,False,0,Tier_4_Low,0
COM,Comoros,2022,31.374099729999998,1465.4796428619993,1590.0,47.033,32.7746035528748,7.290620006876902,7.372118028337787,27.240306737599685,40.33423152345128,28.05543694392584,26.85411889747005,25.03359797294261,29.468251956466574,28.05543694392584,30.026379107759563,False,False,False,False,False,False,False,,False,False,False,0,Tier_4_Low,0
CPV,Cabo Verde,2018,59.5,4294.965100357291,4039.999999999998,48.62,70.3970748844677,8.365431512402745,8.304247465078474,60.56170018437976,49.17453965333437,43.31790118436991,53.40083786797592,62.76068105894409,44.34275478779705,43.31790118436991,51.855235644325994,False,True,True,False,False,False,False,,False,True,False,0,Tier_4_Low,0
CPV,Cabo Verde,2019,61.9433977593088,4380.781173311279,4420.0,50.407,71.6254285086577,8.385210581279843,8.394121193826242,62.747175870149796,50.461563660875605,44.17898586803492,54.8055561806671,64.61962160722221,45.77691937913889,44.17898586803492,53.34406288342412,False,True,True,False,False,False,False,,False,True,False,0,Tier_4_Low,0
CPV,Cabo Verde,2020,69.37339783,3539.2266124829894,3510.0,46.76,72.8838521558784,8.171946018904661,8.163656176168432,68.53174793763354,46.576145214157926,40.78747515267827,56.910549080870396,68.55012380462277,42.09926215412907,40.78747515267827,53.40102831937176,True,True,False,False,False,False,False,,False,True,False,0,Tier_4_Low,0
CPV,Cabo Verde,2021,70.28250122,3971.4440920342313,3870.0,47.643,74.1607930892827,8.287136824563373,8.261268150577648,69.62995099885656,47.97959166075927,42.40495094077623,58.25129707458365,69.81189800050512,43.656910193652955,42.40495094077623,54.776654343934226,True,True,False,False,False,False,False,,False,True,False,0,Tier_4_Low,0
CPV,Cabo Verde,2022,73.32740021,4323.31362032709,4550.0,49.927,75.033738060849,8.372008706269316,8.423102268016642,72.12473429787543,50.05842366980708,44.31410251332656,60.20012321822853,71.67106178570613,46.2393863425334,44.31410251332656,56.93245107140872,True,True,True,True,False,True,False,,False,True,False,1,Tier_3_Moderate,0
CRI,Costa Rica,2018,73.4797284369906,12590.2493781614,12070.0,48.659,76.5544308439668,9.440757357870323,9.398561160701128,72.76306551673478,57.02844278418199,59.8781418739369,66.84009453871245,72.79111846677677,61.80532116786852,59.8781418739369,64.70964382184009,True,True,True,True,True,True,True,,False,True,False,2,Tier_2_Good,1
CRI,Costa Rica,2019,81.2025964435269,12884.6859951989,12240.0,52.726,77.0435864735963,9.46387236149845,9.412546252075513,78.49094653458206,59.798114197247415,60.15801558577377,70.26399813775329,76.30714660317759,62.02848897380338,60.15801558577377,67.48182674101187,True,True,True,True,True,True,True,,False,True,False,2,Tier_2_Good,1
CRI,Costa Rica,2020,80.53018608,12394.0493969492,11700.0,48.644,77.5211537281257,9.425052429693233,9.367429587218957,78.1730802066559,56.90450788462476,59.515409615427544,69.87206921940125,76.36270626942792,61.30853750279783,59.515409615427544,66.55735533160852,True,True,True,True,True,True,True,,False,True,False,2,Tier_2_Good,1
CRI,Costa Rica,2021,82.74901607,12838.1185358931,12630.0,50.251,77.9868940200009,9.46025192503488,9.443909388773974,79.9318024381847,58.18866730780802,60.38189626099311,71.09749209870364,77.59901376711692,62.528967820659545,60.38189626099311,67.83870550500409,True,True,True,True,True,True,True,,False,True,False,2,Tier_2_Good,1
CRI,Costa Rica,2022,82.59801121,13625.9008491328,13210.0,50.283,78.4405687613972,9.519801121663528,9.488805094878353,79.98086224137954,58.64268608467687,61.17365958279849,71.48738876929211,77.85237860168934,63.24539333115433,61.17365958279849,68.27568374319348,True,True,True,True,True,True,True,,False,True,False,2,Tier_2_Good,1
CSS,Caribbean small states,2018,65.96967789247985,13896.7409040963,13154.8751833425,53.0431264714438,50.095481721741,9.539481581025024,9.48462371983178,58.15928649498643,60.55143457616032,61.2835817874991,58.193984078897614,51.304500732397784,63.17866882646904,61.2835817874991,59.23871934962989,False,False,True,False,True,True,True,,False,True,False,1,,0
CSS,Caribbean small states,2019,69.89273235228484,13995.8548364074,13547.5001635225,52.7031573868595,50.0613448862219,9.546587928816455,9.514031131142433,60.97067040274209,60.3857176962853,61.56995499752371,59.84074929686206,52.89405077739599,63.64793908611441,61.56995499752371,60.35057380536076,True,False,True,False,True,True,True,,False,True,False,1,,0
CSS,Caribbean small states,2020,72.3896834878532,11957.223222537,11995.7818736733,48.7025489018963,50.1148273041796,9.38917445647995,9.392393715610313,62.78621253635728,56.6807464359322,59.453381613952786,59.96312823822196,53.95806701249466,61.70690384957614,59.453381613952786,59.458857734793234,True,False,True,False,True,True,True,,False,True,False,1,,0
CSS,Caribbean small states,2021,76.45929431916979,13995.2694921728,12957.4839445149,49.7816508942659,50.1235419064094,9.54654610824453,9.46950598347372,65.7179651020817,58.51672542866478,61.214394368277276,62.55530500691164,55.63768255176219,62.93742678067811,61.214394368277276,61.5494763872579,True,False,True,False,True,True,True,,False,True,False,1,,0
CSS,Caribbean small states,2022,79.90412600150324,17456.3084845676,14596.4032916497,51.431664446526,50.1314448681558,9.767513664278667,9.588598935141722,68.19980897788744,61.180890281020346,63.773374370619976,65.2607744614487,57.05980428639194,64.83785860586677,63.773374370619976,63.945317628701666,True,False,True,False,True,True,True,,False,True,False,1,,0
CUB,Cuba,2018,62.6789236230601,8911.46205998726,8710.0,44.767,77.0156326293945,9.095205807769565,9.072341873818893,65.15054236106286,52.0231933223269,54.75950807129466,60.49270987966921,68.67017442006308,56.599660328177315,54.75950807129466,58.95840573534572,False,True,False,False,True,True,True,,False,True,False,1,,0
CUB,Cuba,2019,67.9708086565152,9232.26115935183,9010.0,44.687,77.0728225708008,9.130567586800073,9.106201332235038,68.97876642354612,52.229475796777116,55.28711808525144,62.88812255604463,70.88613606309977,57.13997435563613,55.28711808525144,60.60378958403287,False,True,False,False,True,True,True,,False,True,False,1,,0
CUB,Cuba,2020,71.11907507,9605.27914559614,9298.492334540895,42.291,77.1080322265625,9.170172241306625,9.13771508996761,71.25667897635543,50.985261993017744,55.82690272334695,64.42162748603552,72.20528827129259,57.64285674529444,55.82690272334695,61.3949250737914,True,True,False,False,True,True,True,,False,True,False,1,,0
CUB,Cuba,2021,67.64354869,9795.383239751234,10675.344043470923,42.429,77.0987701416016,9.189768539372064,9.275785735882929,68.75227292216381,51.21620286697882,57.071209112868246,63.104369000343986,70.76959881550687,59.8461260903461,57.071209112868246,61.071120472773465,False,True,False,False,True,True,True,,False,True,False,1,,0
CUB,Cuba,2022,67.88410187,8803.553074985724,8915.251920681505,41.921,77.1056060791016,9.083024261548456,9.095630949005823,68.92776531668288,50.11411358039339,54.85663808397821,62.58315156137116,70.87327544956783,56.97129692836703,54.85663808397821,60.011695960174556,False,True,False,False,True,True,True,,False,True,False,1,,0
CUW,Curacao,2018,80.56696978036902,19119.1244887029,18820.0,48.07365148770488,91.3601331655991,9.85849669749962,9.842728546690564,83.01102198436695,59.69540518034624,66.46342347030973,75.61941079871393,86.0007732012182,68.8931447898603,66.46342347030973,72.35902527871767,True,True,True,True,True,True,True,,False,True,False,2,Tier_2_Good,1
CUW,Curacao,2019,82.60915121394903,19220.6865793075,19140.0,49.36038317613189,91.3714918191305,9.863794429939064,9.859587910246109,84.48464066467166,60.55700976916791,66.63651092137233,76.49271102366464,86.84848262182135,69.1621789401155,66.63651092137233,73.14202710890473,True,True,True,True,True,True,True,,False,True,False,2,Tier_2_Good,1
CUW,Curacao,2020,85.14509428549027,16299.8134349902,16190.0,44.8262167098125,91.3820881678218,9.69897028953682,9.692210811286753,86.31333318306261,56.45680428087937,64.10103717960264,76.57802147233195,87.89871275776147,66.4912503820858,64.10103717960264,71.99175190806011,True,True,False,False,True,True,True,,False,True,False,1,,0
CUW,Curacao,2021,86.47545837015291,17795.5826616182,17950.0,46.215830544544446,91.391865832772,9.78676173254629,9.79540110267107,87.27413806615911,57.98481465639813,65.56353883123437,77.63871218632215,88.45260047918316,68.13791469807269,65.56353883123437,73.2293048919858,True,True,False,False,True,True,True,,False,True,False,1,,0
CUW,Curacao,2022,89.94915102007215,20057.1404747175,20480.0,48.834988647226645,91.4007684350799,9.906390359049569,9.92725290608639,89.77709948099772,60.53107239126955,67.4865162760049,79.7660398500654,89.88728587932656,70.24194654806435,67.4865162760049,75.41164564525019,True,True,True,True,True,True,True,,False,True,False,2,Tier_2_Good,1
CYM,Cayman Islands,2018,93.41242539476515,83865.5540393356,57880.0,62.71756513607378,100.0,11.336982172206211,10.966144457721258,95.2592077769386,79.82629374754936,86.1910857575344,91.51579997837996,97.29097587253634,86.82011125045975,86.1910857575344,88.89052084326572,True,True,True,True,True,True,True,,False,True,False,2,Tier_2_Good,1
CYM,Cayman Islands,2019,92.14205290796254,88254.2902486867,64520.0,64.1680670707562,100.0,11.3879889191596,11.074746031189092,94.34497570113953,81.1254374634422,87.42895020278799,91.29046715568144,96.76855754350831,88.55312637514315,87.42895020278799,89.32978407610364,True,True,True,True,True,True,True,,False,True,False,2,Tier_2_Good,1
CYM,Cayman Islands,2020,94.62466710143859,82338.7977439023,62420.0,61.586937715551755,100.0,11.31860983896798,11.041657036202691,96.13160564715037,78.96934816617363,86.65982307400489,91.90730457763361,97.7894889412288,88.02510705699774,86.65982307400489,89.26391687110956,True,True,True,True,True,True,True,,False,True,False,2,Tier_2_Good,1
CYM,Cayman Islands,2021,98.69476892898237,86449.6749037302,76260.0,63.05528580599341,100.0,11.367329297948865,11.241916946359936,99.06068171040351,80.26325414522705,88.61235609935983,93.86482567318893,99.46324669165915,91.22076474489522,88.61235609935983,91.42579399246058,True,True,True,True,True,True,True,,False,True,False,2,Tier_2_Good,1
CYM,Cayman Islands,2022,96.92967814387929,93030.7051447803,74060.0,63.31842333978386,100.0,11.440695629572168,11.212644356941933,97.7904222949937,80.96571205023369,88.91294351369666,93.56628061454532,98.73738416856784,90.75364591244964,88.91294351369666,91.17471493177561,True,True,True,True,True,True,True,,False,True,False,2,Tier_2_Good,1
CYP,Cyprus,2018,84.4335825186889,29120.375,27120.0,59.627,66.8255530496405,10.279227719602462,10.208063614530875,77.26359036173226,70.14844251588794,72.44150078313665,73.97329766619713,70.5307188471669,74.7229976909513,72.44150078313665,73.37866270982634,True,True,True,True,True,True,True,,False,True,False,2,Tier_2_Good,1
CYP,Cyprus,2019,86.0636299618935,29227.173828125,28380.0,60.096,66.7677357070518,10.282888380208497,10.253475186175006,78.41656327393761,70.47508132511805,72.83048111552178,74.65154616828251,71.1608438584658,75.44765515199842,72.83048111552178,74.03278188026313,True,True,True,True,True,True,True,,False,True,False,2,Tier_2_Good,1
CYP,Cyprus,2020,90.80194644,28130.341796875,26780.0,59.05,66.7180443478713,10.24463960019966,10.195447959847472,81.80924803575253,69.52755476171762,72.08902297094289,76.36580024737587,73.07484021671672,74.52168274056896,72.08902297094289,74.77631102448355,True,True,True,True,True,True,True,,False,True,False,2,Tier_2_Good,1
CYP,Cyprus,2021,90.75951564,32937.83984375,29570.0,59.534,66.6718365394971,10.402407782824497,10.294549430333548,81.76264711642935,70.9857746919538,74.02836959463957,77.25655172055419,73.0252606775644,76.10309948939356,74.02836959463957,75.78340030490922,True,True,True,True,True,True,True,,False,True,False,2,Tier_2_Good,1
CYP,Cyprus,2022,89.60099194,33231.04296875,31810.0,61.219,66.6694829407584,10.411269839108257,10.367567420904209,80.92808948186156,72.1280744848662,74.67548433499431,76.8312001864579,72.54720161788885,77.26828778264074,74.67548433499431,75.99117730988596,True,True,True,True,True,True,True,,False,True,False,2,Tier_2_Good,1
CZE,Czechia,2018,80.6881675434288,23705.9329811299,20700.0,52.559,72.8498744351241,10.07352281519378,9.937937287265354,76.6626845967093,64.12988288565677,68.78857981154461,72.63128487997726,73.17949730788953,70.41244310340674,68.78857981154461,70.81111520832218,True,True,True,True,True,True,True,,False,True,False,2,Tier_2_Good,1
CZE,Czechia,2019,80.8669444139622,24062.7190013343,22440.0,52.3,72.7876426709563,10.088460549542686,10.018644921923576,76.76970612804007,64.0729731457426,69.54128273850668,72.77738329705097,73.2097432658767,71.70033928275214,69.54128273850668,71.16108843035319,True,True,True,True,True,True,True,,False,True,False,2,Tier_2_Good,1
CZE,Czechia,2020,81.33889705,23472.8915454417,22190.0,51.463,72.7254901604208,10.063644084450099,10.007442080255977,77.08774111878101,63.35692414529226,69.27122040653813,72.81251768859099,73.36060770713195,71.52156936782882,69.27122040653813,71.03059468674343,True,True,True,True,True,True,True,,False,True,False,2,Tier_2_Good,1
CZE,Czechia,2021,82.67062427,27696.4619527544,25500.0,51.555,72.6810594374316,10.229096061723133,10.146472946063877,78.03068007846862,64.62035070686787,71.58509691484943,74.31353313004034,73.87736216818868,73.74016147058767,71.58509691484943,72.52112006658476,True,True,True,True,True,True,True,,False,True,False,2,Tier_2_Good,1
CZE,Czechia,2022,84.54009378,28282.2236715857,27210.0,52.191,72.6967638379524,10.250024104729906,10.211376582296397,79.38151637374708,65.17952393188871,72.2553159958187,75.207853623494,74.65706866665639,74.77586454234124,72.2553159958187,73.40919156201835,True,True,True,True,True,True,True,,False,True,False,2,Tier_2_Good,1
DEU,Germany,2018,87.037112092841,48916.1686612154,48770.0,55.211,81.1423036204018,10.797883711209074,10.794891152902334,84.11481719428267,71.09992743788675,80.89976385283187,81.38321795712552,81.55653321191788,84.0873279405465,80.89976385283187,80.176338660315,True,True,True,True,True,True,True,,False,True,False,2,Tier_2_Good,1
DEU,Germany,2019,88.1345169091916,47656.199739747,50350.0,55.709,81.3053991689039,10.771788993990526,10.82677375892267,84.96127620636052,71.22848021505992,80.96416425951465,81.72032223213562,82.12123018992175,84.59609624549127,80.96416425951465,80.57082102623565,True,True,True,True,True,True,True,,False,True,False,2,Tier_2_Good,1
DEU,Germany,2020,89.81294133,47394.8734504469,48540.0,55.113,81.4700055002738,10.76629044588595,10.790164080634103,86.22639513328497,70.80722737473067,80.63203143584437,82.41667182713029,82.92591177891977,84.01189544472965,80.63203143584437,80.81150002230645,True,True,True,True,True,True,True,,False,True,False,2,Tier_2_Good,1
DEU,Germany,2021,91.43060973,52349.2459994422,52850.0,55.018,81.6325870653934,10.865711915417387,10.87523191259525,87.44708662152966,71.47030479279505,82.0346109779037,83.69866714297075,83.70420060147234,85.36936969399879,82.0346109779037,81.94170910226154,True,True,True,True,True,True,True,,False,True,False,2,Tier_2_Good,1
DEU,Germany,2022,91.62984383,50506.5179638543,55200.0,55.538,81.7867852780995,10.8298774747547,10.918736348043124,87.64407767376032,71.54201897614753,82.1208288628689,83.60762387085215,83.89335391223597,86.06359393232724,82.1208288628689,82.10608760092835,True,True,True,True,True,True,True,,False,True,False,2,Tier_2_Good,1
DJI,Djibouti,2018,57.06169891,2718.08338799203,2600.0,18.340000000000003,71.5153442785902,7.908050112787439,7.8636512654486515,59.1957550115394,26.476510085787105,36.472497506339195,49.993337372990155,62.53556174762169,37.311918553525835,36.472497506339195,44.196446914040834,False,True,False,False,False,False,False,,False,True,False,0,Tier_4_Low,0
DJI,Djibouti,2019,58.4762001,2837.1690234093203,2780.0,18.531,71.7418146554518,7.950914413173208,7.930565854233965,60.29244841153117,26.910755155707754,37.31846942059425,50.87717853771625,63.27472674304646,38.37971150278053,37.31846942059425,45.03804216752722,False,True,False,False,False,False,False,,False,True,False,0,Tier_4_Low,0
DJI,Djibouti,2020,59.92570114,2844.888106478529,2780.0,18.264,71.9990170519895,7.953630461811732,7.930565854233965,61.42501444971522,26.759747838473068,37.33824373314081,51.5486950475088,64.04965433390362,38.37971150278053,37.33824373314081,45.44057020182792,False,True,False,False,False,False,False,,False,True,False,0,Tier_4_Low,0
DJI,Djibouti,2021,61.41120148,3025.9112641354895,2990.0,18.537,72.2882954556515,8.015297993803625,8.003363058629947,62.59463965810774,27.38334045878794,38.36804947756647,52.585809435182526,64.86169006866531,39.541376589431174,38.36804947756647,46.41622798500404,False,True,False,False,False,False,False,,False,True,False,0,Tier_4_Low,0
DJI,Djibouti,2022,63.77600098,3133.257797724629,3310.0,18.678000000000004,72.6109938538856,8.050147677900714,8.105005537547246,64.40867770496267,27.727253180827713,39.43275665788813,53.836067506314215,66.05856071651078,41.163341609359414,39.43275665788813,47.61160621009668,False,True,False,False,False,False,False,,False,True,False,0,Tier_4_Low,0
DMA,Dominica,2018,65.61621912231891,9215.3085405645,8880.0,50.32975906046164,71.0362526779762,9.12872986116916,9.091669442258505,65.18550455084274,55.82538300330383,55.157791756107244,60.50995817815182,65.72032109165605,56.90808098323461,55.157791756107244,59.56473670270252,False,True,True,False,True,True,True,,False,True,False,1,,0
DMA,Dominica,2019,73.38200378,9491.14995962374,9350.0,48.58834828036463,71.4382284948964,9.158220415958434,9.143238568435446,70.9139605643055,54.92622897995919,55.78395752303607,63.968437641025545,69.19337742546067,57.730997933492404,55.78395752303607,61.749006617825096,True,True,True,True,True,True,True,,False,True,False,2,Tier_2_Good,1
DMA,Dominica,2020,75.65670013,7827.74842680426,8230.0,46.14026565732583,71.846576780589,8.965557932888526,9.015662792972645,72.69293361824978,51.95767029193236,53.36337131371822,63.87636466897591,70.4127514244631,55.69520101674023,53.36337131371822,60.904042002396395,True,True,False,False,True,True,True,,False,True,False,1,,0
DMA,Dominica,2021,78.07949829,8376.40414141113,8660.0,49.815381686156975,72.2613620044042,9.033293377159982,9.066585468331045,74.58072709637054,54.80154144103627,54.26282280847376,65.36335886103237,71.69750561419637,56.507802195226745,54.26282280847376,62.52806243146388,True,True,True,True,True,True,True,,False,True,False,2,Tier_2_Good,1
DMA,Dominica,2022,80.57980347,9323.66089490562,9740.0,45.05017166437315,72.682648635692,9.140417878693214,9.184099060770956,76.52655939922215,52.53348734634896,55.980362051995826,67.11315239228254,73.01865395839883,58.38303131531464,55.980362051995826,63.48491159867389,True,True,False,False,True,True,True,,False,True,False,1,,0
DNK,Denmark,2018,97.3192043651002,61324.76650455649,61089.999999999985,57.649,88.1059762310689,11.023955368103717,11.020119834801047,93.93549018883414,74.30527393333244,84.34273764080439,88.54235148116007,90.62705544738051,87.68142607171757,84.34273764080439,86.11569504410193,True,True,True,True,True,True,True,,False,True,False,2,Tier_2_Good,1
DNK,Denmark,2019,98.0464347521549,59404.26632477231,63020.0,58.06,88.2096490810669,10.99213816008699,11.05122328316379,94.49489089204894,74.33651591572276,84.35925847553902,88.68012455847351,90.99820510684154,88.17776092876646,84.35925847553902,86.36644958444968,True,True,True,True,True,True,True,,False,True,False,2,Tier_2_Good,1
DNK,Denmark,2020,96.54914573,60985.4885601514,62710.0,57.886,88.2394485473632,11.018407619607007,11.046292149829952,93.42771734632655,74.41647598702124,84.51117003508486,88.22430259336409,90.40319241761391,88.09907211813056,84.51117003508486,86.04067375566797,True,True,True,True,True,True,True,,False,True,False,2,Tier_2_Good,1
DNK,Denmark,2021,98.8658506,69340.7334922138,69810.0,58.161,88.2616449318149,11.146802218814232,11.15354686945718,95.10266666828024,75.52715724212273,86.30171392588379,89.92997751483833,91.37133079118775,89.81059475424337,86.30171392588379,87.56771690299249,True,True,True,True,True,True,True,,False,True,False,2,Tier_2_Good,1
DNK,Denmark,2022,97.86011812,67781.0940939514,72040.0,59.551,88.3880239837703,11.124053340138957,11.184990680370673,94.42282341130215,76.25062090758507,86.38697281083819,89.41318093148666,91.04561873572531,90.31236096398348,86.38697281083819,87.52968930017164,True,True,True,True,True,True,True,,False,True,False,2,Tier_2_Good,1
DOM,Dominican Republic,2018,74.8220483597284,7882.98221584944,7600.0,50.285,73.7589255716938,8.972588412543207,8.936035096566041,72.75714715256514,54.659958954816275,52.779225527664835,64.01732824231752,71.39926812364587,54.42453800689705,52.779225527664835,61.30019839830679,True,True,True,True,True,True,True,,False,True,False,2,Tier_2_Good,1
DOM,Dominican Republic,2019,79.71549988,8183.016236003751,7940.0,52.542,73.5403464672933,9.009938291500921,8.97979449089521,76.20275780438236,56.37553486320701,53.40029935638092,66.19655299975848,73.25962487188875,55.1228307645236,53.40029935638092,63.1337721264493,True,True,True,True,True,True,True,,False,True,False,2,Tier_2_Good,1
DOM,Dominican Republic,2020,81.61730194,7135.22273255899,7080.0,47.412,73.2643793773663,8.872938886295024,8.865170419651774,77.47545548806548,52.0967946533809,51.488309392599135,66.11672682188242,73.84981366667742,53.29371132569245,51.488309392599135,61.98632533226756,True,True,False,False,True,True,True,,False,True,False,1,,0
DOM,Dominican Republic,2021,85.24298638,8527.0754858205,8160.0,51.06,72.9243347395035,9.051118997893246,9.007121989469242,79.96647850698585,55.727418832090535,53.91815728854031,68.56670757699416,75.10436240273262,55.558910711031814,53.91815728854031,64.53964078437552,True,True,True,True,True,True,True,,False,True,False,2,Tier_2_Good,1
DOM,Dominican Republic,2022,81.51269675,10104.2449349081,9150.0,50.478,72.4203155643711,9.220809868525466,9.121618441915379,77.1067155948447,56.590595165054246,56.067140674228426,67.90422182266853,73.21987648906746,57.38599366642306,56.067140674228426,64.46259229809505,True,True,True,True,True,True,True,,False,True,False,2,Tier_2_Good,1
DZA,Algeria,2018,49.0384680793271,4577.2102918049095,4450.0,14.801000000000002,71.905249845153,8.429063434757849,8.400884069015854,53.55734366362445,28.006114544859223,44.55221797445307,49.81890702977834,59.50727026509723,45.88483830347579,44.55221797445307,45.649714878326364,False,True,False,False,False,False,False,,False,True,False,0,Tier_4_Low,0
DZA,Algeria,2019,55.79069901,4468.45341883656,4479.999999999998,14.677,72.4824561380175,8.405021402465891,8.407601514786142,58.61731223657425,27.751761147742293,44.430775883326035,52.58939878873866,62.68536705185182,45.992032285546394,44.430775883326035,47.43905407213722,False,True,False,False,False,False,False,,False,True,False,0,Tier_4_Low,0
DZA,Algeria,2020,63.47269821,3743.5419522929005,4019.999999999998,13.205999999999996,73.0541126293395,8.228054579336876,8.299285906897273,64.34446524860856,25.522448302242545,42.27813517333749,54.85025445750303,66.2419556203112,44.263580471114025,42.27813517333749,48.295718820827844,False,True,False,False,False,False,False,,False,True,False,0,Tier_4_Low,0
DZA,Algeria,2021,72.21240234,4160.55926736925,4120.0,13.433,73.6199218261573,8.333645106913224,8.323851131338817,70.83076974424756,26.436401187201472,43.24289209977282,59.19045441553435,70.22944080887382,44.65558128785216,43.24289209977282,51.21324334967143,True,True,False,False,False,False,False,,False,True,False,0,Tier_4_Low,0
DZA,Algeria,2022,74.78150177,4960.30334332888,4430.0,14.330999999999996,74.1795862354514,8.5094237560332,8.39638057119949,72.87422081387754,28.29055458826409,45.10135245922601,61.4004837064484,71.67510062497564,45.812973508330366,45.10135245922601,53.04086001990415,True,True,False,False,False,False,False,,False,True,False,0,Tier_4_Low,0
EAP,East Asia & Pacific (excluding high income),2018,59.1,8045.94630458507,7773.362178445279,60.0630901986516,57.6502705350874,8.993047957399261,8.958586698755735,55.84208956966667,61.063290785366306,53.108116319886435,53.93735777078082,53.73269223139626,54.78440634427577,53.108116319886435,55.69565526410682,False,True,True,False,True,True,True,,False,True,False,1,,0
EAP,East Asia & Pacific (excluding high income),2019,64.0,8286.398117929202,8375.14344999575,59.8804331153185,58.6555692756585,9.022491340956012,9.033142878716488,59.71792487080468,61.16082140752777,53.91734719371986,56.3568992643121,56.44676591066231,55.9741403728428,53.91734719371986,57.51876285241841,False,True,True,False,True,True,True,,False,True,False,1,,0
EAP,East Asia & Pacific (excluding high income),2020,72.2,8391.27634645494,8460.4731989943,58.3387327461085,59.3705245555409,9.03506707928312,9.043278574437144,65.8676820678841,60.26625939700457,54.08977585387433,59.96796635621244,60.31601606631466,56.135881252115496,54.08977585387433,59.684602727304785,True,True,True,True,True,True,True,,False,True,False,2,Tier_2_Good,1
EAP,East Asia & Pacific (excluding high income),2021,77.6,9974.57829690175,9496.8155410502,59.1581022772559,60.3526131684329,9.207895214704342,9.15881710810033,70.09527613455168,62.04863692183693,56.26991476694505,63.42287956168694,63.219566774291884,57.979593271456984,56.26991476694505,62.463229070485156,True,True,True,True,True,True,True,,False,True,False,2,Tier_2_Good,1
EAP,East Asia & Pacific (excluding high income),2022,81.6,10106.9935977814,10236.2417528447,58.8626535061629,60.8593968560328,9.221081835126542,9.2337875022358,73.15009907487388,61.95566433457279,56.964092477793315,65.26207787374194,65.21688863615262,59.17593714375574,56.964092477793315,63.885171120446394,True,True,True,True,True,True,True,,False,True,False,2,Tier_2_Good,1
EAR,Early-demographic dividend,2018,63.792411506759336,3463.5088226337393,3457.8694192882795,34.5762697110517,45.4349772935468,8.15032614764631,8.148697057223796,54.972060269993285,38.62564222264684,40.51071527114356,48.12734749245246,47.168454495733684,41.860551253769316,40.51071527114356,45.311457654009125,False,False,False,False,False,False,False,,False,True,False,0,Tier_4_Low,0
EAR,Early-demographic dividend,2019,54.36791362610651,3483.3154546961505,3526.594102387231,34.694704017229,45.7649596058874,8.156026877701375,8.168371360164128,48.30438386621357,38.742900962056204,40.70919653332052,44.36137657428177,43.522248938070334,42.17450494223312,40.70919653332052,43.00778833775329,False,False,False,False,False,False,False,,False,True,False,0,Tier_4_Low,0
EAR,Early-demographic dividend,2020,64.94567054420136,3187.0378123480077,3253.2759009742203,33.4757918212212,46.0812452315672,8.067160900676658,8.087725072437342,56.02670221074045,37.31625355154965,39.41874523085221,48.26700859103453,48.09209466733997,40.88758770966203,39.41874523085221,45.04928166751175,False,False,False,False,False,False,False,,False,True,False,0,Tier_4_Low,0
EAR,Early-demographic dividend,2021,71.29789889189092,3698.983631878473,3580.8383061823406,34.6112771644715,46.3752600779412,8.216083674805901,8.183631440949174,60.700347596676785,39.12678468739244,41.268199464758176,51.81478958328592,50.908780137462074,42.41801845644761,41.268199464758176,47.83165252055679,True,False,False,False,False,False,False,,False,True,False,0,Tier_4_Low,0
EAR,Early-demographic dividend,2022,69.72601607042886,4043.8277633156795,3940.96218488892,35.8064016592473,46.6969243405166,8.305194248441577,8.279433894792204,59.68096627884283,40.53999752963247,42.68135920900289,51.76195568221055,50.48604037214716,43.94679097962776,42.68135920900289,48.31805958128647,True,False,False,False,False,False,False,,False,True,False,0,Tier_4_Low,0
EAS,East Asia & Pacific,2018,62.5,11438.8584591418,11222.8950475087,59.3268263968999,60.8515259788814,9.34485889240461,9.325800271017686,59.401919533189414,63.15372832443258,58.59940604743768,58.12664614178112,57.35687674247564,60.644235575087734,58.59940604743768,59.74385290597775,False,True,True,False,True,True,True,,False,True,False,1,,0
EAS,East Asia & Pacific,2019,67.1,11622.8915284736,11831.876376215,59.2434950535024,61.7435560127223,9.360817873519862,9.37863706995527,63.02247710145905,63.21661703589591,59.137169068454654,60.31802506824513,59.868819257413705,61.487381477810864,59.137169068454654,61.35065753000458,False,True,True,False,True,True,True,,False,True,False,1,,0
EAS,East Asia & Pacific,2020,73.9,11639.4853357389,11799.1658797303,57.8451867787979,62.3741418144863,9.36224441592641,9.375868867959213,68.13538173755403,62.33260092095222,59.125468211723586,63.26887357437641,63.103677697671436,61.4432077538568,59.125468211723586,63.063308574100304,True,True,True,True,True,True,True,,False,True,False,2,Tier_2_Good,1
EAS,East Asia & Pacific,2021,78.8,13336.4841670883,13027.5521317931,58.6332731427544,63.2351929830371,9.498333708511895,9.474898545893641,71.9610657331823,63.82748997004794,60.90640789856869,66.27613307985658,65.717448765918,63.023478869391994,60.90640789856869,65.484072473464,True,True,True,True,True,True,True,,False,True,False,2,Tier_2_Good,1
EAS,East Asia & Pacific,2022,82.4,13139.2109813612,13729.5796461197,58.4578606544759,63.6828244393002,9.483432348329881,9.527380715359573,74.7074602274852,63.60680059082991,61.21666132747275,67.77353129075463,67.5091461376185,63.86096575430897,61.21666132747275,66.61675482517369,True,True,True,True,True,True,True,,False,True,False,2,Tier_2_Good,1
ECA,Europe & Central Asia (excluding high income),2018,65.8,5996.28775888893,6134.91023279119,44.1969735256302,67.4464992918229,8.699062605824048,8.721913713342815,64.06969541370316,48.77444824495773,49.079382339091765,57.25092010771559,63.29976118800661,51.00768515849987,49.079382339091765,55.19799573261248,False,True,False,False,True,True,True,,False,True,False,1,,0
ECA,Europe & Central Asia (excluding high income),2019,70.3,6069.274072823151,6112.38166718514,44.1077865357059,67.7517086172661,8.711159035064394,8.718235363411823,67.41426429611523,48.805470019830025,49.13810220062349,59.242663266148455,65.36253443169915,50.94898770264602,49.13810220062349,56.45460416820005,True,True,False,False,True,True,True,,False,True,False,1,,0
ECA,Europe & Central Asia (excluding high income),2020,74.5,5776.193438177179,5906.65951108059,42.5272725421191,67.9547177892126,8.661673279412682,8.684005010149022,70.50740370727601,47.4342401309083,48.50470266192019,60.72866693496991,67.23087303429786,50.402755101833286,48.50470266192019,57.07610412559082,True,True,False,False,True,True,True,,False,True,False,1,,0
ECA,Europe & Central Asia (excluding high income),2021,79.1,6673.974290356511,6472.2697759003,43.087070587688,68.150425455559,8.80612063162905,8.775436634781988,73.88586724722765,48.84395998774747,50.28587041177869,63.50702206909443,69.25862749259994,51.861779895891516,50.28587041177869,59.274469358059676,True,True,False,False,True,True,True,,False,True,False,1,,0
ECA,Europe & Central Asia (excluding high income),2022,82.0,7266.022431541991,6931.460384910779,43.3115733807368,68.1628939259503,8.891101917379725,8.843970063071987,75.97720666487525,49.60626908134073,51.45139326232486,65.19745403523876,70.45987141427698,52.955405558766024,51.45139326232486,60.63967689889634,True,True,False,False,True,True,True,,False,True,False,1,,0
ECS,Europe & Central Asia,2018,78.1,25408.6379771601,24586.4515084109,50.5906111217756,73.1803655864529,10.142883828954162,10.109991490490424,74.91499605670236,63.37582514900541,70.66634759125546,72.04753766153594,72.34496611624526,73.15800679031514,70.66634759125546,70.82555199860018,True,True,True,True,True,True,True,,False,True,False,2,Tier_2_Good,1
ECS,Europe & Central Asia,2019,80.3,25020.8648271756,25510.859792316296,50.5703938826072,73.3626712556912,10.127505314703678,10.146898712920493,76.5616239665487,63.25092960962263,70.84885807460402,72.90493322348529,73.37644372560692,73.74695566682757,70.84885807460402,71.5056396938047,True,True,True,True,True,True,True,,False,True,False,2,Tier_2_Good,1
ECS,Europe & Central Asia,2020,83.4,24167.3551199699,24201.0002287553,49.8192034299814,73.4956350117713,10.092799416767306,10.094190562809915,78.83878794912381,62.5177666505384,70.17563375449936,74.00843020782723,74.74372057619982,72.90586268429571,70.17563375449936,71.92296010284574,True,True,True,True,True,True,True,,False,True,False,2,Tier_2_Good,1
ECS,Europe & Central Asia,2021,86.3,27664.8914080918,26945.8353959856,50.3583974435498,73.6225864414212,10.227955576323746,10.201621144432476,80.96993025416162,63.84666257784873,72.01680864860018,76.01763774709094,76.0245702726573,74.62019164713138,72.01680864860018,73.68225720794815,True,True,True,True,True,True,True,,False,True,False,2,Tier_2_Good,1
ECS,Europe & Central Asia,2022,87.9,27913.5882331645,28745.4204171862,51.0950096408625,73.7292682667978,10.236904706898233,10.266268531245522,82.15847160591733,64.38297753769396,72.59777016987945,76.75246030799983,76.75672336865523,75.65180560575834,72.59777016987945,74.48175487972934,True,True,True,True,True,True,True,,False,True,False,2,Tier_2_Good,1
ECU,Ecuador,2018,57.5,6303.918866583379,6120.0,54.481,63.0433276812321,8.74908538020891,8.71948076085107,56.565671143250626,55.71662929444931,49.4241633846071,53.10846317160901,56.824784986077645,50.96886119553879,49.4241633846071,53.73099542617683,False,True,True,False,True,True,True,,False,True,False,1,,0
ECU,Ecuador,2019,59.2,6205.05765246766,6100.0,54.402,63.0627139714638,8.733281134760158,8.716207971151853,57.795827671448926,55.55103489047015,49.282987020904784,53.72000086872295,57.53736033449118,50.916635487682626,49.282987020904784,54.09731032027214,False,True,True,False,True,True,True,,False,True,False,1,,0
ECU,Ecuador,2020,70.7,5463.64515348598,5410.0,48.241,63.0773897782521,8.606054467758902,8.596189197642735,66.07698217352072,50.683985383528146,47.399104793254494,57.71155158741403,62.27673778463174,49.00142981344017,47.399104793254494,55.40479073694802,True,True,True,True,True,True,True,,False,True,False,2,Tier_2_Good,1
ECU,Ecuador,2021,69.1147995,6061.323501817109,6100.0,53.63,63.0871268249117,8.709848421719611,8.716207971151853,64.93956733742532,54.88663641038633,49.11238411457048,57.666463852218534,61.63162263512539,50.916635487682626,49.11238411457048,56.51178734257887,True,True,True,True,True,True,True,,False,True,False,2,Tier_2_Good,1
ECU,Ecuador,2022,69.71811356,6515.58528418336,6550.0,54.244,63.0901835932266,8.782105788306811,8.787372988731876,65.37480910747054,55.805443157167026,50.20626676732816,58.336133019738064,61.88185045026387,52.05225487031587,50.20626676732816,57.28338143416486,True,True,True,True,True,True,True,,False,True,False,2,Tier_2_Good,1
EGY,Egypt,2018,46.92433676792,2484.7031563050805,2710.0,18.415,42.4577177449969,7.818310858788753,7.905072849498666,41.79771786116667,25.871131835788983,36.149640404102655,38.56676740881004,38.161516902872165,37.972905584881154,36.149640404102655,36.131184923131464,False,False,False,False,False,False,False,,False,True,False,0,Tier_4_Low,0
EGY,Egypt,2019,57.2828663990195,2962.988920230029,2640.0,15.859000000000002,42.4812027332648,7.9942912482949655,7.878912912297133,49.26046829471401,25.51746656625052,37.2221491698422,43.85696028438729,42.43761021965366,37.555457058277135,37.2221491698422,39.10915043562096,False,False,False,False,False,False,False,,False,True,False,0,Tier_4_Low,0
EGY,Egypt,2020,71.91420096,3511.1138102637924,2960.0,14.609000000000002,42.5181534630674,8.1639733603415,7.993282328101591,59.80285314246189,25.953305241703546,39.370055191427866,50.87070621976306,48.480182779654555,39.38051282000639,39.370055191427866,43.85702831375555,True,False,False,False,False,False,False,,False,True,False,0,Tier_4_Low,0
EGY,Egypt,2021,72.05599976,3827.354153743081,3470.0,15.590000000000003,42.5686062621468,8.25019026494524,8.152198015861787,59.9224407871303,27.20848981100379,41.265713767910114,51.44287740359041,48.57357741622269,41.916417979055076,41.265713767910114,44.93202388084767,True,False,False,False,False,False,False,,False,True,False,0,Tier_4_Low,0
EGY,Egypt,2022,72.19806556,4233.307837448559,4040.0,15.232999999999997,42.6325129008032,8.350975155109614,8.304247465078474,60.046898146696144,27.713910201522253,43.21265103408011,52.10312705604705,48.676436984957434,44.34275478779705,43.21265103408011,45.86990121837867,True,False,False,False,False,False,False,,False,True,False,0,Tier_4_Low,0
EMU,Euro area,2018,88.05418729995401,40107.5362854643,38911.9870716977,50.9085737927019,76.6346252265652,10.599344465589239,10.569083331772655,83.27955413340203,66.90248601730498,77.65262018412827,79.60028784480278,78.84037138937657,80.48398816568177,77.65262018412827,77.5060055228297,True,True,True,True,True,True,True,,False,True,False,2,Tier_2_Good,1
EMU,Euro area,2019,89.91871794552115,39220.5136743355,40351.7712342557,51.1086042152201,76.8077280588719,10.576980693455756,10.605415351246942,84.68155967528126,66.86761135628907,77.77968477253131,80.276909289034,79.72749393375409,81.06375821181172,77.77968477253131,78.09564952667094,True,True,True,True,True,True,True,,False,True,False,2,Tier_2_Good,1
EMU,Euro area,2020,90.08841769333199,38236.5543048506,38242.7568424279,50.3555893988266,76.9231896657797,10.551573408656925,10.551735606127073,84.84382837526084,66.20098044180253,77.16640727933444,80.22547432567781,79.87756624648719,80.20716095257002,77.16640727933444,77.77377515448283,True,True,True,True,True,True,True,,False,True,False,2,Tier_2_Good,1
EMU,Euro area,2021,91.85770736721167,42984.5697414154,42462.2156348894,51.0355798004986,77.0333277900748,10.6686197509447,10.656393465665403,86.1554018450884,67.48808485655597,78.8536099190482,81.66032063322785,80.68174008062199,81.877244061915,78.8536099190482,79.17180038992184,True,True,True,True,True,True,True,,False,True,False,2,Tier_2_Good,1
EMU,Euro area,2022,90.14484903946303,41608.7123275598,44622.0036307734,51.577774652787,77.1544577812445,10.636088888412107,10.706004781515928,84.96484576337706,67.59804741523465,79.01260507817773,80.7945398097435,80.06158502769287,82.66891915444826,79.01260507817773,78.8664765926241,True,True,True,True,True,True,True,,False,True,False,2,Tier_2_Good,1
ERI,Eritrea,2018,5.293000221,20204.51431880232,20306.095637127866,73.044,35.3451042175293,9.913710832214699,9.918725642730205,9.364568016207707,76.06921741408013,67.47177618642397,32.002548534935826,16.095603516945502,70.10587230994291,67.47177618642397,46.24333196965637,False,False,True,False,True,True,True,,False,False,False,1,,0
ERI,Eritrea,2019,11.223799710000002,18453.676198027446,19279.796984550332,72.929,35.23523330688481,9.823073069822636,9.866864904683114,13.594508231918404,75.33576753516203,66.39809875756694,33.88810539376547,18.458141651065752,69.2783019484557,66.39809875756694,47.22776015373244,False,False,True,False,True,True,True,,False,False,False,1,,0
ERI,Eritrea,2020,14.349399569999996,17420.885022064303,17932.325367814068,71.989,35.116138458252,9.765482454774022,9.79441601330773,15.802460795944164,74.31522283076248,65.40075429908242,34.810416292278475,19.660676934771075,68.12219508452272,65.40075429908242,47.42317717106637,False,False,True,False,True,True,True,,False,False,False,1,,0
ERI,Eritrea,2021,61.90098926870966,17567.0859635775,17433.213495396907,72.622,34.9871139526367,9.773839237488172,9.766189847418126,49.97842245194472,74.78095154307718,65.23638598826471,54.38393853047208,39.12571413443486,67.67177460868132,65.23638598826471,59.878035146026626,False,False,True,False,True,True,True,,False,False,False,1,,0
ERI,Eritrea,2022,56.853961736503585,17985.24754687127,18598.727044773143,72.851,34.8469276428223,9.797362719688502,9.830902184581417,46.29755595141577,75.09869092834123,65.92397494706162,52.41295541003689,36.9527342694153,68.70442501582124,65.92397494706162,58.88213237981494,False,False,True,False,True,True,True,,False,False,False,1,,0
ESP,Spain,2018,86.107235525659,30602.421288111305,29530.0,51.873,79.5580057813361,10.328867088491581,10.293195838031854,82.8948041988196,65.55014093122077,73.48215329968826,77.9018514676208,80.07249565642343,76.08149947148787,73.48215329968826,75.60985222042433,True,True,True,True,True,True,True,,False,True,False,2,Tier_2_Good,1
ESP,Spain,2019,90.718665325267,29786.5245689007,30560.0,52.039,79.6349761108307,10.301844946212388,10.327479965258176,86.24021124164484,65.45958386714128,73.55896274540461,79.65867254668626,82.02238636060827,76.62859017305476,73.55896274540461,76.87267517822556,True,True,True,True,True,True,True,,False,True,False,2,Tier_2_Good,1
ESP,Spain,2020,93.20564892,27233.9426461608,27410.0,50.922,79.6955674617799,10.21225608392831,10.21869967166673,88.05105176748363,64.09285971661038,72.03877353097049,80.17364031023584,83.08724681955047,74.8927231129213,72.03877353097049,76.65638929220637,True,True,True,True,True,True,True,,False,True,False,2,Tier_2_Good,1
ESP,Spain,2021,93.89752157,30799.4775937775,30380.0,52.177,79.7846242983598,10.335285475132922,10.321572692000395,88.57992541261707,65.79131827771738,73.75529519248906,81.19537941543156,83.43369298068373,76.53432456000262,73.75529519248906,77.8584085024318,True,True,True,True,True,True,True,,False,True,False,2,Tier_2_Good,1
ESP,Spain,2022,94.4855432,30319.4987196616,32690.0,52.281,79.9548794567814,10.319579288158684,10.394855089644995,89.0622926190088,65.74349037052521,74.22564939306625,81.3851756225872,83.79389352531386,77.70373214256192,74.22564939306625,78.2589637061701,True,True,True,True,True,True,True,,False,True,False,2,Tier_2_Good,1
EST,Estonia,2018,89.3570077747426,23618.1361254581,21600.0,57.281,69.2803532930133,10.06981251522384,9.980494888896912,81.66023955098335,67.12321016620162,69.10112435289963,75.34722644842822,74.26233724188016,71.09155819301992,69.10112435289963,73.1850951975439,True,True,True,True,True,True,True,,False,True,False,2,Tier_2_Good,1
EST,Estonia,2019,90.2289281997919,24021.2501413306,23490.0,57.34,69.5787397662154,10.086735769070403,10.064372648053766,82.39146451060816,67.28415892899531,69.89357665395701,75.87351783309788,74.8283823345302,72.4300417950686,69.89357665395701,73.84128627321002,True,True,True,True,True,True,True,,False,True,False,2,Tier_2_Good,1
EST,Estonia,2020,89.05828666,23933.9939421065,23580.0,57.133,69.8815778947665,10.083096848728875,10.068196582013169,81.65429379058295,67.1252618726451,69.89759364324604,75.44111031838415,74.55755522484779,72.4910624154503,69.89759364324604,73.5619970288545,True,True,True,True,True,True,True,,False,True,False,2,Tier_2_Good,1
EST,Estonia,2021,90.97970174,27951.165927774404,26490.0,57.777,70.1777274135822,10.23824996852445,10.184560331647974,83.14001688011146,68.66678377355122,71.9556330342075,77.20358035639757,75.55363105802053,74.34794286057314,71.9556330342075,75.2177846607891,True,True,True,True,True,True,True,,False,True,False,2,Tier_2_Good,1
EST,Estonia,2022,91.52016546,28340.3826549406,27580.0,60.138,70.4892333736738,10.252078300161156,10.224882408848067,83.63726812051343,70.27763169719998,72.37803161333393,77.57858070970204,75.99249305456522,74.9913844555249,72.37803161333393,75.91559709488106,True,True,True,True,True,True,True,,False,True,False,2,Tier_2_Good,1
ETH,Ethiopia,2018,15.886199949999998,739.7020222720857,730.0,64.059,20.7838096618652,6.607598415232994,6.594413459749778,11.925434005787608,46.25182968778068,16.877537882599988,13.72750959333769,10.326668075770495,17.057991802200984,16.877537882599988,20.56232585678395,False,False,True,False,False,False,False,,False,False,False,0,Tier_4_Low,0
ETH,Ethiopia,2019,15.984600069999999,793.473247210266,790.0,62.001,21.2486705780029,6.677679312924335,6.673297967767654,12.157868930372686,45.4456949953002,18.017166737427846,14.283903656621703,10.690374630708853,18.31679534558316,18.017166737427846,20.962005279301543,False,False,True,False,False,False,False,,False,False,False,0,Tier_4_Low,0
ETH,Ethiopia,2020,16.069599149999995,829.7909825479474,820.0,59.297,21.6260051727295,6.722378238004617,6.710523109452428,12.350228974140077,44.041563730098645,18.639610288077584,14.666663961348611,10.987708778679014,18.910817434750246,18.639610288077584,21.01229157905193,False,False,True,False,False,False,False,,False,False,False,0,Tier_4_Low,0
ETH,Ethiopia,2021,16.698103099999997,893.0098354490492,880.0,57.555,22.1067085266113,6.795716776733857,6.78105762593618,12.969664696360045,43.461270014463175,19.73633383592221,15.463699831200115,11.580427250747594,20.036375564115456,19.73633383592221,21.57680390056952,False,False,True,False,False,False,False,,False,False,False,0,Tier_4_Low,0
ETH,Ethiopia,2022,17.983699799999997,982.1031615069896,960.0,58.001,22.7367687225342,6.8907140602226455,6.8679744089702925,14.113909292857864,44.43817763043681,21.121455260652006,16.691721940213494,12.547218896773483,21.423354544043015,21.121455260652006,22.762706202567827,False,False,True,False,False,False,False,,False,False,False,0,Tier_4_Low,0
EUU,European Union,2018,87.72138086803713,36054.953230113,34873.6718769058,50.8024288337289,74.3251511986635,10.492827267223898,10.459516110531903,82.23710087627975,66.0590891644789,76.00290474925936,78.30772658944579,77.09761684602637,78.73556366761501,76.00290474925936,76.18590994958929,True,True,True,True,True,True,True,,False,True,False,2,Tier_2_Good,1
EUU,European Union,2019,88.49048575377677,35374.1403676934,36310.0785598431,50.9563983949262,74.4596491524844,10.473764602928998,10.499878168176615,82.8373539677464,66.01878638431378,76.18615796905618,78.54415258404683,77.50742090531193,79.37964325254246,76.18615796905618,76.50275693525353,True,True,True,True,True,True,True,,False,True,False,2,Tier_2_Good,1
EUU,European Union,2020,92.79790436650441,34694.7035869195,34671.9021909921,50.2947202876465,74.5499802167242,10.454371142330205,10.453713744174573,85.96862251837423,65.45436122642919,75.67662744883714,80.22348397427044,79.34158275154869,78.64297211175526,75.67662744883714,77.3229886208461,True,True,True,True,True,True,True,,False,True,False,2,Tier_2_Good,1
EUU,European Union,2021,94.55902618428037,39206.97917760841,38569.3121430615,50.9889401157023,74.6469353508505,10.576635555514166,10.560238144067155,87.26973453687364,66.7885576280892,77.41671319134184,81.6823081126786,80.13323090073649,80.34284063360816,77.41671319134184,78.74516142237404,True,True,True,True,True,True,True,,False,True,False,2,Tier_2_Good,1
EUU,European Union,2022,92.56488968518022,38066.8844892624,40626.4488719461,51.5700843231279,74.7659603902094,10.547126278861224,10.612199197740104,85.87602289408898,66.9454322140096,77.61645517077434,80.71796773012838,79.39594147066286,81.1720117867902,77.61645517077434,78.3907980577759,True,True,True,True,True,True,True,,False,True,False,2,Tier_2_Good,1
FCS,Fragile and conflict affected situations,2018,25.000000000000004,1634.9296587547306,1522.8842915264995,53.2094751033114,44.390682523655,7.399966520367152,7.3290178091689935,26.691765884600052,45.0810021445841,28.507652115722394,27.562179431147214,30.4896071213937,28.78047801994243,28.507652115722394,31.499281386245762,False,False,True,False,False,False,False,,False,True,False,0,Tier_4_Low,0
FCS,Fragile and conflict affected situations,2019,26.6,1861.6533045303004,1633.2582635458402,52.5566485467257,44.653472474234,7.529757258023546,7.3989443189560165,27.934582162234406,45.60838088844051,30.010527252161218,29.03701941890546,31.33031006914895,29.896333851562822,30.010527252161218,32.63431986524873,False,False,True,False,False,False,False,,False,True,False,0,Tier_4_Low,0
FCS,Fragile and conflict affected situations,2020,29.6,1618.4798041022004,1562.4857485641805,51.0112120980625,44.9346292149919,7.389860268081142,7.354673061771083,30.191303502181615,43.601344704500896,28.638770596064578,29.52106312044544,32.75950973495563,29.189873016416986,28.638770596064578,32.574832052643536,False,False,True,False,False,False,False,,False,True,False,0,Tier_4_Low,0
FCS,Fragile and conflict affected situations,2021,32.3,1711.4012892975807,1676.6561433022198,50.8025391394096,45.2430817899977,7.445651927188973,7.425152945469197,32.241617916163435,43.874064539901795,29.607307406044,31.0278397340062,34.0843198502403,30.314559340330472,29.607307406044,33.77971613098992,False,False,True,False,False,False,False,,False,True,False,0,Tier_4_Low,0
FCS,Fragile and conflict affected situations,2022,34.8,1850.91743054769,1750.1272100750102,50.9610308640736,45.5264138281594,7.523976830274699,7.468014979604145,34.13926720145803,44.54568878089408,30.519541879380846,32.57779076738994,35.30941590908971,30.99853242707918,30.519541879380846,34.96241393674442,False,False,True,False,False,False,False,,False,True,False,0,Tier_4_Low,0
FIN,Finland,2018,88.8899599985585,49654.2497035329,47900.0,55.688,72.3423467740343,10.81285939809398,10.776891660007811,82.38870472769715,71.51406285024359,80.86518109419686,80.19270938556639,76.1994305422881,83.80010011845533,80.86518109419686,79.1355080301532,True,True,True,True,True,True,True,,False,True,False,2,Tier_2_Good,1
FIN,Finland,2019,89.6073851129779,48358.1807773701,49590.0,55.677,72.7431214358314,10.786411364497777,10.81156464463578,83.04434393680894,71.31447082160554,80.94927296950539,80.42658591773753,76.77313782808532,84.35339603175979,80.94927296950539,79.41661036865796,True,True,True,True,True,True,True,,False,True,False,2,Tier_2_Good,1
FIN,Finland,2020,92.17027106,48828.6846862799,49630.0,55.175,73.0849439791673,10.796093699657833,10.81237091748186,85.00758521433966,71.06386844281633,81.02619870991452,81.61615061517224,78.06476602381116,84.36626217165319,81.02619870991452,80.12593755069047,True,True,True,True,True,True,True,,False,True,False,2,Tier_2_Good,1
FIN,Finland,2021,92.80806082,53099.1351400148,52810.0,55.927,73.3710215780329,10.879934752236487,10.874474781329312,85.5660369808943,72.15527988606189,82.1321199917115,82.43306529114454,78.5259700196749,85.35728773336652,82.1321199917115,80.98722752478244,True,True,True,True,True,True,True,,False,True,False,2,Tier_2_Good,1
FIN,Finland,2022,92.98879471,50440.560224974,54120.0,57.267,73.6967597835949,10.828570721895744,10.89897755957152,85.80935443675786,72.63842809237318,81.95366405542575,82.28372317607455,78.82679585218827,85.748292061707,81.95366405542575,81.15432135051753,True,True,True,True,True,True,True,,False,True,False,2,Tier_2_Good,1
FJI,Fiji,2018,58.2364006,6085.41979485376,5690.0,38.505,56.2328347385698,8.713815305214771,8.646641258603124,54.727787178237065,45.24108995182769,48.58620801129693,51.62730695441343,52.39193758734384,49.80652113876705,48.58620801129693,50.25929335580147,False,True,False,False,True,True,True,,False,True,False,1,,0
FJI,Fiji,2019,63.21789932,5842.07344577597,5570.0,38.526,56.70989552257,8.67301221234981,8.625329850020815,58.47861833479732,44.95745348796886,48.119100341972995,53.54878046335672,54.77221569151534,49.466443253869855,48.119100341972995,51.41966430766054,False,True,False,False,True,True,True,,False,True,False,1,,0
FJI,Fiji,2020,68.62560272,4620.645723801399,4560.0,36.179,57.186684691874,8.438506137918505,8.4252971767117,62.53607611259423,41.748906314723925,44.815752696539434,54.517249673643846,57.32757410253964,46.27441170951817,44.815752696539434,50.99966201379838,True,True,False,False,False,True,False,,False,True,False,0,Tier_4_Low,0
FJI,Fiji,2021,70.56800079,4536.733121103351,4380.000000000002,36.55,57.6618364761928,8.420182853805079,8.3850322878139,64.09913440254442,41.852806145545024,44.36108470921237,55.31943624367928,58.45674812311502,45.63188269980495,44.36108470921237,51.42642271370813,True,True,False,False,False,False,False,,False,True,False,0,Tier_4_Low,0
FJI,Fiji,2022,72.56549835,5414.120921190879,5250.000000000002,38.205,58.1352701465266,8.596950489968934,8.56617381363786,65.70124806417293,44.19836101080011,47.093336871873504,57.280177755466326,59.60738614800961,48.522457798646705,47.093336871873504,53.57932060638389,True,True,False,False,True,True,True,,False,True,False,1,,0
FRA,France,2018,82.0431867788484,41418.1766484844,40960.0,50.813,78.6714432536599,10.63149925663719,10.620375673477872,79.66184845892019,67.07545838403416,78.2959746401418,77.78775393109333,77.78475549537879,81.30248831367362,78.2959746401418,76.59204722558691,True,True,True,True,True,True,True,,False,True,False,2,Tier_2_Good,1
FRA,France,2019,83.3397440866883,40408.2848574751,42720.0,50.615,78.6890784549356,10.606814860748763,10.662445881599808,80.60105593908527,66.76909549392586,78.45192754279586,78.18125518417621,78.33020451601911,81.97382579660143,78.45192754279586,76.96559351893515,True,True,True,True,True,True,True,,False,True,False,2,Tier_2_Good,1
FRA,France,2020,84.70639801,39169.8606000707,39690.0,50.05,78.7119131765249,10.57568839731642,10.588879740723007,81.59251666279151,66.1810860584102,77.63834223078184,78.56726619297208,78.90809502488169,80.79989036700245,77.63834223078184,76.871457093561,True,True,True,True,True,True,True,,False,True,False,2,Tier_2_Good,1
FRA,France,2021,86.09548575,43725.0999521245,44300.0,51.605,78.7364603392338,10.685700455708174,10.698762529141884,82.60071740639097,67.97666082242893,79.31601998867711,79.78495184279532,79.49640179273064,82.55335054434236,79.31601998867711,78.25798693123964,True,True,True,True,True,True,True,,False,True,False,2,Tier_2_Good,1
FRA,France,2022,85.33331734,40988.6396406579,46010.0,51.862,78.7591921123356,10.621074622063249,10.73663577731889,82.06012107518461,67.67053488902712,79.14769088193391,79.10038334833571,79.19877999501821,83.15771482577775,79.14769088193391,77.98174778399822,True,True,True,True,True,True,True,,False,True,False,2,Tier_2_Good,1
FRO,Faroe Islands,2018,28.119413771312985,62526.4908515743,62910.0,63.22375201305894,38.4058837890625,11.043361592642432,11.04947630816179,26.855906733053615,78.01234920640675,84.7182542264216,48.67852549580502,27.610878774227118,88.14988348644003,84.7182542264216,59.93993885679737,False,False,True,False,True,True,True,,False,False,False,1,,0
FRO,Faroe Islands,2019,23.338282281805455,63068.287268848304,66010.0,45.894108312716554,38.3945655822754,11.051989198957223,11.097576673787884,23.411198347362465,66.9905756307775,85.16484991054932,46.75999687263429,25.636852468160985,88.91744751402305,85.16484991054932,56.673556876115285,False,False,False,False,True,True,True,,False,False,False,1,,0
FRO,Faroe Islands,2020,43.69468743685488,62243.1905561324,64200.0,41.484055093207196,38.6689987182617,11.038820485572481,11.06977406588073,38.156235371378855,64.07389095471487,84.84714374491908,55.118119003016936,34.19889305239345,88.47378598619989,84.84714374491908,61.34470277417849,False,False,False,False,True,True,True,,False,False,False,1,,0
FRO,Faroe Islands,2021,92.3250832639637,69415.1853254579,70040.0,40.53757124202361,38.8083763122559,11.147875337249898,11.156836063853547,73.20188384672073,64.26246868420434,86.33577055556046,75.78400185316997,54.29420380238315,89.86308224088752,86.33577055556046,74.73103612705523,True,False,False,False,True,True,True,,False,False,False,1,,0
FRO,Faroe Islands,2022,93.3926765245402,67058.2022648126,72960.0,39.62208200217319,38.9959824546757,11.113331124107122,11.197680330794636,74.03541049884251,63.42539218684382,86.41015711216417,76.06531425736479,54.86368475468664,90.51485670515419,86.41015711216417,74.940855911841,True,False,False,False,True,True,True,,False,False,False,1,,0
FSM,Micronesia,2018,36.61460114,3566.5869037112498,3400.0,43.711491976055214,22.344982035543303,8.179644708889263,8.131824785007195,27.38554781012347,44.68227388769857,40.589550285868235,31.76983595981971,19.936420163287025,41.59131111289967,40.589550285868235,35.25998602513828,False,False,False,False,False,False,False,,False,False,False,0,Tier_4_Low,0
FSM,Micronesia,2019,37.97370148,3572.659182822219,4050.0,47.256591139304625,22.359245777081,8.181345331021834,8.30671904320269,28.36859262963968,46.96221269398815,41.99737374488787,32.34195332050405,20.505244559289686,44.38219512125016,41.99737374488787,36.70687343253391,False,False,False,False,False,False,False,,False,False,False,0,Tier_4_Low,0
FSM,Micronesia,2020,39.38330078,3362.0280212052403,3990.0,50.209311962938955,22.375206003659798,8.120597043910506,8.291797105048733,29.38856919002908,48.40858555873292,41.4360343538992,32.5715010647368,21.096015415505832,44.14407753524615,41.4360343538992,37.16902739927753,False,False,True,False,False,False,False,,False,False,False,0,Tier_4_Low,0
FSM,Micronesia,2021,42.0272133927551,3508.2231419766413,4040.0,50.44574457383256,22.3928762855411,8.163149964891279,8.304247465078474,31.297422143742953,48.86962374942415,41.84518140823724,33.91070602064616,22.19556498768412,44.34275478779705,41.84518140823724,38.10447821749261,False,False,True,False,False,False,False,,False,False,False,0,Tier_4_Low,0
FSM,Micronesia,2022,39.02790069999999,3710.124516117523,4050.0,53.45238104840188,22.4122701819053,8.219090213749524,8.30671904320269,29.145689436221446,51.20003882701936,42.272177037253066,33.007607012567554,20.975635979205983,44.38219512125016,42.272177037253066,37.93101819507487,False,False,True,False,False,False,False,,False,False,False,0,Tier_4_Low,0
GAB,Gabon,2018,55.42020035,7624.277523377101,6540.0,41.909,89.4539949981866,8.939223997321747,8.785845337961213,64.2512638020069,49.059493801499016,51.337984072542326,59.482188551372445,74.33417281732841,52.02787730555086,51.337984072542326,57.29363459636228,False,True,False,False,True,True,True,,False,True,False,1,,0
GAB,Gabon,2019,59.51760101,7441.1786472281,6870.0,41.994,89.9031850170394,8.914918913889624,8.835064935031076,67.35615788908059,48.93690824748482,51.553741944987294,61.12972390015466,76.33150120430126,52.813301525745615,51.553741944987294,58.54230927103409,False,True,False,False,True,True,True,,False,True,False,1,,0
GAB,Gabon,2020,63.91790009,6605.80346077565,6820.0,39.063,90.3480750410147,8.79585522446705,8.82776136765472,70.67753985288196,46.19529963901596,50.628619950994036,62.34890883983355,78.4504012327751,52.69675447837601,50.628619950994036,58.91520633387066,False,True,False,False,True,True,True,,False,True,False,1,,0
GAB,Gabon,2021,65.76809692,8181.40914134656,7000.0,39.763,90.7881967286967,9.00974190229249,8.853808274977197,72.16206580606075,48.20025318153894,52.39365381625093,64.45755181447295,79.51730092326108,53.11239932494401,52.39365381625093,60.487705748153516,False,True,False,False,True,True,True,,False,True,False,1,,0
GAB,Gabon,2022,67.67169952,8409.2074145028,7430.0,41.904,91.2243355459988,9.03720141550506,8.91341571815747,73.68364083430151,49.769624581191216,53.069168420851724,65.50140081789647,80.60339330619284,54.06358812706311,53.069168420851724,61.6589654551418,False,True,False,False,True,True,True,,False,True,False,1,,0
GBR,United Kingdom,2018,90.692008988783,43702.9976303165,42540.0,57.525,82.4465657551295,10.685194855854348,10.658223595765195,87.19854786242328,71.75959868778335,78.9888879023201,82.53218743113055,83.96646447535909,81.90644845593805,78.9888879023201,80.73928871498529,True,True,True,True,True,True,True,,False,True,False,2,Tier_2_Good,1
GBR,United Kingdom,2019,92.5166285497138,43158.7411267323,43640.0,58.037,82.6699420738913,10.672663421363636,10.683752354441571,88.58930996988379,71.99585438828437,79.10134046946243,83.26131652376674,84.87213197889056,82.31382491916818,79.10134046946243,81.36656082967598,True,True,True,True,True,True,True,,False,True,False,2,Tier_2_Good,1
GBR,United Kingdom,2020,94.81820132,40812.6794663879,39340.0,58.277,82.9000015258789,10.616772585237046,10.580022511040418,90.32563821138747,71.74245025491042,77.86678763640683,83.93558923313444,85.97858521584135,80.65855067446782,77.86678763640683,81.45386902527501,True,True,True,True,True,True,True,,False,True,False,2,Tier_2_Good,1
GBR,United Kingdom,2021,96.19650269,47691.3768799404,45870.0,58.02,82.9886431523641,10.772526850267113,10.73358838809481,91.3483605279391,72.71204077378678,80.22603111083444,85.430117746701,86.60702439170126,83.1090859574521,80.22603111083444,82.95062887403617,True,True,True,True,True,True,True,,False,True,False,2,Tier_2_Good,1
GBR,United Kingdom,2022,95.46530151,47057.043229179,49720.0,57.703,83.0753982997505,10.75913708107643,10.814182658053124,90.85230931175703,72.41179275707904,80.77158988071298,85.07154469217828,86.36665600310631,84.3951731138407,80.77158988071298,82.97167073044584,True,True,True,True,True,True,True,,False,True,False,2,Tier_2_Good,1
GEO,Georgia,2018,62.7179081974285,4804.054604044399,4580.0,55.742,58.3038181862576,8.4774236853449,8.429672593886743,58.67296377547828,54.5453596916562,45.134004097144356,52.57342009400818,55.674937948509616,46.34423265132427,45.134004097144356,52.320072975871106,False,True,True,False,False,True,False,,False,True,False,0,Tier_4_Low,0
GEO,Georgia,2019,68.8467135616978,4741.283271587599,4780.0,54.716,58.6304091780343,8.464274001574124,8.472405008626103,63.197147232060715,53.793360842793845,45.37921958070399,55.0928923553479,58.422396485190774,47.02613732998429,45.37921958070399,53.95690648880224,True,True,True,True,False,True,False,,False,True,False,1,Tier_3_Moderate,0
GEO,Georgia,2020,72.53157487,4300.857012912069,4330.0,55.206,58.9990552763878,8.36680207192339,8.373553741214627,65.97715148449778,53.39713160730122,43.88085881454961,56.12595383120352,60.194069074060494,45.4487132094309,43.88085881454961,54.32080250769158,True,True,True,True,False,False,False,,False,True,False,1,Tier_3_Moderate,0
GEO,Georgia,2021,76.4427093,5083.606954845769,4760.0,53.055,59.4293560618005,8.533973010479665,8.46821300919452,68.94143051227229,53.23837952624393,45.853219283677845,58.80775199338756,62.101664115314335,46.95924328613556,45.853219283677845,56.13320429372007,True,True,True,True,True,True,True,,False,True,False,2,Tier_2_Good,1
GEO,Georgia,2022,78.71127536,6729.846599302829,5690.0,55.755,60.0101622679115,8.814456209571668,8.646641258603124,70.7759512063586,57.0074551392693,49.31892857804006,61.50893743893669,63.43843582930309,49.80652113876705,49.31892857804006,58.90060041465421,True,True,True,True,True,True,True,,False,True,False,2,Tier_2_Good,1
GHA,Ghana,2018,43.0,2195.3216601637705,2060.0,61.516,55.218477566593,7.694539267387348,7.630946580890459,43.41014250536793,52.53876767038106,33.06132391733932,39.189786596549325,45.420902278403005,33.59852173019643,33.06132391733932,41.4465412002679,False,True,True,False,False,False,False,,False,True,False,0,Tier_4_Low,0
GHA,Ghana,2019,22.0732,2186.65822682613,2170.0,60.063,55.7246279109161,7.690586947879291,7.682943169878292,28.526006536432767,51.58060795852319,33.44741798479608,30.67830562525297,37.16707590960314,34.42825993997062,33.44741798479608,36.03684186949452,False,True,True,False,False,False,False,,False,True,False,0,Tier_4_Low,0
GHA,Ghana,2020,62.51760101,2195.4548165998694,2250.0,57.957,56.2171613974837,7.694599892569095,7.719129840906732,57.803332519188814,50.26276028919392,33.76535972701177,47.4478880561814,54.14160745042999,35.00571058089347,33.76535972701177,46.60424572813942,False,True,True,False,False,False,False,,False,True,False,0,Tier_4_Low,0
GHA,Ghana,2021,68.6,2445.1866252934396,2299.999999999998,56.85,56.6952556826536,7.802285611494141,7.741099090035365,62.346793257445825,50.33869879033704,34.72465808301028,50.68719047864694,56.975330062343374,35.35628598972155,34.72465808301028,48.63748324625262,True,True,True,True,False,False,False,,False,True,False,1,Tier_3_Moderate,0
GHA,Ghana,2022,69.91329956,2229.8912264780283,2400.0,55.507,57.250609602871,7.710156437743285,7.783640596221253,63.485000882429816,48.808923054210496,34.39333667122837,50.81938324551475,57.90156698119987,36.03514423544294,34.39333667122837,48.7069784454724,True,True,True,True,False,False,False,,False,True,False,1,Tier_3_Moderate,0
GIB,Gibraltar,2018,93.13625177733105,44500.76019425779,64428.0,53.14125,100.0,10.703284022299197,11.073319121292078,95.0604575818811,69.08731276149167,82.43254084674743,87.71129445470694,97.17740433250349,88.53035638798623,82.43254084674743,85.53261767697512,True,True,True,True,True,True,True,,False,True,False,2,Tier_2_Good,1
GIB,Gibraltar,2019,95.09110138560885,80082.69438567366,56145.99999999999,54.5762,100.0,11.29082754661221,10.935728530422237,96.46727820639646,74.28278876738662,85.61237310695302,91.93730129950671,97.98130183222655,86.33474754570564,85.61237310695302,88.00180564955859,True,True,True,True,True,True,True,,False,True,False,2,Tier_2_Good,1
GIB,Gibraltar,2020,95.36287044600002,74043.9367171678,51346.00000000001,53.3376,100.0,11.212427440817553,10.84636179105997,96.662858632453,72.91974565542239,84.32854051909764,91.59242518567201,98.09306207568744,84.90867326323384,84.32854051909764,87.29121497143146,True,True,True,True,True,True,True,,False,True,False,2,Tier_2_Good,1
GIB,Gibraltar,2021,97.75788760200001,55488.56212270168,62455.99999999999,51.7075,100.0,10.923950212185941,11.042233598943882,98.3864487832561,69.77681097497852,83.79108642601602,90.89711683961205,99.0779707332892,88.03430758622495,83.79108642601602,87.30068551322636,True,True,True,True,True,True,True,,False,True,False,2,Tier_2_Good,1
GIB,Gibraltar,2022,96.160046198,113757.76898745056,69850.0,53.5114,100.0,11.641835423841481,11.1541196809749,97.23655150607776,76.15723748369045,89.91039546006367,94.42130877369992,98.42088657490157,89.81973542313149,89.91039546006367,90.28437731544675,True,True,True,True,True,True,True,,False,True,False,2,Tier_2_Good,1
GIN,Guinea,2018,21.8300230430563,933.273615633705,860.0,43.497,35.8554382324219,6.839769345684551,6.7580945044277305,21.442977830488786,34.79005605387737,19.873842928621716,21.017421305164294,23.25102410792875,19.66994038630588,19.873842928621716,23.681054980493,False,False,False,False,False,False,False,,False,False,False,0,Tier_4_Low,0
GIN,Guinea,2019,23.89049911,1031.3414648073194,970.0,42.271,36.1281547546387,6.939584768065146,6.878326468291325,23.020630019323587,34.73257835495403,21.559857372309402,22.50933549760635,24.287992180542986,21.58854805645822,21.559857372309402,24.93022509235981,False,False,False,False,False,False,False,,False,False,False,0,Tier_4_Low,0
GIN,Guinea,2020,26.14550018,1053.660976964149,1030.0,41.854,36.4802208060551,6.960974645417414,6.93828448401696,24.76586129513131,34.62158193986392,22.19397886349168,23.642852057521075,25.460130966522474,22.545331137776163,22.19397886349168,25.829107843810508,False,False,False,False,False,False,False,,False,False,False,0,Tier_4_Low,0
GIN,Guinea,2021,28.61330032,1244.9655047791402,1120.0,41.989,36.8502178436256,7.127666014196223,7.02197642307216,26.670469007570965,35.921536103859076,24.075341949407083,25.714333757389817,26.732247944081863,23.880849506114558,24.075341949407083,27.503503080774955,False,False,False,False,False,False,False,,False,False,False,0,Tier_4_Low,0
GIN,Guinea,2022,31.313999179999996,1416.5961201176378,1279.9999999999982,42.529,37.2384967469106,7.2567178429097385,7.155396301896733,28.749039996625108,37.206504714160495,26.079436757202828,27.666599319312425,28.112852724820243,26.009903999094774,26.079436757202828,29.327355735611828,False,False,False,False,False,False,False,,False,False,False,0,Tier_4_Low,0
GMB,Gambia,2018,28.30900002,696.2198069606129,680.0,44.792,61.0645869348107,6.547100722537529,6.523562306149512,34.870213218996724,33.487592051695515,15.871776307252484,27.82022117628612,43.44458172508665,15.927380919966428,15.871776307252484,28.10223417403533,False,True,False,False,False,False,False,,False,True,False,0,Tier_4_Low,0
GMB,Gambia,2019,31.11829948,738.1867519874831,720.0000000000018,45.017,61.643210849607,6.605550598072017,6.580639137284952,37.09311760048384,34.05705606603013,16.75272643377851,29.45004913165805,45.00220307673239,16.838187351845754,16.75272643377851,29.401916177795233,False,True,False,False,False,False,False,,False,True,False,0,Tier_4_Low,0
GMB,Gambia,2020,36.01100159,720.335143352133,720.0,44.823,62.2069251698555,6.581103860563321,6.580639137284949,40.8101729682106,33.754981984582464,16.574740877340425,31.450357991597002,47.4062197112593,16.83818735184571,16.574740877340425,30.66670136377445,False,True,False,False,False,False,False,,False,True,False,0,Tier_4_Low,0
GMB,Gambia,2021,41.67309952,781.8909251695313,760.0,44.967,62.7550706637859,6.662993382544519,6.634633357861686,45.07551630025542,34.443289226873006,17.60174893189082,34.38280742776948,50.11581104678788,17.699802869163165,17.60174893189082,32.77781628778322,False,True,False,False,False,False,False,,False,True,False,0,Tier_4_Low,0
GMB,Gambia,2022,48.22539902,836.2448758684786,830.0,45.13,63.2869880996278,6.730116591462666,6.7226297948554485,49.97585706585441,35.03624267201902,18.792546237179007,37.59156976040028,53.18019792495733,19.104010481989413,18.792546237179007,35.18692717689686,False,True,False,False,False,False,False,,False,True,False,0,Tier_4_Low,0
GNB,Guinea-Bissau,2018,15.699999810000001,808.5316132185035,750.0,56.399,43.4449081420898,6.696455825126618,6.621405651764134,19.670136096535366,41.999182157423306,17.739832832930645,19.42095049254722,26.00750108427173,17.488721077252354,17.739832832930645,24.044045929258296,False,False,True,False,False,False,False,,False,True,False,0,Tier_4_Low,0
GNB,Guinea-Bissau,2019,17.921499249999997,811.2164258851299,850.0,56.063,43.8745574951172,6.699766838989004,6.7464121285733745,21.418231490753733,41.80837193239982,18.761337417665516,20.4533734502048,27.21981049650186,19.483518280240983,18.761337417665516,25.122236836279544,False,False,True,False,False,False,False,,False,True,False,0,Tier_4_Low,0
GNB,Guinea-Bissau,2020,20.457300190000005,846.9158557159735,860.0,56.768,44.3038330078125,6.742781404118572,6.7580945044277305,23.392386091282752,42.572481639568885,19.167717919455868,21.84621149102354,28.561110919455846,19.66994038630588,19.167717919455868,26.16224861027696,False,False,True,False,False,False,False,,False,True,False,0,Tier_4_Low,0
GNB,Guinea-Bissau,2021,23.3519001,926.7809210812356,910.0,58.375,44.7334136962891,6.832795628494694,6.814542897259958,25.62485887775994,44.25572212805716,20.27345951926375,23.660416511315745,30.050173308744718,20.57071848204218,20.27345951926375,27.75385485507762,False,False,True,False,False,False,False,,False,True,False,0,Tier_4_Low,0
GNB,Guinea-Bissau,2022,27.673799509999995,883.1991314578318,960.0,59.972,45.1627159118652,6.784682299100133,6.8679744089702925,28.884400498885157,44.926922520807324,20.34948632218792,25.256993763763063,32.125993863367675,21.423354544043015,20.34948632218792,29.17449042654711,False,False,True,False,False,False,False,,False,True,False,0,Tier_4_Low,0
GNQ,Equatorial Guinea,2018,29.39999962,8102.47084834031,5450.0,53.911,69.8396623666175,9.00004774867581,8.603554357064281,38.706234625388284,57.179181949968395,50.32635529801862,44.589824722554205,49.994988572978926,49.118959718999264,50.32635529801862,48.064361172298646,False,True,True,False,True,True,True,,False,True,False,1,,0
GNQ,Equatorial Guinea,2019,49.13370132,6804.14923073888,5130.0,53.931,70.1175419547293,8.825434844417325,8.543055850941965,53.00433717979949,55.920697589353615,48.57237431382182,51.75234857384073,58.30334981169587,48.15355173472379,48.57237431382182,52.39924240330209,False,True,True,False,True,True,True,,False,True,False,1,,0
GNQ,Equatorial Guinea,2020,55.00130081,5764.05502912947,4790.0,50.146,70.3853314193247,8.659569978039992,8.474494436883122,57.320098244464,52.29210557415823,46.817751675856805,53.26129556687047,60.90250436219246,47.05947948752151,46.817751675856805,52.61521153657031,False,True,True,False,True,True,True,,False,True,False,1,,0
GNQ,Equatorial Guinea,2021,58.71730042,6945.630697945389,4820.0,50.951,70.6431215020592,8.846012029346833,8.480736654405622,60.08396949546369,54.16440861145805,48.22495654910844,55.93510619070416,62.60989825169341,47.159089990690326,48.22495654910844,54.480522676743426,False,True,True,False,True,True,True,,False,True,False,1,,0
GNQ,Equatorial Guinea,2022,63.65950012,7589.299649093809,4569.999999999998,53.526,70.8910029445467,8.934626349069383,8.427487278331744,63.726838872182185,56.45662039394561,48.445252221478384,58.54108205354595,64.81465537214656,46.30936036735926,48.445252221478384,56.30085663150944,False,True,True,False,True,True,True,,False,True,False,1,,0
GRC,Greece,2018,72.2383733920483,19873.4015238771,19060.0,43.387,78.0490656849874,9.897187827062973,9.855399641729074,72.38936352608643,56.97936740525489,66.84621577605246,69.33449059689592,73.31992802726869,69.09534443252517,66.84621577605246,67.37974461225467,True,True,False,False,True,True,True,,False,True,False,1,,0
GRC,Greece,2019,75.6712066931757,19335.3602002969,19770.0,43.513,78.1888100466875,9.869742550690205,9.89197149657488,74.90841067340686,56.860144431756126,66.93819784008102,70.61872007321954,74.82879161273291,69.67894166377782,66.93819784008102,68.34632634969623,True,True,False,False,True,True,True,,False,True,False,1,,0
GRC,Greece,2020,78.11584474,17886.733165236,18030.0,42.721,78.3066842455552,9.791870458873307,9.799847777776368,76.70869276826271,55.786605009120876,65.63621216171073,71.19779476655049,75.91606986314761,68.20887274192015,65.63621216171073,68.27582097147936,True,True,False,False,True,True,True,,False,True,False,1,,0
GRC,Greece,2021,78.49426371,20654.7001960815,20350.0,43.261,78.3884898647442,9.93574659884871,9.920885329712549,77.00946630285404,57.179502674897265,67.64944021986031,72.21037139271095,76.12857157745668,70.14033562465806,67.64944021986031,69.44855502514062,True,True,False,False,True,True,True,,False,True,False,1,,0
GRC,Greece,2022,83.17066333,20886.5243087629,21980.0,44.413,78.5502190980809,9.946907336697725,9.997933722828073,80.43109788249015,57.99761449288233,68.34544828993852,74.23594960192435,78.16411711703972,71.36983927122635,68.34544828993852,71.17065004070267,True,True,False,False,True,True,True,,False,True,False,1,,0
GRD,Grenada,2018,61.42459869,10083.021279225,9220.0,48.71345146908992,36.0720421424532,9.218707398502431,9.129238770539141,50.01278741945291,55.44662708775015,56.11263443853095,51.20617014048742,39.68421217423874,57.50759544748703,56.11263443853095,52.46047865826731,False,False,True,False,True,True,True,,False,False,False,1,,0
GRD,Grenada,2019,64.31279755,10462.7929159533,9400.0,52.73249893903225,36.1346465679904,9.255676283359074,9.148571345578551,52.113065096540936,58.286490345209785,56.53603831805098,52.62372465052762,40.91546514266439,57.816095995614894,56.53603831805098,53.955102501570636,False,False,True,False,True,True,True,,False,False,False,1,,0
GRD,Grenada,2020,65.65380096,8968.55890108484,8390.0,20.777702131598463,36.2050502515788,9.101591778936786,9.03491498187007,53.10260480545517,36.725374356688306,54.50738065291497,52.29405186083427,41.51588442743942,56.00241879892442,54.50738065291497,49.228806744650015,False,False,False,False,True,True,True,,False,False,False,1,,0
GRD,Grenada,2021,67.02279663,9617.28902905373,8890.0,18.824143590996698,36.2831603706908,9.171421672233848,9.09279480812114,54.11496866854047,35.98421627046463,55.477590421040546,53.281851580913376,42.133173709772066,56.92603906614697,55.477590421040546,49.829089462171424,False,False,False,False,True,True,True,,False,False,False,1,,0
GRD,Grenada,2022,68.42030334,10469.3867012856,9980.0,8.305553916640655,36.3688840183487,9.256306237402741,9.208438564686587,55.150497727848,29.87420006020259,57.018291821239465,54.37082561945227,42.76748172590103,58.77143018529577,57.018291821239465,49.608011152377294,True,False,False,False,True,True,True,,False,False,False,1,,0
GRL,Greenland,2018,90.1850651070057,54545.135857764995,54108.63252654536,59.95063783752104,86.72509765625,10.906802152047597,10.898767499383732,88.32126179518477,74.92453497776353,82.52155542849044,84.60614607506677,86.73307171618411,85.74494001559103,82.52155542849044,83.4040270821557,True,True,True,True,True,True,True,,False,True,False,2,Tier_2_Good,1
GRL,Greenland,2019,94.0317423811141,53309.2035905065,55376.87522944812,59.72589367702907,87.0217895507812,10.883883028802321,10.921935428878914,91.19270129888177,74.61391782398559,82.53954344126421,86.12330173397253,88.52125488687183,86.11464342725147,82.53954344126421,84.43176475464318,True,True,True,True,True,True,True,,False,True,False,2,Tier_2_Good,1
GRL,Greenland,2020,94.9385958260546,54812.6661771023,56134.97158956787,61.13444690949398,87.2840881978115,10.911694824639225,10.935532090831952,91.93651919774061,75.71735795542324,82.85051316592998,86.71901375673941,89.07657188380313,86.33161285096614,82.85051316592998,85.05294953115316,True,True,True,True,True,True,True,,False,True,False,2,Tier_2_Good,1
GRL,Greenland,2021,94.56871962527396,58135.9939910203,55508.79695632942,59.361938238931245,87.5452017613678,10.970557469835397,10.924314805892063,91.76111802462007,75.01215754611863,83.18956506725385,86.97027216646204,89.1060322336737,86.15261245679166,83.18956506725385,84.96299396788496,True,True,True,True,True,True,True,,False,True,False,2,Tier_2_Good,1
GRL,Greenland,2022,94.87918252990421,55635.0006491223,57855.32150810622,58.990172641438164,87.8049405256832,10.926585764394328,10.965718000776407,92.07484946559619,74.45422658126205,83.19977390867206,86.90203736512909,89.41431410071286,86.81330604210177,83.19977390867206,85.02246691061384,True,True,True,True,True,True,True,,False,True,False,2,Tier_2_Good,1
GTM,Guatemala,2018,41.5,4352.94593289707,4270.000000000002,38.408,53.845962303542,8.378837823916994,8.359603270841466,41.85346791227039,42.74022728331687,43.857177970848156,42.24046442188689,43.849674599251784,45.226097869881556,43.857177970848156,43.10733061654503,False,True,False,False,False,False,False,,False,True,False,0,Tier_4_Low,0
GTM,Guatemala,2019,44.401049838502,4511.998395526971,4490.0,37.107,54.1882267267974,8.41471704430444,8.409830673087738,44.060224731809924,42.169286862836636,44.519151387061626,43.72177755671382,45.28067400569081,46.027604192367086,44.519151387061626,44.08170697776238,False,True,False,False,False,False,False,,False,True,False,0,Tier_4_Low,0
GTM,Guatemala,2020,47.51229858,4477.617850006651,4360.0,38.299,54.5483167911628,8.40706976218478,8.380456667842767,46.42445013450652,42.87605132035175,44.229106420169416,45.04014567512543,46.81050907906584,45.55886701171158,44.229106420169416,44.97955157932961,False,True,False,False,False,False,False,,False,True,False,0,Tier_4_Low,0
GTM,Guatemala,2021,50.84164945,4912.62240414681,4799.999999999998,42.496,54.9047071553758,8.499766709295752,8.47657950853094,48.94434790193756,46.23546926270248,45.67093321020356,47.03179541459865,48.427462226513114,47.092752124246125,45.67093321020356,47.15611510711157,False,True,False,False,False,True,False,,False,True,False,0,Tier_4_Low,0
GTM,Guatemala,2022,54.40430069,5358.701569976769,5220.0,40.502,55.2581228215265,8.586663575271672,8.560444233410552,51.63110761573229,45.592700393585545,46.97272749953593,49.084914141417975,50.1382875879022,48.431027731153684,46.97272749953593,48.534921803581554,False,True,False,False,True,True,True,,False,True,False,1,,0
GUM,Guam,2018,89.13651480853903,37195.9503070464,37025.20141125863,56.4,94.079885002321,10.523982055907236,10.519381087259347,90.12374281059752,69.8662962306033,76.7073777731091,83.64995544713723,91.41602839133145,79.69086207439372,76.7073777731091,81.15672398333356,True,True,True,True,True,True,True,,False,True,False,2,Tier_2_Good,1
GUM,Guam,2019,87.13834130507568,39274.943142489894,40403.946796121716,56.497,94.0799802498939,10.578367476648095,10.606707501901967,88.68577696971968,70.32429596034525,77.80009108890938,83.14502820854156,90.59438093257313,81.08437777151997,77.80009108890938,81.16870489798978,True,True,True,True,True,True,True,,False,True,False,2,Tier_2_Good,1
GUM,Guam,2020,89.78340240409311,36482.9363953675,36663.89123734285,53.58,94.0804991087801,10.504627343941648,10.509574934134378,90.58949331460606,67.92162235827546,76.4882238411439,83.80338865558552,91.68247655018597,79.53437988782976,76.4882238411439,80.85577826995271,True,True,True,True,True,True,True,,False,True,False,2,Tier_2_Good,1
GUM,Guam,2021,88.95236826126481,38074.8793745801,38692.34987485754,54.128,94.0884327694075,10.547336273349057,10.563423026393078,89.99419236021777,68.58308471417931,77.2288099291044,83.71223478389065,91.34624505790488,80.39366355509003,77.2288099291044,81.06758185485495,True,True,True,True,True,True,True,,False,True,False,2,Tier_2_Good,1
GUM,Guam,2022,91.13933260248645,41833.1517132825,41284.194720196014,56.289,94.1068261842046,10.641468311561827,10.628259233328139,91.57445084265854,70.65066101990229,78.43145593992931,85.16411465490813,92.25838552562917,81.42829062040454,78.43145593992931,82.5166879797216,True,True,True,True,True,True,True,,False,True,False,2,Tier_2_Good,1
GUY,Guyana,2018,48.59889984,6048.386971804179,6100.0,44.263,26.418837851788403,8.707712218916447,8.716207971151853,37.42650739758224,48.87965475422303,49.09683139533952,40.71811549925127,27.697509490132624,50.916635487682626,49.09683139533952,43.3399916967817,False,False,False,False,True,True,True,,False,False,False,1,,0
GUY,Guyana,2019,55.31269836,6405.824434445621,6380.0,41.347,26.425883477305803,8.765119019116803,8.761080103868347,42.26058709638093,47.432441844010484,49.8728088181843,43.81504225342428,30.463340159962467,51.632684824642894,49.8728088181843,45.11094407124637,False,False,False,False,True,True,True,,False,False,False,1,,0
GUY,Guyana,2020,62.95399857,6775.70939096303,8090.0,40.299,26.434039735367605,8.821246922552662,8.99850761180784,47.76253574310612,47.17074964609226,52.175831266605414,47.2861963299124,33.61136185633295,55.421446341960156,52.175831266605414,48.050642134466884,False,False,False,False,True,True,True,,False,False,False,1,,0
GUY,Guyana,2021,71.65090179,9860.87014834386,7810.0,40.752,26.443303961946995,9.19643109982899,8.963288275610298,54.02454138517966,50.1920477872101,54.62636913239707,53.050028055741144,37.19425214031927,54.859431995734056,54.62636913239707,51.711508406015646,True,False,False,False,True,True,True,,False,False,False,1,,0
GUY,Guyana,2022,76.56240082,17913.4928066879,9780.0,45.133,26.453673506818305,9.793365318240767,9.188197007290492,57.56273981904243,57.340279751211185,60.76687143318095,58.549003924731785,39.22123015071941,58.44842450504226,60.76687143318095,56.67232462134743,True,False,False,False,True,True,True,,False,False,False,1,,0
HKG,"Hong Kong SAR, China",2018,90.5073953294283,48537.56688883429,50050.0,54.747,100.0,10.790113954510877,10.820797764563748,93.16858341716826,70.74657033021505,81.049898830383,87.13595884075454,96.09633338123902,84.5007340119772,81.049898830383,84.47723725132789,True,True,True,True,True,True,True,,False,True,False,2,Tier_2_Good,1
HKG,"Hong Kong SAR, China",2019,91.7434003891587,48359.00119505971,50480.0,54.51,100.0,10.786428329440469,10.829352306844557,94.05808274370006,70.56814429084883,81.09132024510495,87.62277748480015,96.60461871068574,84.6372435549239,81.09132024510495,84.787443580412,True,True,True,True,True,True,True,,False,True,False,2,Tier_2_Good,1
HKG,"Hong Kong SAR, China",2020,92.41313602,46109.2299946609,48550.0,53.728,100.0,10.738790113144523,10.790370070829697,94.54006247986524,69.72112025528264,80.4334575934177,87.62072876001892,96.88003570278013,84.01518254373846,80.4334575934177,84.53919877003102,True,True,True,True,True,True,True,,False,True,False,2,Tier_2_Good,1
HKG,"Hong Kong SAR, China",2021,93.08715788,49770.5642374739,54380.0,53.718,100.0,10.81519910068308,10.90377010713103,95.02512682957631,70.27102296142718,81.89455003482016,88.3429476059186,97.15721533118648,85.82476938281003,81.89455003482016,85.41661704037607,True,True,True,True,True,True,True,,False,True,False,2,Tier_2_Good,1
HKG,"Hong Kong SAR, China",2022,95.61357052,48825.8441873536,54000.0,52.789,100.0,10.796035526405928,10.896757843893464,96.84327662122166,69.53728397857279,81.69907950916348,89.27027334218788,98.19615806926953,85.71287083603106,81.69907950916348,85.8609760530597,True,True,True,True,True,True,True,,False,True,False,2,Tier_2_Good,1
HND,Honduras,2018,36.0400608231468,2464.64241531918,2280.0,50.022,55.8852577716247,7.810207667256617,7.732369222284388,38.63319857292855,46.02897129351196,34.71268130724414,37.15588585702446,43.02239567508593,35.21697868167954,34.71268130724414,39.08179025012456,False,True,True,False,False,False,False,,False,True,False,0,Tier_4_Low,0
HND,Honduras,2019,39.3883521850111,2502.32744328073,2330.000000000002,44.526,56.3791561389766,7.82537610320344,7.754052639035758,41.214535116748124,42.623990643124245,34.99612288982179,38.735636812818285,44.74275401540498,35.56299290582952,34.99612288982179,39.48160100367261,False,True,False,False,False,False,False,,False,True,False,0,Tier_4_Low,0
HND,Honduras,2020,45.24829865,2307.6149431951108,2120.0,47.039,56.8691654042685,7.744403031998428,7.659642954564682,45.60204894748465,43.64185674872024,33.65332118685002,40.787390295060256,47.49328202768797,34.0564455706436,33.65332118685002,40.775925672666894,False,True,False,False,False,False,False,,False,True,False,0,Tier_4_Low,0
HND,Honduras,2021,51.95159912,2735.147515039769,2440.0,48.071,57.3550236357547,7.914306193604713,7.80016307039296,50.59504492960363,45.538944033087986,36.01148713149287,44.64620855914849,50.58773810994975,36.298802456244324,36.01148713149287,43.91269673442598,False,True,True,False,False,False,False,,False,True,False,0,Tier_4_Low,0
HND,Honduras,2022,56.88069916,3003.2899682639927,2700.000000000002,43.606,57.8364689017254,8.007796535610375,7.901377353792617,54.30969140056703,43.363649643628676,37.49971374607419,47.32933372941517,52.949516930506675,37.91393452445096,37.49971374607419,45.44435973382332,False,True,False,False,False,False,False,,False,True,False,0,Tier_4_Low,0
HPC,Heavily indebted poor countries (HIPC),2018,30.393609006026015,985.4782107192677,942.2479881046238,58.5708378262226,35.1961108060605,6.894141237757276,6.849329225902441,27.376588068682878,44.82761561313803,20.9976412507453,24.70290970352152,26.31418452370721,21.125823088215178,20.9976412507453,28.273372184029043,False,False,True,False,False,False,False,,False,False,False,0,Tier_4_Low,0
HPC,Heavily indebted poor countries (HIPC),2019,38.0960323644237,983.9000621787436,975.0499951951679,57.9492736696254,35.61384604148469,6.892540176307692,6.883513809686371,33.064924857592466,44.41838695554442,21.25873576788254,27.957894607366477,29.772142956631594,21.67132532024412,21.25873576788254,30.404728835901857,False,False,True,False,False,False,False,,False,False,False,0,Tier_4_Low,0
HPC,Heavily indebted poor countries (HIPC),2020,33.22595393703188,962.5902264738925,956.2057188051276,57.1146123822701,36.0300593848953,6.8706661279681205,6.864018330530713,29.70484733513717,43.72525626518159,20.94393073959875,25.924227950809474,28.058823034301895,21.360225221407035,20.94393073959875,28.941573392372135,False,False,True,False,False,False,False,,False,False,False,0,Tier_4_Low,0
HPC,Heavily indebted poor countries (HIPC),2021,34.69343076144949,1061.4141495043095,1005.4274104072083,57.0016757462526,36.4724990615456,6.968299097067506,6.914162121671473,30.91475217812772,44.36383958784944,22.05483794733437,27.198909104848283,28.969947672267764,22.160397315429613,22.05483794733437,29.948090858189975,False,False,True,False,False,False,False,,False,False,False,0,Tier_4_Low,0
HPC,Heavily indebted poor countries (HIPC),2022,45.90752344991785,1121.4838731198197,1075.02576903525,56.7814369351425,36.9472479538651,7.023299252582086,6.981029689352478,39.150107575527784,44.623398961851976,22.98879032214709,32.24089118139983,33.911662789154235,23.22743992302402,22.98879032214709,33.39740365614693,False,False,True,False,False,False,False,,False,False,False,0,Tier_4_Low,0
HRV,Croatia,2018,75.2946259897258,15460.3669595491,14670.0,45.012,56.093170097094,9.646099737349692,9.593628035139645,66.95529549198542,56.19071073931304,62.92954095125999,64.0398605147814,59.309716717841894,64.91811072452073,62.92954095125999,62.53612005438838,True,True,False,False,True,True,True,,False,True,False,1,,0
HRV,Croatia,2019,79.0797836757554,15563.5987295029,15800.0,44.78,56.303247958306,9.652754302235193,9.6678285081515,69.75234845914521,56.09076506928185,63.570018714414026,65.68389166221357,61.01237393537572,66.1021685413837,63.570018714414026,63.82858822114348,True,True,False,False,True,True,True,,False,True,False,1,,0
HRV,Croatia,2020,78.32090004,14807.5608543265,15130.0,44.447,56.5284863367411,9.60296072862567,9.62450089845157,69.28452256514265,55.51524343514656,62.86179312758897,65.13400119978786,60.85691599806528,65.41076600890938,62.86179312758897,63.27979593088847,True,True,False,False,True,True,True,,False,True,False,1,,0
HRV,Croatia,2021,81.25396608,17788.7865816658,17420.0,45.869,56.7683502560171,9.78637978405424,9.76543165404016,71.47871794154187,57.760190096966625,65.32163853893667,67.46408193820945,62.229877269621056,67.65967569934242,65.32163853893667,65.48749063023025,True,True,False,False,True,True,True,,False,True,False,1,,0
HRV,Croatia,2022,82.07155532,18465.5414420364,19370.0,46.975,56.9977571733605,9.823715802927111,9.871532381294577,72.14686061778515,58.73944915677629,66.44001895198235,68.0709350906382,62.725614654819836,69.35278344355271,66.44001895198235,66.40954304269822,True,True,False,False,True,True,True,,False,True,False,1,,0
HTI,Haiti,2018,32.4736271300557,1496.3804897015616,1430.0,62.139,51.374898112219,7.311472520261695,7.266128779556451,34.49845039785851,50.148323701652636,27.361590181849436,31.73897524069772,38.419482059320316,27.776923135652652,27.361590181849436,35.28821292882459,False,False,True,False,False,False,False,,False,True,False,0,Tier_4_Low,0
HTI,Haiti,2019,35.76409912,1352.1720419153207,1410.0,61.952,52.0069059952475,7.210206775974319,7.252053951852814,37.08619409855126,49.29144285608518,26.51202055130271,32.648797131285825,40.21209771136012,27.552323357685903,26.51202055130271,35.79916405371372,False,True,True,False,False,False,False,,False,True,False,0,Tier_4_Low,0
HTI,Haiti,2020,39.38809967,1290.3253866738305,1340.0,61.366,52.6307476732151,7.163424401439291,7.201170883281678,39.91112467613151,48.57601760256272,25.765434823514365,34.01121885281128,42.13619274005806,26.74035420651887,25.765434823514365,36.42311997536284,False,True,True,False,False,False,False,,False,True,False,0,Tier_4_Low,0
HTI,Haiti,2021,43.37919998,1841.331893372222,1450.0,62.099,53.2460637918026,7.518787381568442,7.280008252884188,42.99727693108662,51.63210347916815,28.981696422549,37.86489747568272,44.205322833421306,27.998405536243588,28.981696422549,39.328026618777294,False,True,True,False,False,False,False,,False,True,False,0,Tier_4_Low,0
HTI,Haiti,2022,47.77470016,1760.6263566877697,1620.0,59.948,53.8524949966907,7.473992727645641,7.390798521735676,46.371369199021494,49.930126503186045,29.539537629618014,39.55212673357379,46.43457712809558,29.76634687867946,29.539537629618014,40.53905708183198,False,True,True,False,False,False,False,,False,True,False,0,Tier_4_Low,0
HUN,Hungary,2018,76.0743606365063,16605.0570511887,15180.0,51.527,70.4711761474609,9.717522790392897,9.627799924932715,72.51531309162871,60.87790913697914,63.72218948946176,68.10909585302443,69.62812153807015,65.46341039154576,63.72218948946176,66.55502025093249,True,True,True,True,True,True,True,,False,True,False,2,Tier_2_Good,1
HUN,Hungary,2019,80.3716936050482,17012.8598553199,16840.0,51.339,70.4565277099609,9.741783576480623,9.731571668456054,75.60282467005021,60.93429013027516,64.72679265234824,70.01420852868253,71.38513829910173,67.11935325957408,64.72679265234824,68.12113236539048,True,True,True,True,True,True,True,,False,True,False,2,Tier_2_Good,1
HUN,Hungary,2020,84.77115202,16386.9308821258,16330.0,51.34,70.2917327880859,9.704300421067302,9.700820421076743,78.71162929943017,60.66203198679983,64.20853758131729,71.56689341974038,73.07974793050013,66.62863866760725,64.20853758131729,68.98997611933162,True,True,True,True,True,True,True,,False,True,False,2,Tier_2_Good,1
HUN,Hungary,2021,88.64083466,19030.628130329,18070.0,52.211,70.2059275331413,9.853857512612047,9.802063722398165,81.4666399905019,62.30800812278193,66.10519217948416,74.00942969529584,74.61142209625805,68.24423379077432,66.10519217948416,71.04106822528573,True,True,True,True,True,True,True,,False,True,False,2,Tier_2_Good,1
HUN,Hungary,2022,89.14282688,18428.028825614,19200.0,53.057,70.1585064243445,9.821682353975044,9.862717639992917,81.81141491246117,62.61488376372251,66.35488349570161,74.0174715968873,74.78488327428943,69.21212176151482,66.35488349570161,71.36599901805435,True,True,True,True,True,True,True,,False,True,False,2,Tier_2_Good,1
IBT,IDA & IBRD total,2018,42.9,5085.50217477104,4932.106336309029,47.1122937798797,51.1819701268996,8.534345677791176,8.503724157115139,41.93478324605097,49.43995022434617,46.13926797787332,43.104465877773364,42.572991860238666,47.52591423275431,46.13926797787332,45.226840047926935,False,False,False,False,True,True,True,,False,True,False,1,,0
IBT,IDA & IBRD total,2019,47.8,5167.89523774326,5184.223096129879,47.0135492896356,51.6640843924242,8.550414257577858,8.553568146956861,45.628720272725694,49.49377813844634,46.6539499852987,45.32484117346986,44.92326899057814,48.32130223232004,46.6539499852987,46.82636443183218,False,False,False,False,True,True,True,,False,True,False,1,,0
IBT,IDA & IBRD total,2020,55.1,4923.57218418891,5000.493593143659,45.5934920992222,52.0441331737646,8.501992683678571,8.517491865437442,51.01434774820649,48.23292930924691,46.01357002207489,48.13289840214963,48.18953260725956,47.74561313759429,46.01357002207489,48.310369719120075,False,True,False,False,False,True,False,,False,True,False,0,Tier_4_Low,0
IBT,IDA & IBRD total,2021,59.3,5754.246750799381,5513.57068791016,46.624988909877,52.5067410155359,8.657867196135948,8.615149084216979,54.197743182522196,50.02755853564213,47.9276063361675,50.87518038344147,50.23838325616813,49.303983166455616,47.9276063361675,50.57860376740737,False,True,False,False,True,True,True,,False,True,False,1,,0
IBT,IDA & IBRD total,2022,63.0,6036.813744070889,5924.36790027445,47.032760258808,52.8148643869515,8.705797262502307,8.686998056948974,56.967599843862395,50.63733893813611,48.84983012549584,52.74732375528854,51.974196861473644,50.45051679816579,48.84983012549584,52.09902902145958,False,True,False,False,True,True,True,,False,True,False,1,,0
IDB,IDA blend,2018,24.1,1869.3820444761386,1824.1574271929421,49.4043268218828,45.5767065281075,7.533897990840747,7.509421523771869,26.45642600151619,43.62220317633572,30.922146844636387,28.247046243648317,30.944200259452302,31.659279458748955,30.922146844636387,32.15413644299024,False,False,True,False,False,False,False,,False,True,False,0,Tier_4_Low,0
IDB,IDA blend,2019,26.9,2205.8736189479605,1934.692690918031,49.8872275929028,46.0543233703288,7.6993321408871385,7.568220521207,28.637520308677296,45.135532420744624,32.59574150369351,30.472761192893408,32.42776206062595,32.597567446827554,32.59574150369351,33.88523100727631,False,False,True,False,False,False,False,,False,True,False,0,Tier_4_Low,0
IDB,IDA blend,2020,28.699999999999996,2008.89632662853,1922.5760247072903,49.1972397457984,46.5685904859548,7.605838420931113,7.5619412455637685,30.111700304210203,44.01350923549698,31.86495539989177,30.78762999698218,33.525576243239136,32.4973655868149,31.86495539989177,33.97792295582851,False,False,True,False,False,False,False,,False,True,False,0,Tier_4_Low,0
IDB,IDA blend,2021,32.4,2142.3117267460093,2127.7680653477273,50.0770691221338,47.0949322895637,7.670107447678844,7.663298718305059,32.95742610572036,45.04418938178732,33.14157740861559,32.80551801605022,35.41312812888455,34.11478260621352,33.14157740861559,35.766931630056284,False,False,True,False,False,False,False,,False,True,False,0,Tier_4_Low,0
IDB,IDA blend,2022,36.5,2234.83616206483,2231.18429576123,50.5062126854949,47.6330129185198,7.712370558810815,7.710735889878002,36.0950958871632,45.62638160853344,33.827766400620874,34.86244782608145,37.47333557251699,34.871763681008545,33.827766400620874,37.32674660161341,False,False,True,False,False,False,False,,False,True,False,0,Tier_4_Low,0
IDN,Indonesia,2018,39.9046386385762,3860.95353090726,3809.999999999998,53.131,55.0956840515137,8.258928430525406,8.24564690087386,41.13985269085741,51.28451726547487,42.07494003438931,41.175660463921545,44.062604867731466,43.407633308073216,42.07494003438931,43.92519149837928,False,True,True,False,False,False,False,,False,True,False,0,Tier_4_Low,0
IDN,Indonesia,2019,47.6906489788375,4106.94856160358,4020.0,53.949,55.7382049560547,8.320679049451938,8.299285906897275,46.966495817247164,52.257314010758435,42.95249173512191,44.88610842133855,47.71124178732235,44.263580471114054,42.95249173512191,46.617302758221456,False,True,True,False,False,False,False,,False,True,False,0,Tier_4_Low,0
IDN,Indonesia,2020,53.72649449,3853.7028877414596,3850.0,53.203,56.2785287648768,8.257049211105436,8.25608813381491,51.49808969536698,51.31688899835972,42.14456654656768,47.122873911309995,50.569091426256705,43.57424981305913,42.14456654656768,47.80066337521819,False,True,True,False,False,False,False,,False,True,False,0,Tier_4_Low,0
IDN,Indonesia,2021,62.10447842,4287.173139950981,4130.0,52.069,56.8761702464027,8.363616079722552,8.326274787396764,57.73514712076815,51.36741160777463,43.480434903593526,51.32738763568357,54.42996014097842,44.694256902498736,43.480434903593526,50.62253829556142,False,True,True,False,False,False,False,,False,True,False,0,Tier_4_Low,0
IDN,Indonesia,2022,66.48461277,4730.834848361072,4520.0,52.562,57.4934704226599,8.462068323466626,8.416488487294606,61.10196013809158,52.39953589897922,44.91701567881485,53.84514952656476,56.66045325237418,46.133846600735616,44.91701567881485,52.648596071989914,False,True,True,False,False,True,False,,False,True,False,0,Tier_4_Low,0
IDX,IDA only,2018,20.9,1159.061343137042,1143.4050487222903,50.3145153270882,33.950062765686,7.056228164716897,7.042640172842465,20.11122868968414,40.72669213122109,23.720106936862994,21.4540815703269,21.543664850815134,24.21059234262345,23.720106936862994,25.82400620925755,False,False,True,False,False,False,False,,False,False,False,0,Tier_4_Low,0
IDX,IDA only,2019,22.799999999999997,1186.4055968086395,1194.438286969429,50.07897724066,34.362549702073,7.079526035324405,7.086268164461346,21.621987909920648,40.745655714704085,24.237826062985903,22.466727733906907,22.61182938236592,24.90678823482639,24.237826062985903,26.612619171277377,False,False,True,False,False,False,False,,False,False,False,0,Tier_4_Low,0
IDX,IDA only,2020,26.0,1170.9805151689197,1174.3046883986408,49.6038093562406,34.75242382061829,7.066450344716265,7.069282702238859,24.060438928142133,40.34652518845829,24.00710472964822,23.79687928217104,24.198872203781953,24.63574185868869,24.00710472964822,27.349340286603418,False,False,True,False,False,False,False,,False,False,False,0,Tier_4_Low,0
IDX,IDA only,2021,28.4,1256.1929643073508,1240.8708534355592,49.554350559108,35.1406165500882,7.1366367085884335,7.124374274345748,25.922580006426852,40.82588471463134,24.957662944039207,25.28260965441709,25.455759949081198,25.51486841878502,24.957662944039207,28.51056148277112,False,False,True,False,False,False,False,,False,False,False,0,Tier_4_Low,0
IDX,IDA only,2022,30.700000000000003,1332.3173017870795,1321.4633768022723,49.7107785796684,35.5511339217003,7.195425327701943,7.187251470949975,27.720517139123096,41.35395416359462,25.88735912150232,26.66600584074829,26.687047903673076,26.518234477243563,25.88735912150232,29.659888720041774,False,False,True,False,False,False,False,,False,False,False,0,Tier_4_Low,0
IMN,Isle of Man,2018,73.8236186050467,89393.8244248812,83430.0,68.03132952426553,52.1651893864538,11.400818067146643,11.331775221920417,64.53101363180531,83.6899052812411,89.57313156660828,72.74473727692555,55.97346774743765,92.65468274121602,89.57313156660828,77.40130613240954,True,True,True,True,True,True,True,,False,True,False,2,Tier_2_Good,1
IMN,Isle of Man,2019,61.23909709623393,87127.5517977404,84470.0,57.842629152904635,52.1789898247578,11.375139913920442,11.344163559174019,55.47927644067133,76.98593991071381,89.48502439391126,67.42321223739162,50.807900881567285,92.85237026216645,89.48502439391126,72.74661152890094,False,True,True,False,True,True,True,,False,True,False,1,,0
IMN,Isle of Man,2020,77.04232363422791,79513.5330346598,79280.0,56.22089468841369,52.1909519786866,11.28369508940296,11.280753782446014,66.85633329673422,75.28285924577327,88.31332392779011,73.39216919389587,57.31501757707507,91.840505529332,88.31332392779011,76.10375538531603,True,True,True,True,True,True,True,,False,True,False,2,Tier_2_Good,1
IMN,Isle of Man,2021,94.1707889354122,94299.969348965,76440.0,56.68779943352214,52.1999559660634,11.4542467479851,11.244274480424577,79.18607863099317,76.8232151747919,89.26397268319224,81.43140322595022,64.36505842985233,91.25838521447515,89.26397268319224,81.1826405505325,True,True,True,True,True,True,True,,False,True,False,2,Tier_2_Good,1
IMN,Isle of Man,2022,94.93118809406239,88328.548125887,78440.0,55.97133197665269,52.1955609162662,11.388829963977049,11.270102028826674,79.73177693280971,75.88867017226244,88.99377509426783,81.362069461107,64.67470310249041,91.67052962992953,88.99377509426783,81.12985226057458,True,True,True,True,True,True,True,,False,True,False,2,Tier_2_Good,1
IND,India,2018,20.081300037938398,1966.2545517167891,1970.0,26.568,33.4984353473598,7.5843942211584015,7.58629630715272,19.365026114569886,29.38300759156118,31.903153518749363,24.088994960448627,20.89294958012743,32.88601271915825,31.903153518749363,26.480442152615485,False,False,False,False,False,False,False,,False,False,False,0,Tier_4_Low,0
IND,India,2019,29.523500440000003,2041.4286369858492,2070.0,26.539,33.8139578818147,7.6218948870715595,7.635786861395585,26.269868292466924,29.63748353698501,32.57105279629007,28.26348682946831,24.99528706002983,33.67576075220357,32.57105279629007,29.33118044375642,False,False,False,False,False,False,False,,False,False,False,0,Tier_4_Low,0
IND,India,2020,43.40544313,1907.0425163766904,1900.0,25.998,34.1286726088333,7.5538331349762595,7.550135342488429,36.3695199141227,28.795916252324247,31.39213196051901,33.64871585477353,30.922828715475084,32.30897228884699,31.39213196051901,32.38764790503484,False,False,False,False,False,False,False,,False,False,False,0,Tier_4_Low,0
IND,India,2021,49.2580986,2239.6138436748224,2170.0,27.724,34.4425517181304,7.71450514466254,7.682943169878292,40.690550641717344,31.069700036931696,33.621555477046215,37.064093164893166,33.54788625492775,34.42825993997062,33.621555477046215,35.295990473056385,False,False,False,False,False,False,False,,False,False,False,0,Tier_4_Low,0
IND,India,2022,55.9,2347.448294346228,2390.0,29.348,34.7555673994206,7.761510088765765,7.779466967458324,45.57926730086128,32.45068329002305,34.73391875811224,40.14178735721436,36.49690690881241,35.968543342472344,34.73391875811224,37.8291569335979,False,False,False,False,False,False,False,,False,False,False,0,Tier_4_Low,0
IRL,Ireland,2018,87.0001401148942,80804.1123164826,59110.0,55.999,63.0844503476779,11.299795513751242,10.987172311286548,77.80994205671189,75.25814825074247,86.08812316239468,80.10585478512117,68.9847931250095,87.15566429177059,86.08812316239468,79.65077717511527,True,True,True,True,True,True,True,,False,True,False,2,Tier_2_Good,1
IRL,Ireland,2019,87.0000552425146,81827.6688873996,62460.0,56.207,63.2737009154127,11.312382936584767,11.042297640955464,77.87567870942247,75.48283490784827,86.61959907653339,80.22299966937513,69.11635368611194,88.0353295398776,86.61959907653339,79.95785471759508,True,True,True,True,True,True,True,,False,True,False,2,Tier_2_Good,1
IRL,Ireland,2020,91.99989097,86514.0706108754,64420.0,55.055,63.4713366724915,11.368073904459582,11.073194945894171,81.54255706023119,75.15143989769318,87.27158229401401,82.64927127620781,71.30987424970166,88.52837485276703,87.27158229401401,81.4825748559676,True,True,True,True,True,True,True,,False,True,False,2,Tier_2_Good,1
IRL,Ireland,2021,93.50610352,103783.446284479,74070.0,57.851,63.6774229356985,11.550071395369551,11.212779371658742,82.69816410413199,78.26489057622379,89.71033587857502,84.37647471345771,72.0725798258137,90.75580041665077,89.71033587857502,83.47558860651372,True,True,True,True,True,True,True,,False,True,False,2,Tier_2_Good,1
IRL,Ireland,2022,95.03690338,105190.685952731,75970.0,59.114,63.8920250215059,11.563539545295066,11.238106967501329,83.8744263109374,79.17080071466182,90.01047453985251,85.13417480430914,72.8513179813673,91.15996681374328,90.01047453985251,84.21993131557181,True,True,True,True,True,True,True,,False,True,False,2,Tier_2_Good,1
IRN,"Iran, Islamic Republic of",2018,70.2005650008363,4783.01067340237,5390.0,17.341,74.8034286499023,8.473034526690347,8.592486175451668,69.79441350572779,29.950912222844316,46.401101631647194,59.44930372119314,70.22506008476643,48.942338648743025,46.401101631647194,52.900731474382866,True,True,False,False,False,True,False,,False,True,False,0,Tier_4_Low,0
IRN,"Iran, Islamic Republic of",2019,72.4509047672065,3997.493544958499,4710.0,16.811999999999998,75.2038879394531,8.29367295540488,8.45765547870004,71.55311537256975,28.306697248230673,44.01946791288038,59.42285629623019,71.42893225053328,46.790770957033835,44.01946791288038,52.31874122138839,True,True,False,False,False,True,False,,False,True,False,0,Tier_4_Low,0
IRN,"Iran, Islamic Republic of",2020,75.56986637,3202.5000350216906,3980.0,13.722999999999999,75.5986404418945,8.071999252011397,8.289288323000317,73.9349426581843,24.71697009475062,41.06219896659519,59.50584729323156,72.98604164355447,44.104043518282964,41.06219896659519,51.3522726706519,True,True,False,False,False,False,False,,False,True,False,0,Tier_4_Low,0
IRN,"Iran, Islamic Republic of",2021,78.5957366,4605.148813189919,4110.0,13.085999999999999,75.9926376342773,8.435147388410591,8.321421586897879,76.24951351076332,26.95344089285219,43.96249917157331,62.95663810222344,74.50434364257467,44.616811709034934,43.96249917157331,53.651470694537906,True,True,False,False,False,False,False,,False,True,False,0,Tier_4_Low,0
IRN,"Iran, Islamic Republic of",2022,81.71649933,4721.20437099984,4389.999999999998,13.469000000000001,76.3342208862305,8.460030997310286,8.387312270561717,78.61415135908956,27.379586002982084,44.66939235518147,64.46410318329329,76.02522245635117,45.668265640307695,44.66939235518147,54.912562257159394,True,True,False,False,False,False,False,,False,True,False,0,Tier_4_Low,0
IRQ,Iraq,2018,33.92810059,5646.68932074742,4820.0,11.445999999999998,69.8765148865842,8.63900177071032,8.480736654405622,41.97772554938551,27.3886159839711,46.71780918195155,44.3575793640488,51.88271582637123,47.159089990690326,46.71780918195155,41.99154539773952,False,True,False,False,True,True,True,,False,True,False,1,,0
IRQ,Iraq,2019,44.3263465511579,5671.856863294201,5520.0,11.582,69.8683395385742,8.643448125789181,8.616314282284044,49.458050591890135,27.507977763102136,47.831924508812925,48.65767762364496,56.15312675655804,49.32257687379333,47.831924508812925,45.23742745319583,False,True,False,False,True,True,True,,False,True,False,1,,0
IRQ,Iraq,2020,53.67779922,4295.18945121228,4720.0,10.884999999999998,69.8683166503906,8.365483734660549,8.459775920546287,56.18787823284063,25.038422482287373,44.55920800468313,50.88430700061693,59.99873118330955,46.82460801549639,44.55920800468313,45.9652206757807,False,True,False,False,False,True,False,,False,True,False,0,Tier_4_Low,0
IRQ,Iraq,2021,65.00219727,4868.49431080783,4740.0,10.902000000000001,69.8682708740234,8.490745373068675,8.464003362902119,64.33754128490668,25.9612691317394,45.504910730463834,56.27083413051909,64.65565876262119,46.892067641609025,45.504910730463834,49.43472288366544,False,True,False,False,False,True,False,,False,True,False,0,Tier_4_Low,0
IRQ,Iraq,2022,78.71560926,6520.73154560584,5510.0,11.183,69.8682861328125,8.782895194141462,8.614501373883236,74.20649545355117,28.2680153302252,48.83271028430614,63.6118447992044,70.29506872342199,49.29364729590653,48.83271028430614,54.73346058236266,True,True,False,False,True,True,True,,False,True,False,1,,0
ISL,Iceland,2018,99.0109539916991,75633.8651351915,72210.0,71.596,93.8526667025487,11.233672634894182,11.187347667846776,97.150950988901,84.7530713310614,87.20386682067479,91.79152632552784,95.31872139170648,90.34997271134905,87.20386682067479,90.78534076146455,True,True,True,True,True,True,True,,False,True,False,2,Tier_2_Good,1
ISL,Iceland,2019,99.5049411693787,69296.3144361601,74870.0,71.457,93.9770847416131,11.146161431702126,11.223521911620107,97.54970924104649,84.02703334730228,86.85536379163759,91.51380454851872,95.60837906206173,90.9272250437173,86.85536379163759,90.71161579306126,True,True,True,True,True,True,True,,False,True,False,2,Tier_2_Good,1
ISL,Iceland,2020,99.5327519,60127.9393575616,65670.0,69.309,94.1367102874722,11.004246524722241,11.092412706722497,97.62522126562057,81.61988695719307,84.77605512043122,90.73566556758209,95.7308114273314,88.83504324728989,84.77605512043122,89.4544485121719,True,True,True,True,True,True,True,,False,True,False,2,Tier_2_Good,1
ISL,Iceland,2021,99.68701957,70425.4064277273,66970.0,69.148,94.2108206403841,11.162323563119921,11.112014968851744,97.76200736126465,82.66779316150028,86.08334405464586,91.73699249721408,95.84578395745388,89.14784734085173,86.08334405464586,90.16795886582965,True,True,True,True,True,True,True,,False,True,False,2,Tier_2_Good,1
ISL,Iceland,2022,97.58339691,76350.45504165022,73690.0,70.57,94.1787071228028,11.243102367985163,11.207635954031296,96.23695613870298,84.1654629278672,87.4343960892067,91.33496225190166,94.95837601012441,90.67372406861732,87.4343960892067,90.4476368756152,True,True,True,True,True,True,True,,False,True,False,2,Tier_2_Good,1
ISR,Israel,2018,83.7331569615326,42362.6652754196,42060.0,60.857,91.6456193546346,10.654046322776166,10.646876224532782,85.38884628509649,73.66407281015208,78.67157149967309,81.62124799749337,87.50132490441132,81.72537220314331,78.67157149967309,80.8327135187276,True,True,True,True,True,True,True,,False,True,False,2,Tier_2_Good,1
ISR,Israel,2019,86.7878776180583,44250.6313628073,44280.00000000001,60.618,91.6154002002652,10.697647516712603,10.698310970126737,87.57669003126455,73.8286412901912,79.39939820811111,83.12439615013567,88.7365121151211,82.54614476842266,79.39939820811111,81.95045562125009,True,True,True,True,True,True,True,,False,True,False,2,Tier_2_Good,1
ISR,Israel,2020,90.12734091,44575.57190454921,43370.0,59.403,91.5788453228939,10.704963706373155,10.677546293976553,89.96724794986912,73.10475477318545,79.28698736417485,84.53183151870489,90.08438917600571,82.2147913940806,79.28698736417485,82.61761099202721,True,True,True,True,True,True,True,,False,True,False,2,Tier_2_Good,1
ISR,Israel,2021,90.29689758,52270.9040241956,49680.0,59.696,91.5353517549466,10.864214297754753,10.813377845229255,90.07414890846634,74.45159781581455,81.53018779526776,85.51902241856948,90.12387310155366,84.3823302723259,81.53018779526776,83.79392631834133,True,True,True,True,True,True,True,,False,True,False,2,Tier_2_Good,1
ISR,Israel,2022,91.85079615,54949.621556429,55450.0,61.109,91.4979834273327,10.914190271076786,10.923255026881002,91.17943038928513,75.7192495171362,82.7707254385848,86.44045633073878,90.73690246015013,86.13570097939454,82.7707254385848,84.96269483742307,True,True,True,True,True,True,True,,False,True,False,2,Tier_2_Good,1
ITA,Italy,2018,74.3871829234822,34904.1081923834,34120.0,40.777,69.4800033569336,10.460388464023918,10.4376683094997,70.95651812849141,59.410336212353315,75.59241390684504,71.5123094161632,68.24508697010197,78.38692627295428,75.59241390684504,70.33373251722671,True,True,False,False,True,True,True,,False,True,False,1,,0
ITA,Italy,2019,67.8507102874836,33812.788724868,35030.0,40.908,69.5050010681153,10.428623948721835,10.463988662743825,66.26119286473337,59.26286498616905,75.57115513157643,68.64508376092802,65.57445979737065,78.80693464670578,75.57115513157643,68.61330781681171,False,True,False,False,True,True,True,,False,True,False,1,,0
ITA,Italy,2020,70.48342785,32091.4866621366,32600.0,39.501,69.5187492370606,10.376377221352127,10.392098241730961,68.16062560404393,57.98251874874785,74.61717299388224,69.4266214337658,66.66667835923931,77.65973960194843,74.61717299388224,68.66625733872647,True,True,False,False,True,True,True,,False,True,False,1,,0
ITA,Italy,2021,74.8623274,36852.5425414951,36760.0,39.884,69.4812507629394,10.514707027094456,10.51219277958166,71.29889272819767,59.23461392536967,76.58249662213166,72.02436831418416,68.44134915872031,79.57615428951988,76.58249662213166,70.82145729889871,True,True,False,False,True,True,True,,False,True,False,1,,0
ITA,Italy,2022,85.06074504,35653.9042103495,39060.0,40.517,69.4839779766539,10.481641981888876,10.572879805741458,78.63920053035804,59.39876918280713,76.82597324553181,76.02633499649568,72.6371653094013,80.54457059186872,76.82597324553181,73.66685437031046,True,True,False,False,True,True,True,,False,True,False,1,,0
JAM,Jamaica,2018,68.2145170876072,5976.903626443371,5610.0,58.309,56.297410990325,8.6958252213428,8.632484235750972,61.93105715688911,57.77737600462383,48.342274702347,55.640817389274304,56.54016552109585,49.580609727543035,48.342274702347,55.29996742952511,True,True,True,True,True,True,True,,False,True,False,2,Tier_2_Good,1
JAM,Jamaica,2019,70.8410169743356,6030.68896415921,5930.0,59.835,56.6957957395074,8.704782344061094,8.687948111838727,63.959743909589065,58.81866651294619,48.850021241360665,56.86542843154737,57.897284384114315,50.465677347324025,48.850021241360665,56.48901360662525,True,True,True,True,True,True,True,,False,True,False,2,Tier_2_Good,1
JAM,Jamaica,2020,76.38400269,5299.04530804283,5360.0,57.579,57.1103647563627,8.575470648191,8.586905803827538,68.09292610785569,56.434198150368466,47.10236782459352,58.487806380290486,60.465010457072225,48.853289585113785,47.10236782459352,56.866273755433646,True,True,True,True,True,True,True,,False,True,False,2,Tier_2_Good,1
JAM,Jamaica,2021,82.36071561,5625.678062712361,5690.0,58.395,57.5411017937226,8.635274504843359,8.646641258603124,72.54386421611366,57.39154214344805,48.01438823157278,61.39378582167973,63.222341650015494,49.80652113876705,48.01438823157278,59.06013640165746,True,True,True,True,True,True,True,,False,True,False,2,Tier_2_Good,1
JAM,Jamaica,2022,85.84329987,6626.475023885381,6340.0,60.803,57.9879906034775,8.798979169598612,8.754791763700032,75.20550148627028,60.12363404000798,50.06915589136232,63.88300600998765,64.96523746536975,51.53233831701084,50.06915589136232,61.38144933164657,True,True,True,True,True,True,True,,False,True,False,2,Tier_2_Good,1
JOR,Jordan,2018,65.2,4145.439896732651,4089.999999999998,14.649000000000001,91.2008859099729,8.330005388846534,8.316544717929398,71.8967128489921,27.187694050238946,43.158096739454194,60.360505025213115,79.57064466140203,44.538988824765404,43.158096739454194,52.648255058297416,False,True,False,False,False,False,False,,False,True,False,0,Tier_4_Low,0
JOR,Jordan,2019,70.08470154,4170.1144003465,4190.0,13.685000000000002,91.515966492507,8.335938521379315,8.340694647925071,75.52156676485423,26.614285649113416,43.393980041205644,62.47684019225366,81.79848362624341,44.924362559289996,43.393980041205644,53.97171246911636,True,True,False,False,False,False,False,,False,True,False,0,Tier_4_Low,0
JOR,Jordan,2020,78.4178009,4022.040135613499,4070.0,14.975000000000001,91.8216722992319,8.299793148438303,8.31164394850298,81.62482391029195,27.176252386831436,42.89903304498427,65.76401181937733,85.43789675485917,44.46078454772437,42.89903304498427,56.132484028381434,True,True,False,False,False,False,False,,False,True,False,0,Tier_4_Low,0
JOR,Jordan,2021,85.999997,4183.499983268661,4240.0,13.963999999999999,92.117972910453,8.339142497474521,8.352554369474591,87.18441853778846,26.816069547791614,43.51193278573761,69.17992186313086,88.76197422556277,45.11361466829318,43.51193278573761,58.342852816138524,True,True,False,False,False,False,False,,False,True,False,0,Tier_4_Low,0
JOR,Jordan,2022,90.4999984,4332.25159897931,4380.0,13.922000000000004,92.4048379066163,8.374073485823674,8.385032287813898,90.52261055910694,27.043521631328453,44.02538341106333,71.30041210096937,90.81199230775468,45.63188269980492,44.02538341106333,59.820131529661154,True,True,False,False,False,False,False,,False,True,False,0,Tier_4_Low,0
JPN,Japan,2018,88.7463508901772,39751.1330982711,41800.0,52.368,91.6377318609728,10.590418781492266,10.640675541671662,88.99388261467507,67.77099725796339,78.15885450816235,83.31041307862415,89.55742811267207,81.62642449144309,78.15885450816235,80.79181030057597,True,True,True,True,True,True,True,,False,True,False,2,Tier_2_Good,1
JPN,Japan,2019,92.7303978145525,40415.9567649547,41970.0,53.24,91.7164207898107,10.607004697795462,10.644734182586557,91.88838688020648,68.44951048802484,78.31199199152542,85.06362465726633,91.25051367896745,81.69119045998823,78.31199199152542,82.04052969516015,True,True,True,True,True,True,True,,False,True,False,2,Tier_2_Good,1
JPN,Japan,2020,90.21945812,40028.7341726762,40930.0,53.09,91.7809926267889,10.597377811262001,10.619643001144993,90.10382232472904,68.28347677791484,78.04170611610743,83.98994040111953,90.26283397191898,81.29079665770796,78.04170611610743,81.24743456886674,True,True,True,True,True,True,True,,False,True,False,2,Tier_2_Good,1
JPN,Japan,2021,82.91407928,40094.5599795288,43710.0,53.46,91.8741049279527,10.599020883461815,10.685355065655601,84.87883031172909,68.53210291964126,78.57797037964589,81.01688377495933,87.32337116343055,82.33940026477067,78.57797037964589,79.63858627708807,True,True,True,True,True,True,True,,False,True,False,2,Tier_2_Good,1
JPN,Japan,2022,84.92343147,34065.6438962526,42640.0,54.173,91.9776532428406,10.43607399967595,10.660571510722328,86.360875267093,67.80181821791129,77.19388594860239,80.91812168047466,88.2216842558752,81.94391542812134,77.19388594860239,79.55742608395322,True,True,True,True,True,True,True,,False,True,False,2,Tier_2_Good,1
KAZ,Kazakhstan,2018,78.9039190578816,9472.48527327758,7789.999999999999,64.818,58.2388038921695,9.156252151553616,8.960724500330858,70.29873113205426,65.29289658960663,54.31338873076153,63.16835557672259,62.28594235422797,54.81852042149362,54.31338873076153,62.2388911188697,True,True,True,True,True,True,True,,False,True,False,2,Tier_2_Good,1
KAZ,Kazakhstan,2019,81.8776204746284,9457.126146571358,8500.0,64.661,59.0832474269546,9.154629560667358,9.04793908261736,72.73236737708389,65.18066108787339,54.9974409491776,64.57751533481289,64.0960089040925,56.21025154811693,54.9974409491776,63.456961877842275,True,True,True,True,True,True,True,,False,True,False,2,Tier_2_Good,1
KAZ,Kazakhstan,2020,85.94259898,8781.50797787648,8380.0,63.607,59.9871193541692,9.080517292522886,9.033722518098907,75.97201027315752,63.966911756281434,54.34443251950551,66.02700666288828,66.39616751037005,55.983389997728686,54.34443251950551,64.21314946652075,True,True,True,True,True,True,True,,False,True,False,2,Tier_2_Good,1
KAZ,Kazakhstan,2021,90.9239507,9983.60103576902,8540.0,64.068,61.030254280267,9.208799288694005,9.052633375946147,79.91954558882755,65.19574467241743,55.42928076815768,69.064451543675,69.17000506066876,56.28516097234271,55.42928076815768,66.32831728139845,True,True,True,True,True,True,True,,False,True,False,2,Tier_2_Good,1
KAZ,Kazakhstan,2022,92.29685266,11255.3396437881,9420.0,64.743,61.444157327248,9.328686772804879,9.150696519048667,81.05146751784272,66.50034212772712,57.084550705654124,70.42324611651138,70.02239449231334,57.850008559205676,57.084550705654124,67.66363789822267,True,True,True,True,True,True,True,,False,True,False,2,Tier_2_Good,1
KEN,Kenya,2018,19.5,1836.4527552899308,1720.0,65.814,31.3940041639796,7.516135519349607,7.450660796211539,18.215031083053272,53.98902776947278,30.32398773602597,22.96460477040118,19.19058304412768,30.721602164141302,30.32398773602597,30.220239256531382,False,False,True,False,False,False,False,,False,False,False,0,Tier_4_Low,0
KEN,Kenya,2019,22.668773361817102,1960.4080885489311,1880.0,62.817,31.1895566421135,7.581417906814778,7.53955882930103,20.424378738111397,52.54734326420802,31.50857649184654,24.600552547004668,20.351522652773355,32.14019704245883,31.50857649184654,31.201934684554775,False,False,True,False,False,False,False,,False,False,False,0,Tier_4_Low,0
KEN,Kenya,2020,24.7227993,1927.6645902784894,1910.0,62.167,31.2063494632616,7.564583120274834,7.555381944240273,21.9084107209412,52.00901633238423,31.512259162125915,25.351073737637094,21.207881568234413,32.39269520278644,31.512259162125915,31.652135788109415,False,False,True,False,False,False,False,,False,False,False,0,Tier_4_Low,0
KEN,Kenya,2021,26.962900160000004,2061.3562208959393,2070.000000000002,62.668,31.2879334021971,7.631604404698149,7.635786861395585,23.548879034329687,52.81742318313457,32.64174336990542,26.681546750168238,22.185813052242406,33.67576075220357,32.64174336990542,32.86545229314711,False,False,True,False,False,False,False,,False,False,False,0,Tier_4_Low,0
KEN,Kenya,2022,29.405899050000002,2109.5628851313704,2170.0,62.832,31.4307820066946,7.654709961097709,7.682943169878292,25.356664480817727,53.09054378888071,33.186213991691915,27.853873819929156,23.289783191916282,34.42825993997062,33.186213991691915,33.81102007108516,False,False,True,False,False,False,False,,False,False,False,0,Tier_4_Low,0
KGZ,Kyrgyzstan,2018,62.8,1283.5203037416995,1200.0,44.016,34.9408997219466,7.158140623152689,7.0909098220799835,50.609334008487494,37.439941042536326,24.84721779916545,39.507961381156306,39.463281391663024,24.980857722033985,24.84721779916545,36.747336209905825,False,False,False,False,False,False,False,,False,False,False,0,Tier_4_Low,0
KGZ,Kyrgyzstan,2019,64.1,1421.9992750410202,1240.0,44.04,34.8805205758044,7.26052208863155,7.123672785204607,51.523895390188486,38.20068499944022,25.854018922411882,40.62488285455325,39.95589884896033,25.503674370185355,25.854018922411882,37.59306118540804,False,False,False,False,False,False,False,,False,False,False,0,Tier_4_Low,0
KGZ,Kyrgyzstan,2020,72.0,1229.517666029069,1210.0,43.877,34.8174315392111,7.115190226517219,7.099201743553092,57.187248851841396,37.03832998680724,24.60067491100857,43.012519780092376,43.1607658351684,25.113176480102805,24.60067491100857,38.983293147610304,True,False,False,False,False,False,False,,False,False,False,0,Tier_4_Low,0
KGZ,Kyrgyzstan,2021,77.11769867,1349.9973065054219,1270.0000000000018,43.997,34.7521210171204,7.20859834425386,7.147559271189455,60.84752815534875,37.795147718514414,25.666570705761828,45.64599495083814,45.21991565179858,25.88484418352642,25.666570705761828,40.86262973759684,True,False,False,False,False,False,False,,False,False,False,0,Tier_4_Low,0
KGZ,Kyrgyzstan,2022,84.1937027,1739.720183441741,1540.0,45.238,34.7003053497743,7.462054205105942,7.340186835320115,65.92180686477809,40.4342271331894,29.048799408577533,50.02010437514358,48.09376773826253,28.958708322044007,29.048799408577533,44.5367550385218,True,False,False,False,False,False,False,,False,False,False,0,Tier_4_Low,0
KHM,Cambodia,2018,65.0,2036.6737756657803,1920.0,76.845,37.6404336372742,7.619564130148468,7.560601162768557,53.13113978815344,61.79782022967491,31.9541938148329,43.72591146257439,42.2451147406639,32.475981147545085,31.9541938148329,45.475598181759906,False,False,True,False,False,False,False,,False,False,False,0,Tier_4_Low,0
KHM,Cambodia,2019,52.305878224498,2225.877054856861,2100.0,77.289,39.5830241256026,7.708355459113247,7.650168700845001,44.671120524333986,62.7282658554105,33.31528229158139,39.47309701741203,38.375661681715385,33.90525968569728,33.31528229158139,43.217655713543415,False,False,True,False,False,False,False,,False,False,False,0,Tier_4_Low,0
KHM,Cambodia,2020,56.37590027,2081.739142429391,2050.0,77.09,39.832658030922,7.641439201747872,7.62608275807238,47.686930693426326,62.11379239362129,32.635919185081484,40.81493355009379,40.222969666225836,33.52090703053457,32.635919185081484,43.95935197303663,False,False,True,False,False,False,False,,False,False,False,0,Tier_4_Low,0
KHM,Cambodia,2021,60.76269913,2167.40324198499,2120.0,73.711,40.1091858128847,7.681746342489746,7.659642954564682,50.940061754842546,60.24593523656074,33.197146380587924,42.91778829277363,42.219247209670584,34.0564455706436,33.197146380587924,45.00283718847855,False,False,True,False,False,False,False,,False,True,False,0,Tier_4_Low,0
KHM,Cambodia,2022,65.49079895,2325.0305004084094,2270.0,77.173,40.374616187368,7.751918445807947,7.7279755421055585,54.43495404643789,62.97123084931433,34.25324785854491,45.33237140075184,44.348162179613084,35.146866307062915,34.25324785854491,47.24903663485135,False,False,True,False,False,False,False,,False,True,False,0,Tier_4_Low,0
KIR,Kiribati,2018,32.9864006,1912.7380937818707,3280.0,49.98295877260013,54.5004023142497,7.556813725545288,8.0959035329611,35.95413160590711,44.15915346334192,35.76839409233166,34.103258554218684,40.80367181125577,41.018095908868716,35.76839409233166,38.3549647446624,False,True,True,False,False,False,False,,False,True,False,0,Tier_4_Low,0
KIR,Kiribati,2019,41.79299927,1750.9977188915,3610.0,40.84352286923864,56.2846727145489,7.468511969492921,8.191740021277457,42.912205965667624,37.67039685694689,35.89016705696498,37.62407379318509,45.665923722169495,42.547411538885655,35.89016705696498,39.81841353247155,False,True,False,False,False,False,False,,False,True,False,0,Tier_4_Low,0
KIR,Kiribati,2020,52.95090103,1751.7824916821392,3070.0,38.61193663411506,58.4123714112748,7.468959799460339,8.029758520440822,51.68181286215212,36.24626429077803,34.60101348943315,42.708338290808356,51.73391066341938,39.962583511951486,34.60101348943315,42.26044269266984,False,True,False,False,False,False,False,,False,True,False,0,Tier_4_Low,0
KIR,Kiribati,2021,67.08760071,2222.0481950189696,3149.999999999998,48.90288772798774,59.6364645301985,7.706634593899662,8.055475141757274,62.28097038662662,44.55908339831538,36.53660251464068,50.18985331694372,58.39855330226955,40.3729578028025,36.53660251464068,48.51234634718148,False,True,True,False,False,False,False,,False,True,False,0,Tier_4_Low,0
KIR,Kiribati,2022,84.99849701,2069.7671726925,3610.0,54.52131518603126,60.5739126559419,7.635674432425998,8.191740021277457,75.49659444878505,47.63617838458444,37.10720078059037,57.35937632583527,66.4159491634781,42.547411538885655,37.10720078059037,54.31045818708065,True,True,True,True,False,False,False,,False,True,False,1,Tier_3_Moderate,0
KNA,Saint Kitts and Nevis,2018,68.60479736,22901.3816403197,21930.0,50.53951710666054,31.3607229995076,10.038996185895208,9.995656440007505,53.542056630745066,62.58678521195776,68.99773531174395,57.84461366876282,39.36092473425317,71.33349941494983,68.99773531174395,60.00620880981039,True,False,True,False,True,True,True,,False,False,False,1,,0
KNA,Saint Kitts and Nevis,2019,69.43499756,23595.4923231291,23670.0,50.92865412671663,31.4121818392285,10.068853349591228,10.07200594918639,54.157406732871316,63.053065940104574,69.82428730127137,58.37184732316054,39.73811188279092,72.55185058560164,69.82428730127137,60.6722176757119,True,False,True,False,True,True,True,,False,False,False,1,,0
KNA,Saint Kitts and Nevis,2020,70.27529907,18859.0190361046,19340.0,28.852936937343163,31.4716289738952,9.844799565524404,9.86998247397873,54.78280364260796,47.30150673671662,66.58115385810085,57.42619858711099,40.12500768161591,69.3280507188375,66.58115385810085,56.489216421276964,True,False,False,False,True,True,True,,False,False,False,1,,0
KNA,Saint Kitts and Nevis,2021,74.37159729,18361.1449697886,19070.0,44.91784319817641,31.5393525093972,9.81804648577043,9.855924135604518,57.75427791001074,57.382351002388845,66.2742085503518,58.970604752672145,41.85662982686982,69.10371407018255,66.2742085503518,59.476686680540865,True,False,False,False,True,True,True,,False,False,False,1,,0
KNA,Saint Kitts and Nevis,2022,75.76229858,21011.5744209816,21040.0,47.40380793866106,31.615640498316697,9.952876319458682,9.954228194239311,58.781628858522964,59.95408712054446,68.04018913743452,60.3454961459005,42.48157814443914,70.6724060788883,68.04018913743452,61.04621996002105,True,False,False,False,True,True,True,,False,False,False,1,,0
KOR,"Korea, Republic of",2018,96.0228595797887,35363.950822868705,34610.0,53.224,81.3823523035196,10.473476518909777,10.451926829595399,90.6649295846478,67.46711855564702,75.80146760010763,83.24459903848084,85.41868168832316,78.61445733159744,75.80146760010763,79.8377968131584,True,True,True,True,True,True,True,,False,True,False,2,Tier_2_Good,1
KOR,"Korea, Republic of",2019,96.157579184239,33826.9443301597,35790.0,53.772,81.2901063535619,10.429042495227343,10.485451744135313,90.72980982063774,67.49413277752748,75.74545148369549,83.01981591430004,85.4099394940076,79.1494328581592,75.74545148369549,79.87556070823548,True,True,True,True,True,True,True,,False,True,False,2,Tier_2_Good,1
KOR,"Korea, Republic of",2020,96.50506052,33645.7719545073,35000.0,53.137,81.1759595622913,10.423672400441793,10.463131911491967,90.94019108307238,67.04886951596689,75.5282693389556,83.10497638797406,85.47346305809458,78.79326299508833,75.5282693389556,79.76405925281608,True,True,True,True,True,True,True,,False,True,False,2,Tier_2_Good,1
KOR,"Korea, Republic of",2021,97.57132698,37518.4635305697,37450.0,53.65,81.1616526507785,10.532615104792185,10.530788690858559,91.7025627299759,68.17016270222324,76.86124977524227,84.17467335144667,85.90199805843129,79.87289948824098,76.86124977524227,80.76994275656108,True,True,True,True,True,True,True,,False,True,False,2,Tier_2_Good,1
KOR,"Korea, Republic of",2022,97.16855335,34822.4048404971,38590.0,55.03,81.1624941626873,10.458044992588073,10.560774367644997,91.4129965600723,68.50994326342342,76.55758774695977,83.57490602595941,85.73694963681952,80.35139744858736,76.55758774695977,80.66096004057935,True,True,True,True,True,True,True,,False,True,False,2,Tier_2_Good,1
KWT,Kuwait,2018,99.5988495907557,32067.9623756889,32340.0,49.614,100.0,10.375643937180572,10.384091054112533,99.71130941896094,64.44577413062615,74.54794673439595,88.46060554167761,99.83503395369198,77.5319644988278,74.54794673439595,83.0367292638842,True,True,True,True,True,True,True,,False,True,False,2,Tier_2_Good,1
KWT,Kuwait,2019,99.5426764518489,31707.8737443551,35680.0,49.32,100.0,10.364351849536613,10.482373613207029,99.670884043002,64.17550990359472,75.24990865394528,88.3717352910036,99.8119337388583,79.10031342752728,75.24990865394528,83.2936984006947,True,True,True,True,True,True,True,,False,True,False,2,Tier_2_Good,1
KWT,Kuwait,2020,99.10587017,25236.0755848941,33150.0,46.538,100.0,10.136069445635473,10.408828161071545,99.35653347423151,60.73403470569852,73.00108584597027,86.86249026336675,99.63230484241801,77.92670813956867,73.00108584597027,81.67836209572548,True,True,False,False,True,True,True,,False,True,False,1,,0
KWT,Kuwait,2021,99.7,34018.6342592913,35990.0,47.507,100.0,10.434693115136369,10.491024186183038,99.78410298901385,63.5279805664091,75.83105233600585,88.84612999417308,99.87663027943648,79.2383553851702,75.83105233600585,83.40549651041472,True,True,False,False,True,True,True,,False,True,False,1,,0
KWT,Kuwait,2022,99.74729919,39981.7691035833,39120.00000000001,49.616,100.0,10.596203867876566,10.57441468619423,99.81814216815741,66.05284974916987,77.67229260270793,89.80628991125216,99.89608123894709,80.56906352465319,77.67229260270793,84.61032211003555,True,True,True,True,True,True,True,,False,True,False,2,Tier_2_Good,1
LAC,Latin America & Caribbean (excluding high income),2018,62.6,8484.48335233409,8317.70968740116,52.0029282826457,79.39536132929,9.046112141553701,9.026262436139332,65.92111713231495,56.294092892412856,54.03442197390647,60.725892827997875,70.29246384025708,55.864345360947695,54.03442197390647,59.9359735579582,False,True,True,False,True,True,True,,False,True,False,1,,0
LAC,Latin America & Caribbean (excluding high income),2019,67.9,8282.78290882792,8394.09604744509,52.5920683159216,79.6346434391868,9.022055016091443,9.035403010475983,69.81849011856556,56.495776489493586,53.9322035948702,62.820767022246024,72.63838048787,56.01020654019112,53.9322035948702,61.38376413128838,False,True,True,False,True,True,True,,False,True,False,1,,0
LAC,Latin America & Caribbean (excluding high income),2020,73.3,6904.27677369596,7324.28303390113,48.5519551668175,79.8692548857256,8.840041148124223,8.899087072579212,73.78620490126112,52.5864325274974,51.51940930699911,64.03567301981069,75.02217262790319,53.834938037470216,51.51940930699911,61.13296842608295,True,True,True,True,True,True,True,,False,True,False,2,Tier_2_Good,1
LAC,Latin America & Caribbean (excluding high income),2021,75.3,7970.6164425206,7765.44476204419,51.1579741460821,80.0850327420149,8.983642567094506,8.957567779066892,75.300538920255,55.29882104274627,53.03151022737943,65.7445487638375,75.99467865649909,54.76814688158829,53.03151022737943,62.79351392565036,True,True,True,True,True,True,True,,False,True,False,2,Tier_2_Good,1
LAC,Latin America & Caribbean (excluding high income),2022,76.6,9111.34927084769,8351.00693010608,52.010624115289,80.294444140205,9.117385835258046,9.030257139876156,76.30889978726411,56.81792667734585,54.585206105195624,67.10666802350102,76.67489508441263,55.928091048726294,54.585206105195624,64.05807722424811,True,True,True,True,True,True,True,,False,True,False,2,Tier_2_Good,1
LAO,Laos,2018,36.27130127,2545.1075420814996,2460.0,57.066,35.2050070032013,7.842321017848811,7.8083230503910555,31.609601693557824,50.76833876113213,35.552502515108316,32.64468114840235,28.737468005417313,36.42901575152408,35.552502515108316,36.72531029492733,False,False,True,False,False,False,False,,False,False,False,0,Tier_4_Low,0
LAO,Laos,2019,47.03229904,2589.3208103523702,2520.000000000002,58.125,35.9072880879451,7.859537012023862,7.8324109271879205,39.59799159941068,51.571050405082346,35.87003608280989,37.33300270622358,33.651070418210935,36.81339926897691,35.87003608280989,39.96096424091276,False,False,True,False,False,False,False,,False,False,False,0,Tier_4_Low,0
LAO,Laos,2020,54.0,2583.7773069613104,2470.000000000002,58.68,36.6185033569111,7.85739463505412,7.812378205988611,44.85961622280308,51.910448257136835,35.69460182926731,40.350716918507075,37.010958661618254,36.49372610294076,35.69460182926731,41.906184332751586,False,False,True,False,False,False,False,,False,False,False,0,Tier_4_Low,0
LAO,Laos,2021,62.0,2526.0510501852896,2500.0,60.323,37.33877826835699,7.834808309077803,7.824445930877619,50.86729158326875,52.79692218250203,35.62644674791322,43.67597135808658,40.801661344982264,36.6862974357987,35.62644674791322,44.299212033182656,False,False,True,False,False,False,False,,False,False,False,0,Tier_4_Low,0
LAO,Laos,2022,64.54000092,2046.4044025562089,2300.0,61.37,38.0682382805397,7.624328124798983,7.741099090035366,52.94883543773753,51.93420612395294,33.42903071021708,43.66365056282224,42.353422356157694,35.35628598972156,33.42903071021708,44.11864365264938,False,False,True,False,False,False,False,,False,False,False,0,Tier_4_Low,0
LBN,Lebanon,2018,80.90000153,9174.53666204759,8700.0,28.47,89.272833088641,9.124296162988498,9.071193240566025,82.52498801389909,41.81091121103135,54.96213700564037,70.99625893967882,84.68632164452623,56.581330954703525,54.96213700564037,63.960354650982,True,True,False,False,True,True,True,,False,True,False,1,,0
LBN,Lebanon,2019,81.48120117,8905.88005497437,8630.0,29.286,89.4986743521503,9.094579296963557,9.063115652219658,83.02177164045423,42.116495613172106,54.681332781697925,71.11452936809862,85.0823685878164,56.45243242839103,54.681332781697925,64.11400826660307,True,True,False,False,True,True,True,,False,True,False,1,,0
LBN,Lebanon,2020,82.0664978,5561.19166950397,6350.0,25.944,89.729499798117,8.623747494736651,8.756367559802975,83.52323657003,36.55093508531114,48.805946835662525,68.66639438050508,85.4835660995524,51.55748416336108,48.805946835662525,60.96322733282723,True,True,False,False,True,True,True,,False,True,False,1,,0
LBN,Lebanon,2021,82.65599823,4045.3739106623398,4770.0,23.882,89.965362045441,8.305576428351998,8.470311205516108,84.02947796344615,32.91555622639633,44.207108877227526,67.11031818421935,85.88999469204165,46.992725360508494,44.207108877227526,58.641561779124636,True,True,False,False,False,True,False,,False,True,False,0,Tier_4_Low,0
LBN,Lebanon,2022,81.46479797,3654.35845534878,4130.0,22.339,90.206313713022,8.203949439973922,8.326274787396764,83.25599563403416,31.188704915285697,42.31797485303885,66.08438681913731,85.56768039331247,44.694256902498736,42.31797485303885,57.265866016320246,True,True,False,False,False,False,False,,False,True,False,0,Tier_4_Low,0
LBR,Liberia,2018,17.277700419999995,692.2031271297965,620.0,72.024,52.3245795497906,6.541323068982165,6.431331081933479,23.892780575600515,50.863974563338296,15.093819621843528,21.224352482093376,32.83078601416388,14.455596474948287,15.093819621843528,26.77051845914923,False,True,True,False,False,False,False,,False,True,False,0,Tier_4_Low,0
LBR,Liberia,2019,19.89579964,658.1641807705091,600.0,72.08,52.85526226447,6.490972639695553,6.398594934535208,25.961418455678633,50.53321539834552,14.466046721388704,22.130740370616614,34.276443697828924,13.933207740112206,14.466046721388704,27.247548554791717,False,True,True,False,False,False,False,,False,True,False,0,Tier_4_Low,0
LBR,Liberia,2020,22.91069984,616.7878670067148,570.0,71.393,53.3878685572381,6.426145141260741,6.3473892096560105,28.316285601308806,49.621809031328425,13.585508266687297,23.116430777733832,35.88661636241535,13.116089784520984,13.585508266687297,27.61172396573173,False,True,True,False,False,False,False,,False,True,False,0,Tier_4_Low,0
LBR,Liberia,2021,26.382299419999995,667.9661051431904,630.0,71.703,53.9224618859098,6.505733393886854,6.447305862541213,31.000510360276596,50.39954062102504,14.962166600679058,25.131531553286592,37.685980296242626,14.710514847884218,14.962166600679058,29.32338003418527,False,True,True,False,False,False,False,,False,True,False,0,Tier_4_Low,0
LBR,Liberia,2022,30.380100249999998,744.6171752373866,680.0,71.919,54.4591057083,6.614212298563937,6.523562306149512,34.064132281927904,51.3274865162466,16.360385112343415,27.53177034196069,39.70316104566467,15.927380919966428,16.360385112343415,31.18785788257633,False,True,True,False,False,False,False,,False,True,False,0,Tier_4_Low,0
LBY,Libya,2018,47.5,11196.5854810844,11000.0,34.039,87.818484275334,9.323453451996,9.305741456739435,57.98281198774749,46.8229929102535,58.28351801555827,58.08398084307969,69.9398767220305,60.32414602741907,58.28351801555827,57.26598144213006,False,True,False,False,True,True,True,,False,True,False,1,,0
LBY,Libya,2019,71.40409851,9963.19489084483,10100.0,33.993,87.8220115209342,9.206753435689464,9.220389707829185,75.18678305237493,45.9439302145534,56.75287593797748,67.23522653062801,79.7724692387745,58.96214115901396,56.75287593797748,62.77068448334043,True,True,False,False,True,True,True,,False,True,False,1,,0
LBY,Libya,2020,74.35810089,6650.33810585348,7000.0,31.009,87.8278267096263,8.802573332333422,8.853808274977197,77.31467246364265,41.09261843861351,50.885353856490404,66.09723495759783,80.99129432660538,53.11239932494401,50.885353856490404,60.2886231286707,True,True,False,False,True,True,True,,False,True,False,1,,0
LBY,Libya,2021,77.438797,4935.82787349801,6950.0,31.353,87.8365018271835,8.504478273056792,8.846640813100485,79.53473219335027,39.142357402397614,48.65787199095975,65.629892329628,82.26420863408902,52.99802418799801,48.65787199095975,59.96583504172853,True,True,False,False,False,True,False,,False,True,False,0,Tier_4_Low,0
LBY,Libya,2022,80.64720154,5986.63694851258,6010.0,33.631,87.8486088593786,8.697452113860537,8.701346403039162,81.84789134243071,42.004392728631075,48.903555131529004,68.07606212860128,83.59202716929582,50.67948125967842,48.903555131529004,61.323497219973696,True,True,False,False,True,True,True,,False,True,False,1,,0
LCA,Saint Lucia,2018,60.11259842,11642.6984727769,11060.0,63.882,22.926124105514397,9.362520409028408,9.311180686902254,44.49808776019559,66.19594663281146,58.61134512431754,48.4572561380519,30.00365541146699,60.41094281901061,58.61134512431754,52.903732984543524,False,False,True,False,True,True,True,,False,False,False,1,,0
LCA,Saint Lucia,2019,61.08050156,11794.0597229805,11100.0,64.312,24.2476974658382,9.375436055244005,9.314790473332646,45.65412404425021,66.56502114383596,58.734179734445135,49.23683448655821,31.32064514695672,60.46854616932117,58.734179734445135,53.51268275372464,False,False,True,False,True,True,True,,False,False,False,1,,0
LCA,Saint Lucia,2020,62.06399918,8411.07474936367,8560.0,49.331,25.752438656099798,9.037423422822538,9.054972284742485,46.885065914891676,54.52178460214665,54.200232805568064,48.02132195222388,32.77141366695401,56.322484228257686,54.200232805568064,49.88720358528783,False,False,True,False,True,True,True,,False,False,False,1,,0
LCA,Saint Lucia,2021,63.06330109,10459.1321248092,9860.0,60.375,27.4443458949551,9.255326368974051,9.19634286233233,48.19245444482079,63.172327747290936,56.914648953355176,50.09358506735485,34.35882741518487,58.5784124006151,56.914648953355176,53.21432388731767,False,False,True,False,True,True,True,,False,False,False,1,,0
LCA,Saint Lucia,2022,66.95159912,13103.8243147472,11740.0,62.68,29.097678526676,9.480735709696429,9.370842268630211,51.56551696347768,66.28778122137183,59.9480432230514,53.388676550211486,37.107467107259104,61.36299553975418,59.9480432230514,56.32186021062912,False,False,True,False,True,True,True,,False,False,False,1,,0
LCN,Latin America & Caribbean,2018,63.5,8778.37906311973,8483.55677805826,51.5981868332281,80.019051151549,9.080160962387913,9.046002940365062,66.7856496578638,56.283101432642184,54.43982097318613,61.43887814463721,71.09625598712847,56.17935545978572,54.43982097318613,60.43443690344607,False,True,True,False,True,True,True,,False,True,False,1,,0
LCN,Latin America & Caribbean,2019,67.8,8539.39776066424,8568.19546653054,52.0805413223399,80.2273019080141,9.05256286188817,9.055929129300603,69.95257710837389,56.390701398446765,54.318090610809456,63.094703201419904,73.00936256795625,56.33775312389372,54.318090610809456,61.589989098812175,False,True,True,False,True,True,True,,False,True,False,1,,0
LCN,Latin America & Caribbean,2020,73.8,7168.64740599577,7487.16168381769,47.9649197766993,80.4373918446532,8.877611756093785,8.921078610314499,74.3435603918332,52.484480635231634,51.968409324460566,64.59180156184435,75.62284310669938,54.185869117871064,51.968409324460566,61.51493993476125,True,True,False,False,True,True,True,,False,True,False,1,,0
LCN,Latin America & Caribbean,2021,75.8,8291.07156305024,7981.792866299451,50.3522034147235,80.6341871510641,9.023055103891107,8.985043612459549,75.85129464873074,55.07036936476327,53.53767845259499,66.307005660073,76.58214961110265,55.206593888498915,53.53767845259499,63.170892064251554,True,True,True,True,True,True,True,,False,True,False,2,Tier_2_Good,1
LCN,Latin America & Caribbean,2022,77.1,9408.84820249156,8596.84876975449,51.1771614349537,80.8277327769,9.149512100939381,9.059267307898804,76.8541393799371,56.51871433456202,55.05056842186686,67.62300907991667,77.25133376741064,56.391022278426625,55.05056842186686,64.40645632993878,True,True,True,True,True,True,True,,False,True,False,2,Tier_2_Good,1
LIE,Liechtenstein,2018,17.003847404362794,174988.775083446,84515.05634747246,70.5678026376375,14.556518494115394,12.07248282310407,11.344696811240942,10.564681697177322,90.20239860502483,94.5663150639529,44.573605848731404,6.456131340772791,92.8608796591092,94.5663150639529,58.712290596148875,False,False,True,False,True,True,True,,False,False,False,1,,0
LIE,Liechtenstein,2019,93.14610291,166907.839305016,78076.61056699311,55.71700334070498,14.607083000595104,12.025203069931244,11.265458618249259,65.37854630083596,80.35913616265546,93.58986897986306,75.62211061028844,37.80345400804155,91.5964321697932,93.58986897986306,76.31613073151817,True,False,True,False,True,True,True,,False,False,False,1,,0
LIE,Liechtenstein,2020,94.34999847,164671.093553454,76563.23646335717,59.606218242395244,14.66666228537651,12.01171146376124,11.245885359801715,66.26565205124989,82.74857456794396,93.33547210998478,76.05241997720536,38.33996335199562,91.2840909039553,93.33547210998478,77.01764337721309,True,False,True,False,True,True,True,,False,False,False,1,,0
LIE,Liechtenstein,2021,95.56939697,201944.830335076,81672.95819716345,59.91189846659642,14.698915937069607,12.215754773762194,11.31049048092007,67.15441415101647,84.42964365640125,95.33648822687002,77.74978910756141,38.86384711652411,92.31503040561246,95.33648822687002,78.40152098872169,True,False,True,False,True,True,True,,False,False,False,1,,0
LIE,Liechtenstein,2022,97.88069916,188055.00323534803,85556.60113093602,59.39366625702614,14.6923070071538,12.144495087001527,11.356945125530453,68.81546050424767,83.57935666419635,95.18833009308752,78.28369217049188,39.80973394533543,93.05633275649812,95.18833009308752,78.83179486940561,True,False,True,False,True,True,True,,False,False,False,1,,0
LKA,Sri Lanka,2018,28.336200710000004,4358.560959060469,4350.000000000002,33.105,19.3241083384127,8.380126633809555,8.378160982720681,20.377658538253527,39.35764429343448,44.01462902336493,28.83299489591071,14.431507850896624,45.5222334997739,44.01462902336493,32.84827437374964,False,False,False,False,False,False,False,,False,False,False,0,Tier_4_Low,0
LKA,Sri Lanka,2019,32.02090073,4081.947727220031,4220.0,34.051,19.4946326418437,8.314574488695381,8.347827345782498,23.088664680981992,39.485480461562474,43.295348448107404,30.00598341180924,16.065350037788903,45.03818294763253,43.295348448107404,33.60405101430791,False,False,False,False,False,False,False,,False,False,False,0,Tier_4_Low,0
LKA,Sri Lanka,2020,36.18473435,3847.6013769563906,3880.0,31.663,19.662189831216097,8.255465082567508,8.263848131368906,26.143450938704476,37.527691614798364,42.19494850606071,31.412844778342258,17.89416430179765,43.698080368171354,42.19494850606071,33.890647128982096,False,False,False,False,False,False,False,,False,False,False,0,Tier_4_Low,0
LKA,Sri Lanka,2021,44.45308724,3996.96240014909,4010.0,31.329,19.8266275195269,8.293540110351062,8.296795865770052,32.15099742965371,37.59126159776231,42.73503800673494,35.07293887835315,21.40872073736454,44.2238455133527,42.73503800673494,36.31031169155666,False,False,False,False,False,False,False,,False,False,False,0,Tier_4_Low,0
LKA,Sri Lanka,2022,48.3,3342.6365025385494,3620.0,31.605,19.9877933196367,8.114814266902194,8.19450550976564,34.97548733843433,36.46657848348477,40.61766480279987,35.65129247928803,23.102762619647446,42.591541961900006,40.61766480279987,36.326163438089054,False,False,False,False,False,False,False,,False,False,False,0,Tier_4_Low,0
LMY,Low & middle income,2018,40.658368348168224,4853.74507668345,4738.402760656969,46.7101018597699,50.8689616562196,8.487711871969614,8.463666406889073,40.21275271439835,48.84317608305574,45.48013669485562,41.83846852517757,41.43350971770681,46.88669064891624,45.48013669485562,44.2077244581047,False,False,False,False,False,True,False,,False,True,False,0,Tier_4_Low,0
LMY,Low & middle income,2019,45.049731773947244,4943.248798584391,4971.12853168189,46.6588336733352,51.3919045639979,8.505980321209616,8.51160330339902,43.55484112784176,48.94338758710495,45.99561868002824,43.87195238308361,43.60300922183384,47.651646109775456,45.99561868002824,45.68895324085778,False,False,False,False,False,True,False,,False,True,False,0,Tier_4_Low,0
LMY,Low & middle income,2020,52.81771520102163,4732.827278296869,4804.725884711221,45.2437864088649,51.808719825947,8.462489304046445,8.477563378613038,49.29003880766743,47.721640401658945,45.40738348675221,46.90969913275738,47.087288375317314,47.10845228105375,45.40738348675221,47.329227632849545,False,False,False,False,False,True,False,,False,True,False,0,Tier_4_Low,0
LMY,Low & middle income,2021,57.722495605018885,5524.243989331191,5302.338169175029,46.3355725822712,52.3095923972594,8.617082686375808,8.576091744512778,52.99393788210727,49.54550528323442,47.319043163349434,49.94321692464645,49.45257495864267,48.680723684332875,47.319043163349434,49.794997874773266,False,True,False,False,True,True,True,,False,True,False,1,,0
LMY,Low & middle income,2022,62.00859528539172,5741.78381882953,5691.38974923044,46.7434940029049,52.6396704057543,8.655699357604785,8.646885430026217,56.193218190372946,50.087575090059545,48.16504046671474,52.007226928879476,51.44467790954948,49.81041751665297,48.16504046671474,51.433311917792025,False,True,False,False,True,True,True,,False,True,False,1,,0
LSO,Lesotho,2018,40.79999924,1170.6556970281872,1250.0,50.356,37.569092747415,7.066173153110228,7.1316985104669115,35.69064356249771,40.82563196675221,24.50308833887486,30.534361347907804,32.243683384335135,25.631745288699687,24.50308833887486,32.054538370787846,False,False,True,False,False,False,False,,False,False,False,0,Tier_4_Low,0
LSO,Lesotho,2019,42.301733569273,1082.0570677751584,1289.9999999999982,48.958,38.6040920446259,6.98754293977259,7.163172390846641,37.13122034154008,39.358956274007014,24.181740606472836,30.933842294236126,33.580932404394545,26.133991333474555,24.181740606472836,32.26490809501516,False,False,True,False,False,False,False,,False,False,False,0,Tier_4_Low,0
LSO,Lesotho,2020,43.65750122,918.5825747044473,1170.0,48.489,39.6329305425532,6.823919843932253,7.065613363597717,38.46460926469928,37.867703862072744,22.212073835645004,30.776833481456784,34.8538712822193,24.577188200950314,22.212073835645004,31.76350084396326,False,False,True,False,False,False,False,,False,False,False,0,Tier_4_Low,0
LSO,Lesotho,2021,45.05670166,1066.586451438232,1190.0,48.252,40.6551760851997,6.973155726777523,7.0825485693553,39.82696267866133,38.80262964186187,23.433714501072124,32.45838443441289,36.14008671601725,24.847432606996687,23.433714501072124,32.92028559904842,False,False,True,False,False,False,False,,False,True,False,0,Tier_4_Low,0
LSO,Lesotho,2022,48.06959915,1030.1258294775707,1270.0,48.441,41.6703965165322,6.9384065226199665,7.147559271189454,42.34818153464923,38.67052688730806,23.699427167634646,33.730302329138624,38.08502174942805,25.8848441835264,23.699427167634646,34.016024379241884,False,False,True,False,False,False,False,,False,True,False,0,Tier_4_Low,0
LTU,Lithuania,2018,79.7225827680518,19247.2315367967,17550.0,56.494,67.1464742010457,9.865174467277434,9.77286620732769,73.98486414208004,65.12994373682878,65.95462535487087,69.69873969289699,68.81655576461966,67.77831296104259,65.95462535487087,68.64022196345941,True,True,True,True,True,True,True,,False,True,False,2,Tier_2_Good,1
LTU,Lithuania,2019,81.5818683764046,19608.7943945553,19200.0,57.226,67.245735168457,9.883784434411067,9.862717639992917,75.35742207156957,65.73364473860076,66.80702044601802,70.59473778420204,69.65017540734672,69.21212176151482,66.80702044601802,69.63354307242341,True,True,True,True,True,True,True,,False,True,False,2,Tier_2_Good,1
LTU,Lithuania,2020,83.05554724,20428.6478157394,19800.0,57.363,67.4254608154297,9.924742449079597,9.893487720457795,76.48045109706919,66.11947090592983,67.35072464889689,71.48097703163805,70.38117221166168,69.70313688340117,67.35072464889689,70.33821673034758,True,True,True,True,True,True,True,,False,True,False,2,Tier_2_Good,1
LTU,Lithuania,2021,86.93054425,23870.4594851722,22050.0,57.369,68.1912117004395,10.080438860537539,10.001113231320568,79.53535127355472,67.2568633228014,69.34299905437875,74.15883346329673,72.50716174539826,71.42057643948834,69.34299905437875,72.47961741136199,True,True,True,True,True,True,True,,False,True,False,2,Tier_2_Good,1
LTU,Lithuania,2022,87.72420219,25085.784063499,23760.0,58.035,68.2866452426813,10.130096455118874,10.075800860133013,80.13969240744004,68.04439226913983,70.30044918876962,74.79655869779253,72.89989936082878,72.61240806978276,70.30044918876962,73.2498004657208,True,True,True,True,True,True,True,,False,True,False,2,Tier_2_Good,1
LUX,Luxembourg,2018,97.061298705829,116926.759593905,80120.0,54.798,92.6709441899184,11.669311583717374,11.291293270979947,95.33701286554175,77.18022886481319,91.20491412527558,93.25321209467637,93.69524871009605,92.00868995293193,91.20491412527558,89.9672425964374,True,True,True,True,True,True,True,,False,True,False,2,Tier_2_Good,1
LUX,Luxembourg,2019,97.120635693272,112696.649059674,79280.0,54.933,93.2589839734767,11.632463839647682,11.280753782446014,95.5841619840545,76.99830749247701,90.85255027889049,93.19929398403904,94.1285437174555,91.840505529332,90.85255027889049,89.9256738873143,True,True,True,True,True,True,True,,False,True,False,2,Tier_2_Good,1
LUX,Luxembourg,2020,98.45962893,116860.02817236002,80090.0,55.927,93.8600689970981,11.668740714395582,11.290918767193082,96.75675980690255,77.89821667043273,91.19776980426474,94.100545281271,95.09714585105527,92.0027137897313,91.19776980426474,90.68831622908414,True,True,True,True,True,True,True,,False,True,False,2,Tier_2_Good,1
LUX,Luxembourg,2021,98.66086333,134965.815442152,86850.0,56.929,94.5861743396533,11.812784215664344,11.371949285707743,97.15402832234827,79.58784260388953,92.89300920980489,95.19057068577109,95.68479761781532,93.29576240461567,92.89300920980489,91.8464409746364,True,True,True,True,True,True,True,,False,True,False,2,Tier_2_Good,1
LUX,Luxembourg,2022,98.24203749,123719.658915996,84190.0,56.998,94.7605400940185,11.725781552649646,11.340843306156405,96.91324015009228,78.9985504364617,92.01139483958454,94.5520096335639,95.63380816368311,92.7993871559962,92.01139483958454,91.32938933003587,True,True,True,True,True,True,True,,False,True,False,2,Tier_2_Good,1
LVA,Latvia,2018,83.5771748630956,17252.1710428626,16010.0,55.639,68.0160346376376,9.755751234136849,9.681031265002055,77.06117179282667,63.786398041710704,64.42523427568398,70.8480940384439,71.00633815234735,66.31285220441835,64.42523427568398,68.94560956499076,True,True,True,True,True,True,True,,False,True,False,2,Tier_2_Good,1
LVA,Latvia,2019,86.13545644343,17294.9751600969,17010.0,55.474,68.066323694246,9.758229103713347,9.741615472609583,78.91974053954198,63.69889907161958,64.92666230004757,71.92623068121982,72.09335494837273,67.27962777449702,64.92666230004757,69.83130186463026,True,True,True,True,True,True,True,,False,True,False,2,Tier_2_Good,1
LVA,Latvia,2020,88.89796078,17564.2321549354,17350.0,55.844,68.1211222872228,9.773676781517532,9.761405420601672,80.92684741576915,64.04803025656611,65.1970293534003,73.16493738569851,73.26749046700937,67.59542687474807,65.1970293534003,70.74336071635119,True,True,True,True,True,True,True,,False,True,False,2,Tier_2_Good,1
LVA,Latvia,2021,91.17964988,20261.8887788916,19310.0,54.167,68.1808791463693,9.916546352973574,9.868430160720726,82.58965625020907,64.01553636000516,67.0911239666579,74.94922712720377,74.2473469135575,69.30327960117809,67.0911239666579,72.07328769041172,True,True,True,True,True,True,True,,False,True,False,2,Tier_2_Good,1
LVA,Latvia,2022,91.03009059,20221.103686109,20630.0,55.299,68.2570218109034,9.914531527029604,9.934550077987947,82.5084978218285,64.7249302701263,67.60401090610333,74.89363688892459,74.23878912192114,70.35839153932002,67.60401090610333,72.42219499102481,True,True,True,True,True,True,True,,False,True,False,2,Tier_2_Good,1
MAC,"Macao SAR, China",2018,83.7940896091516,83588.2875009014,72850.0,64.995,100.0,11.333670650920798,11.196171538365103,88.33730795435523,81.25890331262198,88.00231049141092,87.54114090914435,93.33560454534586,90.49078007332561,88.00231049141092,87.47343782674751,True,True,True,True,True,True,True,,False,True,False,2,Tier_2_Good,1
MAC,"Macao SAR, China",2019,86.4679257062588,81882.6964523869,71690.0,64.713,100.0,11.31305518350937,11.180120495696487,90.26155202512955,80.92843538464703,87.72415100247747,88.52063548989841,94.43517258578831,90.23464474467967,87.72415100247747,88.00115811586781,True,True,True,True,True,True,True,,False,True,False,2,Tier_2_Good,1
MAC,"Macao SAR, China",2020,87.46230316,36883.6652578543,43910.0,63.655,100.0,10.515551167985214,10.689920137152056,90.977162425312,74.44544183366395,78.00668909507918,84.28454504050991,94.844092814464,82.41224762504359,78.00668909507918,83.28913979483234,True,True,True,True,True,True,True,,False,True,False,2,Tier_2_Good,1
MAC,"Macao SAR, China",2021,88.46810492,44884.8961602393,46330.0,64.072,100.0,10.711878907686906,10.743566562464396,91.70099440407401,76.14154101364994,79.86409468781213,85.84166156558628,95.2577110880423,83.26831318176428,79.86409468781213,84.55634905924082,True,True,True,True,True,True,True,,False,True,False,2,Tier_2_Good,1
MAC,"Macao SAR, China",2022,89.48549652,36806.891255461,45390.0,60.026,100.0,10.51346753745855,10.72306912649225,92.43316708888203,72.1090488936571,78.25600747118507,85.10441173385446,95.67609547936117,82.9412243061369,78.25600747118507,83.46627657068343,True,True,True,True,True,True,True,,False,True,False,2,Tier_2_Good,1
MAF,St. Martin (French part),2018,93.13625177733105,44500.76019425779,64428.0,53.14125,100.0,10.703284022299197,11.073319121292078,95.0604575818811,69.08731276149167,82.43254084674743,87.71129445470694,97.17740433250349,88.53035638798623,82.43254084674743,85.53261767697512,True,True,True,True,True,True,True,,False,True,False,2,Tier_2_Good,1
MAF,St. Martin (French part),2019,84.59069214145329,19033.0649634889,18503.05826853813,51.0519907435883,100.0,9.853985545649943,9.825745352876169,88.91058830658164,61.56760136010185,66.29507474028655,79.25039926549194,93.66319331804667,68.62213461195992,66.29507474028655,75.26850875328728,True,True,True,True,True,True,True,,False,True,False,2,Tier_2_Good,1
MAF,St. Martin (French part),2020,95.36287044600002,74043.9367171678,51346.00000000001,53.3376,100.0,11.212427440817553,10.84636179105997,96.662858632453,72.91974565542239,84.32854051909764,91.59242518567201,98.09306207568744,84.90867326323384,84.32854051909764,87.29121497143146,True,True,True,True,True,True,True,,False,True,False,2,Tier_2_Good,1
MAF,St. Martin (French part),2021,90.5503969526309,21668.3776525323,21250.86626773665,46.18277759526195,100.0,9.983655374807075,9.964199994860307,93.19952982355824,59.39716583952931,68.34384017213691,82.45647654222935,96.11401704203328,70.83153159378365,68.34384017213691,77.20547818463427,True,True,False,False,True,True,True,,False,True,False,1,,0
MAF,St. Martin (French part),2022,96.160046198,113757.76898745056,69850.0,53.5114,100.0,11.641835423841481,11.1541196809749,97.23655150607776,76.15723748369045,89.91039546006367,94.42130877369992,98.42088657490157,89.81973542313149,89.91039546006367,90.28437731544675,True,True,True,True,True,True,True,,False,True,False,2,Tier_2_Good,1
MAR,Morocco,2018,64.8038651924043,3501.6979980468786,3380.0,22.23,61.5695822753314,8.161288807104988,8.125926802707886,61.30956193909755,30.808392444673878,40.40885065294364,52.34687615306465,58.80360151260096,41.497193760789244,40.40885065294364,46.85604877959056,False,True,False,False,False,False,False,,False,True,False,0,Tier_4_Low,0
MAR,Morocco,2019,84.1203630467602,3508.09765625,3510.0,21.999,61.8430450233765,8.163114205418248,8.163656176168432,75.30588532353723,30.67392744485301,40.72317474297422,60.364462022625446,66.93732376016762,42.09926215412907,40.72317474297422,52.082155299290676,True,True,False,False,False,False,False,,False,True,False,0,Tier_4_Low,0
MAR,Morocco,2020,84.12036305,3268.0302734375,3260.0,20.688,62.0933436005366,8.092248667445325,8.089789175789319,75.39290793731378,29.31943076218094,39.61786684628107,60.009725345055244,67.11136898438997,40.92052574374074,39.61786684628107,51.42074185565349,True,True,False,False,False,False,False,,False,True,False,0,Tier_4_Low,0
MAR,Morocco,2021,88.13031937,3785.9362792968786,3630.0,20.697000000000003,62.3173276600289,8.239312601590939,8.197263371414335,78.35657358876695,30.39589293991941,41.54608480761715,62.567229512744696,68.91614036504394,42.635550679235834,41.54608480761715,53.46673524278235,True,True,False,False,False,False,False,,False,True,False,0,Tier_4_Low,0
MAR,Morocco,2022,89.9,3463.137695312502,3700.0,19.584,62.5118468550703,8.150219019271198,8.216358332386156,79.69776561963906,29.035333223419208,41.0497894357793,62.82114604268689,69.77914938670685,42.94025948881128,41.0497894357793,53.54801090035894,True,True,False,False,False,False,False,,False,True,False,0,Tier_4_Low,0
MCO,Monaco,2018,74.1532061154737,188298.31566843702,84291.59659934469,67.82137781707719,100.0,12.145788080376489,11.342049318061532,81.39918152251958,88.97940075512105,95.07889348655209,88.30662279836174,89.37096087001119,92.8186321522278,95.07889348655209,88.96502048535221,True,True,True,True,True,True,True,,False,True,False,2,Tier_2_Good,1
MCO,Monaco,2019,98.0,193746.78564741203,83712.22064439286,57.331461303802755,100.0,12.1743125182337,11.335152196745002,98.56068659342571,82.47739239797443,95.23153633932611,98.27933587230336,99.17753519624327,92.70857098850199,95.23153633932611,93.96007841848771,True,True,True,True,True,True,True,,False,True,False,2,Tier_2_Good,1
MCO,Monaco,2020,98.57080078,176891.886538492,83536.20631165111,54.43698355238614,100.0,12.083299667572781,11.333047396166293,98.97146720099423,79.96336994820936,94.55211951336861,97.98396917214734,99.4122669719967,92.67498352636062,94.55211951336861,93.38069263528304,True,True,True,True,True,True,True,,False,True,False,2,Tier_2_Good,1
MCO,Monaco,2021,99.07759857,223823.363960226,89827.46967504424,51.57344203751747,100.0,12.318616933814978,11.405657238288809,99.33618762777884,79.8449961781591,96.84469492640268,99.56297107756083,99.62067864444506,93.83365877001594,96.84469492640268,94.31595072337939,True,True,True,True,True,True,True,,False,True,False,2,Tier_2_Good,1
MCO,Monaco,2022,98.75189972,226052.001905201,95825.79534768449,50.31278736881479,100.0,12.328524772462936,11.47029762576523,99.10179626712343,79.11077610900267,97.4325805181866,99.48674072407053,99.48674072407053,94.86516103637321,97.4325805181866,94.33961366657948,True,True,True,True,True,True,True,,False,True,False,2,Tier_2_Good,1
MDA,Moldova,2018,72.54239655,4156.44981956646,3849.999999999998,66.419,40.3258094787598,8.332657141136504,8.256088133814908,59.492714645288345,60.32072674390858,42.695033433730956,51.6033792880479,47.214069831994706,43.574249813059104,42.695033433730956,51.850252261846705,True,False,True,False,False,False,False,,False,True,False,0,Tier_4_Low,0
MDA,Moldova,2019,73.32610321,4405.334181621551,4490.0,68.337,40.772289276123,8.390798371426943,8.409830673087738,60.21194435578252,61.970839904617065,44.34501042858621,52.36779134384503,47.846815322583396,46.027604192367086,44.34501042858621,53.157627762895146,True,False,True,False,False,False,False,,False,True,False,0,Tier_4_Low,0
MDA,Moldova,2020,74.11830139,4375.7788930524,4360.0,68.085,41.3368530273438,8.38406832027692,8.380456667842767,60.97833990952482,61.76065431260045,44.06164340243988,52.78522670429754,48.56516252925532,45.55886701171158,44.06164340243988,53.30305231503771,True,False,True,False,False,False,False,,False,True,False,0,Tier_4_Low,0
MDA,Moldova,2021,74.91899872,5274.605821953521,5270.0,70.665,41.8115425109863,8.570848799513469,8.569975376855206,61.719604878299435,64.7707673301295,46.93363417618785,54.31241541808773,49.2245107513208,48.58312143677578,46.93363417618785,55.32946799026615,True,False,True,False,True,True,True,,False,True,False,1,,0
MDA,Moldova,2022,74.91899872,5744.29618434435,5540.0,71.543,42.4048843383789,8.656136744105257,8.61993026886735,61.9258951252721,65.95330651293312,47.9531557018788,54.94669637932233,49.63709124526613,49.38027916335893,47.9531557018788,56.05683068816909,True,False,True,False,True,True,True,,False,True,False,1,,0
MDG,Madagascar,2018,7.747799872999998,500.4571855291597,480.0,82.971,29.9181125346909,6.217518230934313,6.175867270105761,9.244350544837005,55.50854590295665,10.698055764075729,10.225919391721638,13.33143568164876,10.379019722238167,10.698055764075729,19.48094823738037,False,False,True,False,False,False,False,,False,False,False,0,Tier_4_Low,0
MDG,Madagascar,2019,9.379400253,499.81883762253347,500.0000000000018,82.916,30.3046972370204,6.21624443413943,6.216606101084868,10.552948614604848,55.464092232437594,11.013827812302498,10.979071133800216,14.271214463251802,11.02911168678622,11.013827812302498,20.112452281598177,False,False,True,False,False,False,False,,False,False,False,0,Tier_4_Low,0
MDG,Madagascar,2020,11.354700090000001,450.7716152015091,450.0,82.152,30.7019474167548,6.113176776034389,6.111467339502679,12.1126004246609,54.225025056253294,9.424560593222129,11.283143533761018,15.359749842365272,9.35135455865046,9.424560593222129,19.828720059199092,False,False,True,False,False,False,False,,False,False,False,0,Tier_4_Low,0
MDG,Madagascar,2021,13.745900150000004,483.4694633511954,470.0000000000018,82.807,31.1137123216036,6.183054402205611,6.154858094016421,13.976604028261708,55.15273089187492,10.279512833567304,12.768920503477585,16.629409689453155,10.043764727698454,10.279512833567304,21.03878488589515,False,False,True,False,False,False,False,,False,False,False,0,Tier_4_Low,0
MDG,Madagascar,2022,17.81170082,503.51453347295865,500.0,82.83,31.539781346588597,6.223596647055556,6.2166061010848646,17.050718374211005,55.46261202937146,11.067355924446776,14.775800927331815,18.597665943644834,11.029111686786162,11.067355924446776,22.56229883631502,False,False,True,False,False,False,False,,False,False,False,0,Tier_4_Low,0
MDV,Maldives,2018,70.93689728,11423.2838427029,10220.0,40.382,39.6923354428279,9.343496530445679,9.232199706329077,58.11706311233462,51.02610049420332,57.842669428206186,56.683885949747705,46.11335006862743,59.150599809927186,57.842669428206186,55.389936816806106,True,False,False,False,True,True,True,,False,False,False,1,,0
MDV,Maldives,2019,77.46970367,11740.2724029785,10730.0,40.76,40.0492764783282,9.370865469364267,9.280892027927127,62.94254057317368,51.46714200187806,58.43043529911989,59.61252926521489,49.048050833390434,59.92761000499921,58.43043529911989,57.49549137880946,True,False,False,False,True,True,True,,False,True,False,1,,0
MDV,Maldives,2020,79.09780121,7393.8886543933,7050.0,37.104,40.3985147902839,8.908544318154371,8.860924729719041,64.23563338637963,45.76269933244649,51.71366091167688,57.67024368390855,49.9604203051362,53.225960512944596,51.71366091167688,54.22552589120236,True,False,False,False,True,True,True,,False,True,False,1,,0
MDV,Maldives,2021,81.95760345,10176.143882547,9350.0,37.995,40.7398648710483,9.22789968910388,9.143238568435446,66.41238820094124,48.65769200219655,56.29126056085781,60.785471087399856,51.3738215741286,57.730997933492404,56.29126056085781,57.39647965039116,True,False,False,False,True,True,True,,False,True,False,1,,0
MDV,Maldives,2022,83.91189054,11786.0191492983,10570.0,40.171,41.0641769690663,9.374754132836966,9.265869681768663,67.93155928357525,51.118710592686085,58.33888696004429,62.51965167830656,52.40299830444516,59.68789015316337,58.33888696004429,59.25240769303362,True,False,False,False,True,True,True,,False,True,False,1,,0
MEA,"Middle East, North Africa, Afghanistan & Pakistan",2018,42.3,5545.88899607591,5383.3457132309995,19.9759665959993,54.2444653262482,8.620992508330918,8.591251080487295,42.56774289870577,32.713534695394806,47.468461732352864,44.0722310931699,44.45575976836582,48.92262955811633,47.468461732352864,42.796820138808826,False,True,False,False,True,True,True,,False,True,False,1,,0
MEA,"Middle East, North Africa, Afghanistan & Pakistan",2019,46.0,5412.42875673528,5483.88471464394,20.0458350911069,54.4404080887212,8.596637952367926,8.609751354191987,45.298597142795174,32.58091036616164,47.43875683639828,45.49735573505217,46.11356853916975,49.21784861542133,47.43875683639828,43.783397856995016,False,True,False,False,True,True,True,,False,True,False,1,,0
MEA,"Middle East, North Africa, Afghanistan & Pakistan",2020,50.6,4742.764026322589,5035.119372618639,19.255743319436302,54.6812240122644,8.464586197940115,8.52439109873927,48.69274370573296,31.11413407056441,45.79627787691409,46.675715012778696,48.17268904344411,47.85570800343276,45.79627787691409,44.115493415740204,False,True,False,False,False,True,False,,False,True,False,0,Tier_4_Low,0
MEA,"Middle East, North Africa, Afghanistan & Pakistan",2021,54.2,5615.91186098726,5386.931008938809,19.5883594650344,54.8188568175474,8.633537300934735,8.591916732871217,51.33135935263369,32.55694185562173,47.565105742023455,49.1720974671091,49.74882872034027,48.93325173984246,47.565105742023455,46.02092243751782,False,True,False,False,True,True,True,,False,True,False,1,,0
MEA,"Middle East, North Africa, Afghanistan & Pakistan",2022,57.8,6430.53553485753,6007.61460478878,19.203888392523297,55.12536380356,8.768968596631009,8.700949485946397,54.028688366503836,33.2970355725895,49.42106714315648,51.51238821140139,51.44239513117529,50.67314743501049,49.42106714315648,47.8846390696917,False,True,False,False,True,True,True,,False,True,False,1,,0
MEX,Mexico,2018,56.6595667981289,10084.7937562021,9560.0,44.134,78.0271223924494,9.2188831539051,9.165447603085447,61.170341792623546,52.518744939699,56.40281617576825,58.97215265025662,66.89815969538293,58.08539973195684,56.40281617576825,58.292609687797395,False,True,False,False,True,True,True,,False,True,False,1,,0
MEX,Mexico,2019,69.6321092705209,10369.5553585271,9860.0,45.573,78.355984332992,9.246725854131645,9.19634286233233,70.6204560872002,53.641884785703105,56.852032523684954,64.5452752242793,72.46156378605903,58.5784124006151,56.852032523684954,62.155024250957254,True,True,False,False,True,True,True,,False,True,False,1,,0
MEX,Mexico,2020,71.49017499,8841.27075039868,8920.0,41.704,78.677960602824,9.087298994862715,9.096163326913784,72.0695687059743,50.006435914665595,54.892008193174306,64.45542937750518,73.44954695193414,56.979792375873764,54.892008193174306,61.23015827825158,True,True,False,False,True,True,True,,False,True,False,1,,0
MEX,Mexico,2021,75.62650476,10314.0506722115,9880.0,44.615,78.9324007418057,9.241359337971376,9.198369000194964,75.13476868179971,52.99004658065728,56.829127463747625,67.11271175109621,75.32746483788972,58.61074459846929,56.829127463747625,63.69407547126383,True,True,False,False,True,True,True,,False,True,False,1,,0
MEX,Mexico,2022,78.63217894,11405.7940473759,10730.0,46.004,79.199683215791,9.34196442593161,9.280892027927127,77.3907497447466,54.61095463834216,58.220019970891656,68.99666186744653,76.74935043302054,59.92761000499921,58.220019970891656,65.39224558712462,True,True,False,False,True,True,True,,False,True,False,1,,0
MHL,Marshall Islands,2018,43.88249969,4858.12079054875,6040.0,37.91852237134166,76.5886712229035,8.488612793234346,8.706324840138741,51.475125981323565,43.226363469840585,47.422813028892996,49.13098684828847,60.643588062375244,50.758924922558776,47.422813028892996,49.42310742984451,False,True,False,False,False,True,False,,False,True,False,0,Tier_4_Low,0
MHL,Marshall Islands,2019,49.75749969,5292.3398550230595,6770.0,38.992986197693284,76.9422712042154,8.574204678189512,8.820404065485645,55.82604706240316,44.5367799700695,48.956181058966884,52.12746025312267,63.30545432194594,52.57934995532231,48.956181058966884,51.90413947739551,False,True,False,False,True,True,True,,False,True,False,1,,0
MHL,Marshall Islands,2020,56.41910172,5661.967873366739,6610.0,28.72859701554931,77.285864607515,8.641703393021029,8.796490207333578,60.739572528037016,38.46277996600208,49.25680514224987,55.33970803874841,66.28383874532689,52.19774334923256,49.25680514224987,52.57377942410293,False,True,False,False,True,True,True,,False,True,False,1,,0
MHL,Marshall Islands,2021,63.97259903,6315.3127960353395,6719.999999999999,41.397961091105444,77.6163157431143,8.750890898537357,8.812992231969966,66.29038716981435,47.361449704060576,50.18341556585513,59.15849957340085,69.61986092544889,52.461075245535426,50.18341556585513,56.71468419916801,False,True,False,False,True,True,True,,False,True,False,1,,0
MHL,Marshall Islands,2022,64.26719666,6455.66062185762,7580.0,42.340053809227776,77.9855966195187,8.772867531520458,8.933400396056303,66.63078613684519,48.12404380143613,51.304127113844494,59.49324235032163,69.99778863207914,54.3824946396917,51.304127113844494,57.4958896351689,False,True,False,False,True,True,True,,False,True,False,1,,0
MIC,Middle income,2018,43.11368205835651,5248.397370813011,5124.167953625609,46.2903297797767,52.3690840838855,8.565868562485386,8.541918574908781,42.501291071074576,49.14369985844611,46.673516418615606,43.65109527127129,43.486325045045234,48.135403594659955,46.673516418615606,45.64972423520942,False,True,False,False,True,True,True,,False,True,False,1,,0
MIC,Middle income,2019,44.15280534763148,5353.797758443739,5385.220245995299,46.2525362391608,52.93440338769,8.585748215304749,8.59159916484801,43.44565062182294,49.26426061048822,47.21464138112256,44.325235865830805,44.30674123130123,48.92818413198226,47.21464138112256,46.273941245745455,False,True,False,False,True,True,True,,False,True,False,1,,0
MIC,Middle income,2020,52.37008886536791,5134.620079127069,5213.562010467389,44.7659506145011,53.3835349277602,8.543955870501144,8.559210377420253,49.51542569260115,48.009122490676205,46.65194750141119,47.56513355778023,47.998258278072,48.41133841151872,46.65194750141119,48.04114082137543,False,True,False,False,True,True,True,,False,True,False,1,,0
MIC,Middle income,2021,59.32430484771333,6007.32308658146,5766.225416109741,45.9463482491274,53.9265957422304,8.700900968060251,8.659946380090947,54.70888262543387,49.906787827516865,48.598343182968414,51.46492161630842,51.235674789735384,50.01883829070019,48.598343182968414,51.080107487278354,False,True,False,False,True,True,True,,False,True,False,1,,0
MIC,Middle income,2022,62.61335750545007,6248.00962014697,6199.06090917955,46.403173081165,54.2809961716245,8.740178269397727,8.732314395046146,57.199087663264635,50.48494754706321,49.46171145414697,53.128398911340845,52.83467230453314,51.17365456505022,49.46171145414697,52.47586186685796,False,True,False,False,True,True,True,,False,True,False,1,,0
MKD,North Macedonia,2018,79.1677551850871,6713.98925398989,6050.0,41.277,60.1580316016216,8.812097508656711,8.707978826622321,71.15587047467913,47.729696610149375,49.7911546299965,61.717192300723966,63.72897612874521,50.78531849587948,49.7911546299965,57.40584429073365,True,True,False,False,True,True,True,,False,True,False,1,,0
MKD,North Macedonia,2019,81.4128827618364,6718.858266354579,6520.0,42.856,60.6286848102132,8.812822341978487,8.782783017393202,72.93522604016442,48.74495204381533,50.393277647969185,62.75377288830736,64.97951424494084,51.97901016954602,50.393277647969185,58.5523460610759,True,True,False,False,True,True,True,,False,True,False,1,,0
MKD,North Macedonia,2020,81.40553811,6659.59651070776,6460.0,41.861,61.1593302746435,8.803964325695961,8.773539383558166,73.114432687783,48.04402744913898,50.25503358943443,62.82215443559726,65.34547843721708,51.83150441312255,50.25503358943443,58.451085787725845,True,True,False,False,True,True,True,,False,True,False,1,,0
MKD,North Macedonia,2021,81.873703,7620.802969775081,7049.999999999999,40.931,61.6841975628139,8.938768230899615,8.86092472971904,73.6338340359919,48.430615896227614,51.933707448593466,63.92149121976998,65.90296970316032,53.22596051294457,51.933707448593466,59.38305069397936,True,True,False,False,True,True,True,,False,True,False,1,,0
MKD,North Macedonia,2022,83.85030365,7606.2375253797,7570.0,42.206,61.9530566607267,8.936855379089776,8.932080438103307,75.14978358796074,49.23221954838065,52.48751626150771,64.78550926700397,66.90276322496344,54.36143134361372,52.48751626150771,60.36073925560136,True,True,False,False,True,True,True,,False,True,False,1,,0
MLI,Mali,2018,21.399999619999996,996.3792921369022,930.0,55.62,27.6999185916288,6.9051311310526,6.836259277277067,18.298036552939298,43.02017898044693,20.973371471672827,19.330962548944,17.403240465648278,20.917258719179436,20.973371471672827,24.187033975619592,False,False,True,False,False,False,False,,False,False,False,0,Tier_4_Low,0
MLI,Mali,2019,24.96030045,971.9493186380914,960.0,53.387,28.3520715749509,6.880331993098756,6.8679744089702925,21.08696833917935,41.41133045618723,21.04586816059968,20.80179091734501,19.320826383802277,21.423354544043015,21.04586816059968,24.97007240070123,False,False,True,False,False,False,False,,False,False,False,0,Tier_4_Low,0
MLI,Mali,2020,29.11300087,953.2429432909757,930.0,50.63,29.0205972994693,6.86091829656627,6.836259277277067,24.307916857691023,39.50652393315414,20.651477969729914,22.5513952789361,21.49341100083088,20.917258719179436,20.651477969729914,25.63735999338071,False,False,True,False,False,False,False,,False,False,False,0,Tier_4_Low,0
MLI,Mali,2021,33.95650101,1027.27345365357,960.0,52.981,29.7049638253978,6.935636416141502,6.8679744089702925,28.031511479354,41.55428634211421,21.448514464845708,25.137015193513555,23.961089753980836,21.423354544043015,21.448514464845708,27.73300970362651,False,False,True,False,False,False,False,,False,False,False,0,Tier_4_Low,0
MLI,Mali,2022,35.19919968,976.9141164064513,999.9999999999982,53.009,30.401570568189904,6.885421850643482,6.908754779315219,29.168020805946032,41.20660665543669,21.408302509690163,25.51704358820276,24.956513509977015,22.07410937513098,21.408302509690163,28.140168807327466,False,False,True,False,False,False,False,,False,False,False,0,Tier_4_Low,0
MLT,Malta,2018,81.6580442928014,33382.2677499267,29030.0,48.214,94.7242373261706,10.415810087868559,10.276119503549053,84.96583670586995,63.84272137063888,73.97889742441525,80.09387562822558,88.7886896632846,75.80900299664063,73.97889742441525,76.97388463551415,True,True,True,True,True,True,True,,False,True,False,2,Tier_2_Good,1
MLT,Malta,2019,85.7785963798031,32421.9179752262,29830.0,49.326,94.9332032524644,10.386620796644303,10.303303400245593,88.00387190972339,64.34147774988496,73.98327770148609,81.66680386558235,90.6284987414849,76.24279140889497,73.98327770148609,78.21889235437558,True,True,True,True,True,True,True,,False,True,False,2,Tier_2_Good,1
MLT,Malta,2020,86.85876183,31823.4363934505,26910.0,51.25,95.1841082280263,10.367989713714998,10.200290403937228,88.86845365775602,65.43648446942775,73.02571571568475,82.06064298520086,91.24716465627398,74.59895628808773,73.02571571568475,78.35151563020202,True,True,True,True,True,True,True,,False,True,False,2,Tier_2_Good,1
MLT,Malta,2021,87.46977742,38096.8360735119,32440.0,52.216,95.5145343617045,10.547912763531023,10.3871783338948,89.42305609973866,67.36430631043764,75.8267902752726,83.43644990554643,91.72819601858717,77.58122992276188,75.8267902752726,80.05991044052989,True,True,True,True,True,True,True,,False,True,False,2,Tier_2_Good,1
MLT,Malta,2022,91.54062209,35638.8869457406,34840.0,55.307,95.6003155132879,10.481220709462447,10.45855013319517,92.38249073480178,68.85585304327768,75.91069537461715,84.74195222486912,93.46190721041879,78.72014903520036,75.91069537461715,81.5368679830591,True,True,True,True,True,True,True,,False,True,False,2,Tier_2_Good,1
MMR,Myanmar,2018,29.37899971,1298.2131032767484,1310.0,48.438,29.993574050729,7.16951405500676,7.1785454837637,24.83762460643526,40.351196629797485,25.629247835340387,24.683698636803765,22.279358143644195,26.37930824452574,25.629247835340387,28.021193938900776,False,False,True,False,False,False,False,,False,False,False,0,Tier_4_Low,0
MMR,Myanmar,2019,36.54050064,1425.9895424166807,1380.0,46.289,30.0782436945232,7.263322289080453,7.2305631534092925,30.020884292854955,39.65960338888386,26.727260145836077,28.19474489588733,25.28327444523847,27.209382849966858,26.727260145836077,30.187697006558796,False,False,False,False,False,False,False,,False,False,False,0,Tier_4_Low,0
MMR,Myanmar,2020,45.4477005,1490.21683599469,1320.0,44.726,30.159304996884202,7.307347734100083,7.186144304522325,36.45919338528941,38.98038844613422,26.6933813318438,32.13288612246774,29.002569649011267,26.50056681273936,26.6933813318438,32.34782362693199,False,False,False,False,False,False,False,,False,False,False,0,Tier_4_Low,0
MMR,Myanmar,2021,44.736838171666825,1242.7213439950992,1240.0,41.042,30.2368812529698,7.125863248203437,7.123672785204607,35.97458788704677,35.30267988722414,24.87362926369458,30.801492716589088,28.764182709239243,25.503674370185355,24.87362926369458,30.779525244731534,False,False,False,False,False,False,False,,False,False,False,0,Tier_4_Low,0
MMR,Myanmar,2022,45.716828834998125,1158.0500505597593,1279.9999999999982,41.071,30.311095757938,7.0553560266694255,7.155396301896733,36.705647280988536,34.807898250041156,24.613413125372094,30.81103356461182,29.21879171137251,26.009903999094774,24.613413125372094,30.8953176791063,False,False,False,False,False,False,False,,False,False,False,0,Tier_4_Low,0
MNA,"Middle East, North Africa, Afghanistan & Pakistan (excluding high income)",2018,37.6,2809.3089421532495,2851.4389264201,18.542090537625697,51.2278326304515,7.941049700111191,7.955929670961921,38.13654797437838,26.846028532861396,37.44902113658492,37.47995017979211,40.42535064178184,38.784455896491046,37.44902113658492,35.93457365611961,False,False,False,False,False,False,False,,False,True,False,0,Tier_4_Low,0
MNA,"Middle East, North Africa, Afghanistan & Pakistan (excluding high income)",2019,41.5,2695.6334234300502,2774.5094047982,18.4953207554151,51.461592912125,7.899759393779413,7.928589578630402,41.02448177321632,26.515497197409605,36.930264774444126,38.89744559289703,42.19170232114365,38.34817498445807,36.930264774444126,36.73551836624691,False,False,False,False,False,False,False,,False,True,False,0,Tier_4_Low,0
MNA,"Middle East, North Africa, Afghanistan & Pakistan (excluding high income)",2020,46.4,2408.49731335268,2507.91151610037,17.4525668795672,51.6896857274925,7.787173421057014,7.82760427914445,44.63010183777911,25.028831729727454,35.30483858491664,40.3096027744255,44.365345527259244,36.73669693868487,35.30483858491664,37.13066597565639,False,False,False,False,False,False,False,,False,True,False,0,Tier_4_Low,0
MNA,"Middle East, North Africa, Afghanistan & Pakistan (excluding high income)",2021,50.2,2753.478580295241,2636.0455234049878,17.736428599551402,51.9157887433595,7.9209834406237745,7.87741444953571,47.44340772475836,26.184608428770634,36.67647252769845,42.70406066919393,46.08524948337327,37.5315452626521,36.67647252769845,38.898977290390256,False,False,False,False,False,False,False,,False,True,False,0,Tier_4_Low,0
MNA,"Middle East, North Africa, Afghanistan & Pakistan (excluding high income)",2022,54.1,3015.755797338501,2855.3218863702023,17.206837274310196,52.1693289932022,8.011937293668446,7.957290022420404,50.338218528267724,26.50805865690118,37.97597534349034,44.89638832507979,47.86535517207794,38.8061637739845,37.97597534349034,40.53695092643398,False,True,False,False,False,False,False,,False,True,False,0,Tier_4_Low,0
MNE,Montenegro,2018,71.5171004874886,8673.59128084795,8250.0,45.52,65.0854068937869,9.068153489105473,9.018089684104343,67.3631517974977,52.30788029062894,54.12968642925085,61.204460902801316,64.0090315424709,55.73392825524049,54.12968642925085,58.9295276848642,True,True,False,False,True,True,True,,False,True,False,1,,0
MNE,Montenegro,2019,73.4766657478691,8749.02375172644,8970.0,46.888,65.1686759904159,9.076811693830997,9.101752431559284,68.8023166736715,53.24593272484056,54.86024914362045,62.080027186877764,64.87276947315931,57.06898079713506,54.86024914362045,59.967005745008315,True,True,False,False,True,True,True,,False,True,False,1,,0
MNE,Montenegro,2020,77.60879306,7538.53635992191,7770.0,43.343,65.2490688418027,8.927915968384832,8.958154135209242,71.80398039451384,49.89439686996385,52.63046865843223,62.93069201576553,66.62793531625704,54.77750368951192,52.63046865843223,59.52110473938273,True,True,False,False,True,True,True,,False,True,False,1,,0
MNE,Montenegro,2021,82.21969752,9317.15520065156,9210.0,41.433,65.3266031317675,9.139719948242707,9.128153700988236,75.14920544824601,50.21474883410434,55.528905278254186,66.07845511259008,68.57800213392771,57.490280395015816,55.528905278254186,61.92715121259927,True,True,False,False,True,True,True,,False,True,False,1,,0
MNE,Montenegro,2022,88.22192026,10024.5435616209,10410.0,48.489,65.4012965440866,9.21289147131545,9.250618218474752,79.49471432584195,55.26071772591834,57.03875067551613,68.99025909993952,71.09824870417171,59.44451415300137,57.03875067551613,65.13881199123445,True,True,True,True,True,True,True,,False,True,False,2,Tier_2_Good,1
MNG,Mongolia,2018,47.1300018848989,4107.642885284682,3650.0,51.717,67.8683444833372,8.32084805473527,8.202756381655638,50.78037123715988,50.83088679203514,42.18353478460482,47.46810243682219,55.91538325476402,42.723205669161345,42.18353478460482,48.01782299992296,False,True,True,False,False,False,False,,False,True,False,0,Tier_4_Low,0
MNG,Mongolia,2019,51.079994082603,4347.54610314873,3800.0,57.902,67.8277299551557,8.377596839054503,8.24301946898925,53.60888893538166,55.20017010674592,42.9179469557501,49.41358307161135,57.51150670405092,43.36570593032253,42.9179469557501,50.20082256473061,False,True,True,False,False,False,False,,False,True,False,0,Tier_4_Low,0
MNG,Mongolia,2020,62.50002848,4001.251930777029,3690.0,56.048,68.0894771770775,8.294612464380982,8.213652703029998,61.91839626270374,53.41012175239484,42.07946470659155,53.68720279179109,62.38980092175727,42.89708427093659,42.07946470659155,52.578898391251286,False,True,True,False,False,False,False,,False,True,False,0,Tier_4_Low,0
MNG,Mongolia,2021,81.60682285,4517.615780187849,3690.0,53.158,69.2153244018555,8.415960982602943,8.213652703029998,76.06015808451053,52.44506977639043,42.96294797428677,62.51227513032327,71.02999221294301,42.89708427093659,42.96294797428677,57.8887256313977,True,True,True,True,False,False,False,,False,True,False,1,Tier_3_Moderate,0
MNG,Mongolia,2022,81.07720184,4993.514874634948,4340.0,54.629,69.783805847168,8.516095564170783,8.375860015299594,75.8766596827685,54.115002080344084,44.98619794768554,63.00946982481419,71.20748870952784,45.4855156952816,44.98619794768554,59.0089622466447,True,True,True,True,False,False,False,,False,True,False,1,Tier_3_Moderate,0
MNP,Northern Mariana Islands,2018,83.23688167503431,26509.362837989305,26084.222551977495,39.680443782246215,91.5444506155168,10.18529098602416,10.16912424721912,84.9965245854423,56.706084847946784,71.44690176318122,78.66347906575511,87.22689270025182,74.10162075927303,71.44690176318122,74.45127280927323,True,True,False,False,True,True,True,,False,True,False,1,,0
MNP,Northern Mariana Islands,2019,88.02604875289498,24496.6652122421,22844.357745389978,41.674301276036225,91.6162852134162,10.106333094532221,10.036503213554777,88.4680558854033,57.40656262134955,69.81389189267908,80.18970467489426,89.24630359911026,71.98531387851197,69.81389189267908,75.19393168404214,True,True,False,False,True,True,True,,False,True,False,1,,0
MNP,Northern Mariana Islands,2020,89.80779007602658,18220.8382427201,17808.761045583353,45.511753192268806,91.6908367362908,9.81037605720225,9.787501959325837,89.77621768880806,57.70638969035475,65.67243847841594,79.21591158308041,90.0308527963264,68.01186371692935,65.67243847841594,74.12930478951056,True,True,False,False,True,True,True,,False,True,False,1,,0
MNP,Northern Mariana Islands,2021,86.47163217584057,19455.50139424,17322.307010831915,47.490298790934816,91.7842137303802,9.875936555108177,9.759808099850748,87.40779415914254,59.44924603438496,65.92879150587603,78.24747149067262,88.72384630284282,67.56993754773437,65.92879150587603,73.67812115725661,True,True,False,False,True,True,True,,False,True,False,1,,0
MNP,Northern Mariana Islands,2022,90.78362176381634,23785.754590043,19857.5733723337,51.731445448543894,91.8785788645608,10.076884174909233,9.896391100796087,90.5437547888793,63.62502539527194,68.48156464960618,81.21298004967173,90.56269297447187,69.74946772261742,68.48156464960618,76.63384901335186,True,True,True,True,True,True,True,,False,True,False,2,Tier_2_Good,1
MOZ,Mozambique,2018,10.899999619999996,517.5072602581004,470.0,77.84,32.9902559073541,6.250954029997972,6.154858094016418,12.580960328217111,52.47002712360235,10.773859084483657,12.429022789257427,16.763938565511005,10.043764727698397,10.773859084483657,20.256382886142344,False,False,True,False,False,False,False,,False,False,False,0,Tier_4_Low,0
MOZ,Mozambique,2019,12.47929955,519.0925509136196,500.0000000000018,77.735,33.4177241517032,6.254006778264654,6.216606101084868,13.866134222789203,52.42509147763897,11.288758233146705,13.195342703684094,17.710638095904596,11.02911168678622,11.288758233146705,20.96725065814926,False,False,True,False,False,False,False,,False,False,False,0,Tier_4_Low,0
MOZ,Mozambique,2020,14.287400249999997,462.4338764799213,480.0,76.87,33.9044006416285,6.138663713512573,6.175867270105761,15.336551364676165,51.032049870256806,10.123951953455972,13.379887628058874,18.79259839543114,10.379019722238167,10.123951953455972,20.826686378157216,False,False,True,False,False,False,False,,False,False,False,0,Tier_4_Low,0
MOZ,Mozambique,2021,16.35759926,509.9078294755509,490.0,76.785,34.4499259401554,6.236189201088286,6.19644412779452,17.01604958441482,51.68771982334392,10.99816871603342,14.925695198723497,20.023262556787156,10.707375973942385,10.99816871603342,21.90673191272615,False,False,True,False,False,False,False,,False,False,False,0,Tier_4_Low,0
MOZ,Mozambique,2022,18.962200159999995,578.2516637513527,500.0,77.198,35.0536638047945,6.361737035559293,6.2166061010848646,19.10037277293741,52.86594423851902,12.073093148305867,16.867973204412078,21.514168223728454,11.029111686786162,12.073093148305867,23.307680639507293,False,False,True,False,False,False,False,,False,False,False,0,Tier_4_Low,0
MRT,Mauritania,2018,22.96699905,1722.9352885407297,1680.0,26.234,55.1305077000081,7.452364914869929,7.427144133408616,28.962674142528783,28.20812542762551,29.672068851859073,29.52064864806369,37.121513296474916,30.34633382300979,29.672068851859073,29.99916041087691,False,True,False,False,False,False,False,,False,True,False,0,Tier_4_Low,0
MRT,Mauritania,2019,25.0977993,1767.0727106209997,1720.0,26.263,56.0596215779146,7.477645368268797,7.450660796211539,30.81914869238736,28.41073020516443,30.043758484369533,30.759500366736752,38.643827134365765,30.721602164141302,30.043758484369533,30.91036580174649,False,True,False,False,False,False,False,,False,True,False,0,Tier_4_Low,0
MRT,Mauritania,2020,29.906499860000004,1795.7645956671404,1720.0000000000018,25.873,56.9836701058893,7.493742879686723,7.45066079621154,34.60103105444927,28.27847253766748,30.16095713003621,33.04493194444425,41.26385815548298,30.721602164141316,30.16095713003621,32.349230780061724,False,True,False,False,False,False,False,,False,True,False,0,Tier_4_Low,0
MRT,Mauritania,2021,35.63660048999999,1947.7891838331325,1810.0,26.069,57.901535141641,7.574963527332448,7.501634457883413,39.04385530631236,28.995170852454848,31.158995054256266,36.08714535947971,44.258499046510074,31.53501695931475,31.158995054256266,34.53781289716358,False,True,False,False,False,False,False,,False,True,False,0,Tier_4_Low,0
MRT,Mauritania,2022,42.46450043,1960.3524007742399,2010.0,26.05,58.8120996197226,7.581389514678757,7.606387389772652,44.27417996752874,29.029802538395757,32.041579855676005,39.143480600255785,47.69951413866444,33.20661719052826,32.041579855676005,36.88986165642519,False,True,False,False,False,False,False,,False,True,False,0,Tier_4_Low,0
MUS,Mauritius,2018,58.596169704299,11818.7480619272,12180.0,45.604,39.3474905591359,9.377526976175163,9.407632639699958,49.11608177021424,54.61401673340284,59.490169569713096,51.727257697257855,40.798654989091915,61.9500797547492,59.490169569713096,53.5219654257723,False,False,False,False,True,True,True,,False,False,False,1,,0
MUS,Mauritius,2019,61.7299551453346,11568.2533399824,12700.0,46.423,39.2509492806955,9.356106283963767,9.44943600950432,51.337766459851714,54.98192069157487,59.66775496870248,52.8688316984575,42.02023908364556,62.617159151671096,59.66775496870248,54.49838748883094,False,False,False,False,True,True,True,,False,False,False,1,,0
MUS,Mauritius,2020,67.73290684,9135.84773751062,10760.0,43.111,39.1607039074325,9.12007071847437,9.283683766200392,55.62645480694069,51.144993523674614,56.62678764728692,53.941748635309736,44.42609516843088,59.97215931029227,56.62678764728692,54.126309629695115,False,False,False,False,True,True,True,,False,False,False,1,,0
MUS,Mauritius,2021,71.59999847,9177.71195973013,10890.0,40.56,39.077147315722,9.124642164372663,9.295692039075686,58.38038266476937,49.54657599752315,56.7558815740191,55.53928106896805,45.95826743586666,60.16378193462168,56.7558815740191,54.859514303147385,True,False,False,False,True,True,True,,False,False,False,1,,0
MUS,Mauritius,2022,75.5,10246.501745555302,11830.0,42.521,39.0000125885784,9.234789222718103,9.378478484253662,61.16022707587685,51.602824053009826,58.218346568293796,57.76675394418722,47.508438766803614,61.48485083842261,58.218346568293796,56.841212576585974,True,False,False,False,True,True,True,,False,False,False,1,,0
MWI,Malawi,2018,8.798299788999998,533.2025671893316,490.0,58.895,16.022148655425504,6.280775106335095,6.19644412779452,5.169067632010259,40.56932065658534,11.322778376190536,7.805499771575681,4.100870846921013,10.707375973942385,11.322778376190536,14.498200292611175,False,False,True,False,False,False,False,,False,False,False,0,Tier_4_Low,0
MWI,Malawi,2019,11.058600429999998,580.8891397624739,540.0,59.03,16.1383746619001,6.366279948079755,6.293419278846481,6.8361170414546555,41.27819271057269,12.719043117156478,9.25996533433506,5.111197511895705,12.254861872397466,12.719043117156478,15.807031053630146,False,False,True,False,False,False,False,,False,False,False,0,Tier_4_Low,0
MWI,Malawi,2020,13.899499890000001,602.5074781761068,560.0,63.125,16.296147175640904,6.402758431804819,6.329720905522696,8.935442973728847,44.163067217063166,13.27426886118448,10.677270879064059,6.389174605367207,12.834146923908477,13.27426886118448,17.37510064297494,False,False,True,False,False,False,False,,False,False,False,0,Tier_4_Low,0
MWI,Malawi,2021,15.303000449999999,617.4469944510092,600.0,58.786,16.488192580069395,6.427211488000024,6.398594934535208,10.01225098693389,41.56573738514024,14.001830829201717,11.441373984745313,7.099878365961213,13.933207740112206,14.001830829201717,17.564113940143823,False,False,True,False,False,False,False,,False,False,False,0,Tier_4_Low,0
MWI,Malawi,2022,16.84830093,604.2697403603179,610.0,58.75,16.714603197943603,6.405674210503681,6.415096959171596,11.203054196040608,41.38590754473233,13.976693673544954,12.003887369767538,7.892790714139165,14.196539636415062,13.976693673544954,17.981440248375037,False,False,True,False,False,False,False,,False,False,False,0,Tier_4_Low,0
MYS,Malaysia,2018,81.2010486181174,10901.8019954421,10200.0,51.625,74.5634625145296,9.296775098984025,9.23024103368252,77.62755500277183,57.877320807153055,57.48688416562839,68.71526264593754,74.58195482945919,59.11934419168522,57.48688416562839,65.59573012023885,True,True,True,True,True,True,True,,False,True,False,2,Tier_2_Good,1
MYS,Malaysia,2019,84.1871450078281,10920.191763972,10750.0,51.783,74.8377707734042,9.298460379238879,9.282754052485227,79.87188946896826,57.99065235318631,57.918143505639506,70.0166381644037,76.00067478539944,59.95732335646069,57.918143505639506,66.64310234491559,True,True,True,True,True,True,True,,False,True,False,2,Tier_2_Good,1
MYS,Malaysia,2020,89.55501192,9957.52626697613,10110.0,51.371,75.0511895575672,9.20618437446768,9.2213792190914,83.80911129617863,57.055304601037065,56.756627950632165,71.7360902798171,78.35651643168052,58.97793133523983,56.756627950632165,67.45954953658386,True,True,True,True,True,True,True,,False,True,False,2,Tier_2_Good,1
MYS,Malaysia,2021,96.7514278,10903.1037480772,10520.0,51.371,75.5088628191907,9.296894488011699,9.261128538808288,89.14718187316214,57.71572360492047,57.73419784867663,75.32990596970484,81.63415911752753,59.61223312356195,57.73419784867663,69.92111947252322,True,True,True,True,True,True,True,,False,True,False,2,Tier_2_Good,1
MYS,Malaysia,2022,97.3986404,11754.5678336248,11620.0,51.597,75.9741357073003,9.372082265517806,9.360569085222874,89.77471661027047,58.407688288316024,59.075019581839754,76.14182968756649,82.22384161168434,61.19906069373802,59.075019581839754,70.85044490498966,True,True,True,True,True,True,True,,False,True,False,2,Tier_2_Good,1
NAC,North America,2018,89.1,60890.5689258698,61208.8089314682,56.945456268338,80.4126136678733,11.016850002831184,11.022062732315463,85.34569319420534,73.80353422319837,84.30650865675965,83.3377692686288,81.89746933959616,87.71242995748715,84.30650865675965,82.46852416395213,True,True,True,True,True,True,True,,False,True,False,2,Tier_2_Good,1
NAC,North America,2019,89.7,62874.6117089583,63917.71509402391,57.3346190905226,80.2981427760977,11.04891363632423,11.065367478455007,85.73768852435214,74.28589575639671,84.88546820518076,83.74472881285644,82.0646113970722,88.40346764353534,84.88546820518076,82.93424911900897,True,True,True,True,True,True,True,,False,True,False,2,Tier_2_Good,1
NAC,North America,2020,90.5,61468.3372208474,62767.9227004865,56.0969854796262,80.2018989946434,11.026293747686548,11.047215368514728,86.2799523096428,73.32958112180631,84.57595149477817,83.91965893435122,82.3266741638968,88.11380442718482,84.57595149477817,82.81590592800978,True,True,True,True,True,True,True,,False,True,False,2,Tier_2_Good,1
NAC,North America,2021,91.5,68424.56003159501,69395.6097837059,56.1680354650022,80.2350393397056,11.133501718480355,11.1475932949228,87.01113108950034,74.15555932078907,86.15737680942573,84.96299862871456,82.76095071891595,89.71559028621816,86.15737680942573,83.86719280227419,True,True,True,True,True,True,True,,False,True,False,2,Tier_2_Good,1
NAC,North America,2022,92.6,74535.6365392629,74890.689065418,56.5724967949275,80.2778760108654,11.219046049118251,11.223798202940445,87.81764671194018,75.03707484952574,87.38820794694072,85.92353053723139,83.24309285863016,90.93163397649494,87.38820794694072,84.81870437186102,True,True,True,True,True,True,True,,False,True,False,2,Tier_2_Good,1
NAM,Namibia,2018,42.8207016,5308.60813408705,4670.0,55.388,47.4232814423189,8.577273313789078,8.449128460502108,40.57091272715414,55.04588976246648,46.016197734375226,42.45068312297985,39.92677600118779,46.654700631037635,46.016197734375226,45.55917154339616,False,False,True,False,True,True,True,,False,True,False,1,,0
NAM,Namibia,2019,49.77590179,4731.921031883099,4870.0,55.322,48.0019807724839,8.46229784518711,8.491054533806542,45.77746858020327,54.1665900813543,45.513632459157506,44.77535254718936,43.189378508089646,47.32373807529429,45.513632459157506,47.18494018916839,False,False,True,False,False,True,False,,False,True,False,0,Tier_4_Low,0
NAM,Namibia,2020,57.8608017,3878.5898299396595,4240.0,52.45,48.547381745659,8.26348471309613,8.352554369474591,51.785443396050795,50.882100382085596,42.96110293178803,47.068566030503305,46.89339611744598,45.11361466829318,42.96110293178803,47.770614340001075,False,False,True,False,False,False,False,,False,True,False,0,Tier_4_Low,0
NAM,Namibia,2021,60.25999832,4412.8355693052,4139.999999999998,53.111,49.0571881483796,8.392499334039707,8.328692583545568,53.68928837643854,52.244193519806075,43.710011769801945,48.92479545411437,48.23451760666882,44.7328390073475,43.710011769801945,48.987878947334416,False,False,True,False,False,False,False,,False,True,False,0,Tier_4_Low,0
NAM,Namibia,2022,62.99720001,4349.79908493314,4280.0,54.735,49.5291037671807,8.378114804898155,8.361941906144946,55.82320728477883,53.178227990835026,43.87057344464112,50.0760219603094,49.68829035983886,45.26341676152034,43.87057344464112,50.06186368868885,False,False,True,False,False,False,False,,False,True,False,0,Tier_4_Low,0
NCL,New Caledonia,2018,84.92274377413133,34902.8968780031,31195.551492818107,54.368,67.0588809757675,10.460353760352689,10.348062838612442,77.69674087491059,68.1033162487021,74.87721931877414,75.28349511885756,70.89412247856998,76.95704242004685,74.87721931877414,74.07761929990905,True,True,True,True,True,True,True,,False,True,False,2,Tier_2_Good,1
NCL,New Caledonia,2019,90.26951266455168,33411.3358835672,35130.0,53.254,67.1574673707832,10.416680448607718,10.466839210553566,81.57885499383968,67.07280119455406,75.50694383013163,77.25073804313331,73.16143918368797,78.85242240816422,75.50694383013163,75.61246990840219,True,True,True,True,True,True,True,,False,True,False,2,Tier_2_Good,1
NCL,New Caledonia,2020,92.56321759125859,33270.330597637,34890.0,53.377,67.2747261065933,10.41245136213034,10.459984195277682,83.27030307580458,67.12068582631368,75.4214591512871,78.1965304254434,74.18622088209295,78.74303315372066,75.4214591512871,76.20965616816135,True,True,True,True,True,True,True,,False,True,False,2,Tier_2_Good,1
NCL,New Caledonia,2021,90.14646819252687,35311.5543551452,35420.0,52.953,67.4130776539646,10.471993827148362,10.47506014357522,81.5791745747187,67.2829835964631,75.97524831340175,77.5815536134639,73.28857802986755,78.98360836441333,75.97524831340175,75.8305764420972,True,True,True,True,True,True,True,,False,True,False,2,Tier_2_Good,1
NCL,New Caledonia,2022,91.37167009055233,33516.363085906,36980.0,52.586,67.5720305021282,10.419818884613372,10.518159546219628,82.51616329905659,66.66837682681708,75.93926678415583,77.818349390356,73.90294868026595,79.67136927120812,75.93926678415583,76.08679962034955,True,True,True,True,True,True,True,,False,True,False,2,Tier_2_Good,1
NER,Niger,2018,10.741800310000002,578.5680356808898,580.0,60.589,16.64490117992211,6.362283059997008,6.364750756851911,6.784236427180021,42.24627881074033,13.259081437905117,9.223811720464106,5.333132469003818,13.393137555723966,13.259081437905117,16.25509340293854,False,False,True,False,False,False,False,,False,False,False,0,Tier_4_Low,0
NER,Niger,2019,11.285499569999999,561.691304349697,610.0,60.214,16.813146499685004,6.332731172880512,6.415096959171596,7.234007971809365,41.79126314663207,13.445628653722812,9.314271898496507,5.6737086767892855,14.196539636415062,13.445628653722812,16.44661380687954,False,False,True,False,False,False,False,,False,False,False,0,Tier_4_Low,0
NER,Niger,2020,11.85680008,579.5124957582357,560.0,63.669,17.008142000379394,6.363911326760249,6.329720905522696,7.712943315907371,44.22819872153032,12.991440790367005,9.776012708726226,6.044236162681209,12.834146923908477,12.991440790367005,16.887175350406253,False,False,True,False,False,False,False,,False,False,False,0,Tier_4_Low,0
NER,Niger,2021,12.456899640000003,608.7224395938083,600.0,67.799,17.229593666668592,6.413003836556351,6.398594934535208,8.221802242428057,47.22729730918386,13.898391392876903,10.360058084695618,6.445003057160199,13.933207740112206,13.898391392876903,18.049334758859814,False,False,True,False,False,False,False,,False,False,False,0,Tier_4_Low,0
NER,Niger,2022,13.087499619999996,609.7451475748767,600.0,72.608,17.477207007512,6.414679765079479,6.398594934535208,8.76170676646104,50.31548721188881,13.910593064802791,10.686535247525011,6.8765042442265525,13.933207740112206,13.910593064802791,18.880797123380102,False,False,True,False,False,False,False,,False,False,False,0,Tier_4_Low,0
NGA,Nigeria,2018,27.74370003,2057.8794455401094,1950.0,76.355,58.1553347527729,7.629917155308868,7.576097340623111,33.451916416076536,61.559776418039235,32.15320999617876,33.220229361816614,41.18916230092006,32.72326219273805,32.15320999617876,39.426502272219146,False,True,True,False,False,False,False,,False,True,False,0,Tier_4_Low,0
NGA,Nigeria,2019,29.74410057,3189.8128649851606,2260.0,76.597,58.9611186427056,8.06803097992842,7.72356247227797,35.1716691605325,64.90427438529967,36.519508287164975,36.7813919730844,42.57209399287454,35.07644452114136,36.519508287164975,42.34664228769433,False,True,True,False,False,False,False,,False,True,False,0,Tier_4_Low,0
NGA,Nigeria,2020,31.888799670000004,2797.1845806868605,2460.0,74.894,59.7659654848781,7.9367261218440275,7.8083230503910555,36.99494154268634,62.85901097627544,36.23982306081323,37.08513526091926,44.013714351683795,36.42901575152408,36.23982306081323,42.633279882542695,False,True,True,False,False,False,False,,False,True,False,0,Tier_4_Low,0
NGA,Nigeria,2021,35.50979996,2787.487792244281,2860.0,75.893,60.5698545383604,7.933254717926635,7.95892649305011,39.88031097290637,63.472729206769664,37.41618039349189,38.74031713853774,46.06177159597646,38.832277837177344,37.41618039349189,44.382105340122656,False,True,True,False,False,False,False,,False,True,False,0,Tier_4_Low,0
NGA,Nigeria,2022,39.14720154,2899.1604747032397,2930.0,76.927,61.3727650622225,7.972521350548145,7.983098940710892,42.777143490922086,64.41999071238324,37.89492938409042,40.65094188711339,48.115893161158986,39.21801089848663,37.89492938409042,45.85050095590568,False,True,True,False,False,False,False,,False,True,False,0,Tier_4_Low,0
NIC,Nicaragua,2018,33.9129982,2035.1654939050695,1990.0,48.852,58.3683858659405,7.618823658210415,7.596392304064196,37.96576579011462,43.88722258989843,32.23437225361524,35.74201303576076,43.87432278811397,33.04712010266708,32.23437225361524,37.59382462156633,False,True,True,False,False,False,False,,False,True,False,0,Tier_4_Low,0
NIC,Nicaragua,2019,39.01079941,1958.6205152809507,1930.0,48.634,58.5405671448072,7.58050611882625,7.565793282428515,41.694295765939266,43.468810362610554,31.711256988104566,37.655124811359954,46.090430150046416,32.55883466073601,31.711256988104566,38.67558922324731,False,True,True,False,False,False,False,,False,True,False,0,Tier_4_Low,0
NIC,Nicaragua,2020,44.87490082,1938.4470475438193,1810.0,48.119,58.7045922689128,7.570158184390179,7.501634457883413,45.97146312457002,43.06406150741496,31.124009541888768,40.04438075609423,48.6159935980764,31.53501695931475,31.124009541888768,39.906219599446224,False,True,True,False,False,False,False,,False,True,False,0,Tier_4_Low,0
NIC,Nicaragua,2021,51.62039948,2138.3858846944913,2060.0,49.078,58.8592529296875,7.668274097063264,7.630946580890459,50.87967813062706,44.3918054379957,32.87009918015673,43.425665959757424,51.49750457064273,33.59852173019643,32.87009918015673,42.66797464135474,False,True,True,False,False,False,False,,False,True,False,0,Tier_4_Low,0
NIC,Nicaragua,2022,59.38000107,2322.890539645832,2150.0,50.144,58.9954376220703,7.750998016882284,7.67368812926773,56.511275471812276,45.67592786032466,33.81339956108059,47.13005105371382,54.78320025432595,34.28057215934732,33.81339956108059,45.33573667702686,False,True,True,False,False,False,False,,False,True,False,0,Tier_4_Low,0
NLD,Netherlands,2018,91.8918918918919,53955.077002426595,51290.0,61.139,92.6062472401044,10.895925605722265,10.845270577171219,91.59432107398467,75.60546175830567,82.01552832398022,86.60785210563334,91.52443407793622,84.89126016217936,82.01552832398022,84.82590933572725,True,True,True,True,True,True,True,,False,True,False,2,Tier_2_Good,1
NLD,Netherlands,2019,93.2885906040269,53554.900749147506,52940.0,61.656,93.8898028856479,10.888481261199248,10.876933364911343,93.04572514873388,75.88195240074697,82.21395971537335,87.43636775680271,92.99132281220541,85.39652070575269,82.21395971537335,85.57373282365228,True,True,True,True,True,True,True,,False,True,False,2,Tier_2_Good,1
NLD,Netherlands,2020,91.33333333,53467.9277413737,51490.0,61.776,94.2532277765935,10.886855974279458,10.849162314098441,91.76496497165918,75.94687521592544,81.98054776494169,86.70707211747781,92.4399653207766,84.95336275186388,81.98054776494169,85.03579324634714,True,True,True,True,True,True,True,,False,True,False,2,Tier_2_Good,1
NLD,Netherlands,2021,92.05298013,60141.9880911492,59560.0,61.894,94.6294783220315,11.004480140894351,10.994756276448804,92.41367660428176,76.87871970212322,83.99857725021154,87.7753172274227,92.99753338085158,87.27668580105062,83.99857725021154,86.28376104498045,True,True,True,True,True,True,True,,False,True,False,2,Tier_2_Good,1
NLD,Netherlands,2022,92.51968504,59123.318556487,62110.0,62.565,94.9856177734136,10.987397600256136,11.036678385890651,92.87336478128871,77.18354229249638,84.20869415098788,87.95029249290991,93.43709928209614,87.9456599917687,84.20869415098788,86.64052836824591,True,True,True,True,True,True,True,,False,True,False,2,Tier_2_Good,1
NOR,Norway,2018,96.4916579887094,82792.8427113304,80970.0,62.625,82.2452112401723,11.324108974218527,11.301846344857076,91.30229816780138,79.67336227526349,88.77585182620572,88.5918344253501,86.21145611538728,92.17709116533592,88.77585182620572,87.65224812416182,True,True,True,True,True,True,True,,False,True,False,2,Tier_2_Good,1
NOR,Norway,2019,98.0000043853142,76430.5889473338,82430.0,62.64,82.4935894878281,11.244151357597355,11.319716858739207,92.47414472347016,79.10082177559235,88.3363016694263,88.80397733193576,87.00444694787394,92.46226079828578,88.3363016694263,87.84984446115214,True,True,True,True,True,True,True,,False,True,False,2,Tier_2_Good,1
NOR,Norway,2020,94.60755647,68340.0181033702,78610.0,62.481,82.7029885700532,11.132265423178598,11.272266917734749,90.10554971144187,78.18452984887982,87.14311874087235,86.80575566927618,85.75496818497214,91.70507595463876,87.14311874087235,86.37565306374321,True,True,True,True,True,True,True,,False,True,False,2,Tier_2_Good,1
NOR,Norway,2021,99.0000036,93072.8925119571,81770.0,62.182,82.8612877226956,11.441148999792414,11.31167793650524,93.32164042419404,80.24212058469823,89.70641098367639,90.44783584127377,87.67135815199244,92.33397928842582,89.70641098367639,88.85075429707646,True,True,True,True,True,True,True,,False,True,False,2,Tier_2_Good,1
NOR,Norway,2022,98.99997764,109269.520580298,94290.0,62.358,82.9563661816034,11.601581926718337,11.454141023982018,93.35467816547906,81.52273477973527,92.01113099918807,91.40429401205785,87.73746032354532,94.60734124279455,92.01113099918807,90.02090880495362,True,True,True,True,True,True,True,,False,True,False,2,Tier_2_Good,1
NPL,Nepal,2018,28.600000380000004,1179.1984319038893,1120.0,27.628,65.8104229225551,7.073437865952375,7.02197642307216,36.72964312264773,26.340976657439043,23.680531511558108,32.10551304487365,46.86426958991298,23.880849506114558,23.680531511558108,30.65580220412939,False,True,False,False,False,False,False,,False,True,False,0,Tier_4_Low,0
NPL,Nepal,2019,33.33660126,1203.1429470640105,1240.0,27.537,65.9873929484157,7.093523345618649,7.123672785204607,40.19989778839552,26.429003409698943,24.638177168924923,34.21136210953372,48.935169529854605,25.503674370185355,24.638177168924923,32.36034002222727,False,True,False,False,False,False,False,,False,True,False,0,Tier_4_Low,0
NPL,Nepal,2020,36.96530151,1154.2151757831798,1190.0,27.209,66.1050886088505,7.052041904983696,7.0825485693553,42.852236111487784,25.917196786118865,24.008048819436837,35.489275164029536,50.509248377278816,24.847432606996687,24.008048819436837,32.98310620478543,False,True,False,False,False,False,False,,False,True,False,0,Tier_4_Low,0
NPL,Nepal,2021,40.98910141,1252.7507673198616,1250.0,27.256,66.144235274522,7.133894951295788,7.1316985104669115,45.761601007584105,26.5431942031783,24.99613989345369,37.62981339836688,52.19118592558415,25.631745288699687,24.99613989345369,34.54334852716018,False,True,False,False,False,False,False,,False,True,False,0,Tier_4_Low,0
NPL,Nepal,2022,45.45080185,1385.910662748509,1380.0000000000018,27.24,66.2992968721053,7.2348340078211475,7.230563153409293,49.026404711453736,27.267851374849016,26.519849950913432,40.0884629243404,54.133803862316014,27.20938284996687,26.519849950913432,36.48329890422392,False,True,False,False,False,False,False,,False,True,False,0,Tier_4_Low,0
NRU,Nauru,2018,72.35699795877359,11413.7463016389,12740.0,41.35109147908322,100.0,9.342661333718135,9.45258041898138,80.1065282820513,51.639881313780116,59.59495694923958,71.24133294460493,88.63230187545788,62.66733622561155,59.59495694923958,67.50744467514617,True,True,False,False,True,True,True,,False,True,False,1,,0
NRU,Nauru,2019,74.73789978,10801.7705659635,15840.0,41.75030719156304,100.0,9.28755791409863,9.670356794688852,81.81996023756545,51.494049397695946,60.93136284763335,71.89949060725618,89.6114058500374,66.14251380221974,60.93136284763335,68.75198167679024,True,True,False,False,True,True,True,,False,True,False,1,,0
NRU,Nauru,2020,77.46659851,10709.068810538,17180.0,46.10534469614759,100.0,9.27893958830799,9.751559401061966,83.78368656986106,54.21692278073747,61.51651410237791,72.97142305754166,90.73353518277774,67.43830851784605,61.51651410237791,70.28276140002379,True,True,False,False,True,True,True,,False,True,False,1,,0
NRU,Nauru,2021,80.29499817,14979.099896799,19460.0,46.148867329510566,100.0,9.614477925727146,9.876167741881165,85.81916334475513,56.68766297500929,64.9536378100976,76.08887403828898,91.8966647684315,69.42675244555154,64.9536378100976,72.77196200894224,True,True,False,False,True,True,True,,False,True,False,1,,0
NRU,Nauru,2022,83.22660065,12911.9086441381,22570.0,49.742505075741384,100.0,9.46598276010143,10.024421175431756,87.92891072086033,57.9051414987575,65.05539302022704,76.429543457218,93.10223469763449,71.79251414149529,65.05539302022704,73.95953346465812,True,True,True,True,True,True,True,,False,True,False,2,Tier_2_Good,1
NZL,New Zealand,2018,89.0,43257.0769238879,41660.0,65.221,83.8017846685577,10.674939244609742,10.63732071836749,86.45205827772918,76.60753683512945,78.74744210601975,82.09076271547792,84.21300760711344,81.57288972816922,78.74744210601975,81.40904846803917,True,True,True,True,True,True,True,,False,True,False,2,Tier_2_Good,1
NZL,New Zealand,2019,89.86370087,42855.831861632,43130.0,65.314,83.804965871667,10.665620347994777,10.671997275090702,87.07473242393228,76.59917593132589,78.9562719235981,82.39240453705195,84.57040144133327,82.12624264336492,78.9562719235981,81.73649113532278,True,True,True,True,True,True,True,,False,True,False,2,Tier_2_Good,1
NZL,New Zealand,2020,90.92099762,41997.783032427906,41850.0,64.693,83.8138977095908,10.645395921427326,10.641870970494749,87.83872849609743,76.0547198905742,78.56865607131182,82.71147360397003,85.01140688066188,81.64550060760547,78.56865607131182,81.74962822919089,True,True,True,True,True,True,True,,False,True,False,2,Tier_2_Good,1
NZL,New Zealand,2021,91.99060059,49950.4251691316,45800.0,65.596,83.8299382585905,10.818806315584219,10.732061203925053,88.61405234462421,77.89482926422707,80.55078575069973,84.16506458774094,85.46241608169211,83.08471583849473,80.55078575069973,83.14139502746919,True,True,True,True,True,True,True,,False,True,False,2,Tier_2_Good,1
NZL,New Zealand,2022,93.07289886,49099.7090423358,49160.0,66.366,83.8547305017812,10.801628754459115,10.802855905214333,89.40155519804928,78.26228357938133,80.99057877605622,84.51583754081017,85.92473149573999,84.21442588010942,80.99057877605622,83.71598970106861,True,True,True,True,True,True,True,,False,True,False,2,Tier_2_Good,1
OMN,Oman,2018,85.5,19901.7615642016,17250.0,30.37,78.9655839720276,9.898613773155063,9.755625391793744,82.25183270281687,48.66366489349208,66.0605211092757,75.00884028525088,79.4108399737245,67.50319177146743,66.0605211092757,69.00310863476585,True,True,False,False,True,True,True,,False,True,False,1,,0
OMN,Oman,2019,90.25939941,19180.1864152801,17860.0,30.19,79.5780017545962,9.861685203421143,9.790374843904484,85.88988887562004,48.27967112107602,66.06891909338056,76.8929197871069,81.79390419214896,68.05770791851211,66.06891909338056,70.32008940624216,True,True,False,False,True,True,True,,False,True,False,1,,0
OMN,Oman,2020,95.23229321,16784.8630630058,17190.0,29.074,80.0176378922722,9.728292326799764,9.752141270041493,89.62151582189142,46.59466953339715,64.79268924185743,78.26289703854107,84.1446204305416,67.44759372164103,64.79268924185743,70.907996291689,True,True,False,False,True,True,True,,False,True,False,1,,0
OMN,Oman,2021,95.23880005,19403.4600160211,17910.0,29.564,80.1239942103569,9.873258216362032,9.793170328225258,89.66317596859344,47.96351959075117,66.17548146878016,79.13456896867727,84.22125116534104,68.10231700154857,66.17548146878016,71.69818199105033,True,True,False,False,True,True,True,,False,True,False,1,,0
OMN,Oman,2022,95.24530029,23223.5829405935,19270.0,30.795,80.0117053152301,10.052966606172838,9.86635665419792,89.62881384420933,50.059280956711525,68.06779362633193,80.15791528798809,84.14584414330287,69.27019151552327,68.06779362633193,72.79340315365904,True,True,False,False,True,True,True,,False,True,False,1,,0
OSS,Other small states,2018,68.47133339394168,13025.990833966,12224.7405967948,49.4388064038304,53.6519140670653,9.474778702079139,9.41129889302306,61.19610302361752,57.77492548535798,60.227467284257855,59.67021038787593,54.806229288314015,62.008584178368245,60.227467284257855,59.55938005949626,True,True,True,True,True,True,True,,False,True,False,2,Tier_2_Good,1
OSS,Other small states,2019,72.7242591736993,12907.6162560274,12992.0841338095,50.1267476289484,53.8727328667505,9.465650294209748,9.472172505179982,64.33352279309764,58.148494634510556,60.64670438493459,61.417165597684054,56.708716618723905,62.97997793624324,60.64670438493459,60.985341736675295,True,True,True,True,True,True,True,,False,True,False,2,Tier_2_Good,1
OSS,Other small states,2020,74.10388907370657,11770.4564127379,11924.597971825,49.1818850081748,54.0599291555754,9.373432931999226,9.386442458887196,65.39146620852054,56.87273807622489,59.291291006250304,61.49078904601189,57.4062321558617,61.611936368141905,59.291291006250304,60.59613267593924,True,True,True,True,True,True,True,,False,True,False,2,Tier_2_Good,1
OSS,Other small states,2021,78.21395698159654,13717.0894877353,12928.5803679641,49.3857960198844,54.2199717949652,9.526470641418607,9.467273017098815,68.40494698834071,58.11736382659214,61.05041770470203,64.1094356464357,59.207710971390085,62.90179410633415,61.05041770470203,62.60920801099511,True,True,True,True,True,True,True,,False,True,False,2,Tier_2_Good,1
OSS,Other small states,2022,78.46101081442032,14320.7706776288,13874.0652067981,50.1309929885938,54.4367375147273,9.569536083542925,9.537848638192644,68.6581050032693,58.90755519627128,61.92706459481032,64.51210678832317,59.4600356485838,64.02800816460244,61.92706459481032,63.2278184989251,True,True,True,True,True,True,True,,False,True,False,2,Tier_2_Good,1
PAK,Pakistan,2018,15.340000150000002,1569.3381462635498,1560.0,21.571,36.7478511550359,7.359046254937158,7.353081920515432,17.08265920509884,24.546112764856062,28.40173244832699,21.579855022678554,21.202656113541664,29.164482299012988,28.40173244832699,23.47501980985099,False,False,False,False,False,False,False,,False,False,False,0,Tier_4_Low,0
PAK,Pakistan,2019,17.070901719916,1390.4169098174498,1520.0,23.241,37.1091631735769,7.23807786651146,7.327123292259293,18.453933356082832,24.733581774596118,27.31389866802747,21.670831415646223,22.165697390480673,28.750246170129934,27.31389866802747,23.647351858572485,False,False,False,False,False,False,False,,False,False,False,0,Tier_4_Low,0
PAK,Pakistan,2020,18.934999999999995,1278.3973520689597,1370.0,23.406,37.5080192948099,7.154144427347614,7.223295679562314,19.934116566342936,24.22803985844112,25.87440034085491,22.04099238652062,23.209619778360207,27.093411766925556,25.87440034085491,23.532139591668326,False,False,False,False,False,False,False,,False,False,False,0,Tier_4_Low,0
PAK,Pakistan,2021,49.430799771085304,1455.3192237018611,1420.0,24.365,37.933339551417305,7.283667451773491,7.259116128097101,42.02849660505526,25.784444658777772,27.103201776877572,35.43483407921774,36.04622738812202,27.665018393804814,27.103201776877572,32.35442151335322,False,False,False,False,False,False,False,,False,False,False,0,Tier_4_Low,0
PAK,Pakistan,2022,56.57911231500934,1538.3228133170996,1510.0,24.027,38.374043976081595,7.339097867085105,7.32052696227274,47.32604964975559,25.971812783915517,27.996748626186367,38.79945069678574,39.29228913548484,28.644984899329977,27.996748626186367,34.698734598928645,False,False,False,False,False,False,False,,False,False,False,0,Tier_4_Low,0
PAN,Panama,2018,61.8055313202468,16151.3273433486,14910.0,54.501,65.7099285144924,9.689819426215532,9.609854474590907,60.591286635148975,62.57847786144163,63.37731120050296,60.97635591694839,60.44958100440526,65.17704495623447,63.37731120050296,62.16814321896012,False,True,True,False,True,True,True,,False,True,False,1,,0
PAN,Panama,2019,63.6284147731451,16477.9066268111,15640.0,56.345,65.752985396379,9.709836455802014,9.657650950674242,61.91810674197406,63.9036933520953,63.90440341937794,61.85255242857741,61.22914936635619,65.9397596510038,63.90440341937794,63.1385123553508,False,True,True,False,True,True,True,,False,True,False,1,,0
PAN,Panama,2020,64.82430267,13290.5608397749,13070.0,55.932,65.7862999591993,9.494884589489526,9.478151314785551,62.79031813109241,62.0745589187858,60.907249546990414,61.1000887707682,61.744102514090656,63.075385094198666,60.907249546990414,61.93126134118362,False,True,True,False,True,True,True,,False,True,False,1,,0
PAN,Panama,2021,66.04270172,15509.8069124139,14920.0,48.894,65.8092302689169,9.649292280118019,9.610524895640422,63.675119475047886,58.69700395183642,63.08760065527869,62.5057864360787,62.26109228255706,65.187743234184,63.08760065527869,62.425543018230904,False,True,True,False,True,True,True,,False,True,False,1,,0
PAN,Panama,2022,67.2838974,17378.6070017557,17020.0,52.137,65.8211343914956,9.763052786466815,9.742203154807973,64.57249303461916,61.599567551316255,64.96647032048884,63.68155622430912,62.77978969998095,67.28900574302726,64.96647032048884,64.07968951577199,False,True,True,False,True,True,True,,False,True,False,1,,0
PER,Peru,2018,55.0543342443197,6978.4912154862695,6500.0,69.85,82.6854929960921,8.85073130133554,8.77971129020447,61.63472542269949,66.28716456371164,50.644766886193466,57.24748563377758,69.47723605222555,51.929992926913236,50.644766886193466,59.192777451257214,False,True,True,False,True,True,True,,False,True,False,1,,0
PER,Peru,2019,59.9505036049006,7037.00803692604,6850.0,70.044,83.1033003087105,8.859080459814104,8.832149906002899,65.30354777040782,66.47203950723897,51.12394924223903,59.40641908603818,71.78122203225487,52.76678480196888,51.12394924223903,60.796724746635704,False,True,True,False,True,True,True,,False,True,False,1,,0
PER,Peru,2020,65.25179796,6133.32552410183,6080.0,59.864,83.5267437189637,8.721655412079567,8.71292443512011,69.26588056754339,58.960060948426715,49.17214683492464,60.884206959407564,74.25572759974659,50.86423829467934,49.17214683492464,60.00193632568569,False,True,True,False,True,True,True,,False,True,False,1,,0
PER,Peru,2021,71.10782643,6826.20255614477,6550.0,64.845,83.9480118272361,8.828670286839683,8.787372988731876,73.62667519042692,62.9251923505221,50.545281663638335,64.01333983184858,76.95684521254823,52.05225487031587,50.545281663638335,62.930271675092015,True,True,True,True,True,True,True,,False,True,False,2,Tier_2_Good,1
PER,Peru,2022,74.67495213,7350.63034300417,6920.0,66.725,84.3663554951194,8.902677382984207,8.842315546841863,76.33922883626857,64.66651165135404,51.52246793954323,66.00827220689591,78.71465833069892,52.92900353198795,51.52246793954323,64.66391993118204,True,True,True,True,True,True,True,,False,True,False,2,Tier_2_Good,1
PHL,Philippines,2018,44.09999847,3168.510366097271,3610.0,45.532,53.2088897464754,8.061332396296967,8.191740021277457,43.503079901960035,44.985350259304894,40.20622246088281,41.312715270156396,44.47588953938565,42.547411538885655,40.20622246088281,42.75799727741446,False,True,False,False,False,False,False,,False,True,False,0,Tier_4_Low,0
PHL,Philippines,2019,43.0266118680279,3400.7894976707394,3760.0,46.566,53.7157859948017,8.1320568949893,8.232440158470336,42.90684530038051,46.16164215373735,41.04587256289007,41.40072437319242,44.38694871240921,43.19688604537464,41.04587256289007,43.11896380966274,False,True,False,False,False,False,False,,False,True,False,0,Tier_4_Low,0
PHL,Philippines,2020,53.76490021,3227.5791023519905,3350.0,42.675,54.1077719895977,8.079797413036927,8.11701408773731,50.77101030224149,43.292358230630896,39.74443639405922,45.603130376114976,49.07544844880206,41.354968658953354,39.74443639405922,44.890688068588396,False,True,False,False,False,False,False,,False,True,False,0,Tier_4_Low,0
PHL,Philippines,2021,66.90779877,3484.385938828189,3570.0,44.203,54.4504102510776,8.156334059911922,8.18060094759445,60.3485121825447,44.82694372430075,40.80901011831645,51.533116766966025,54.7184878532272,42.36965920481534,40.80901011831645,49.116895702576294,False,True,False,False,False,False,False,,False,True,False,0,Tier_4_Low,0
PHL,Philippines,2022,75.21114422,3548.069305721161,4009.999999999998,50.38,54.7902343568327,8.17444068069509,8.296795865770052,66.44221881412768,48.90977400135644,41.86792932807245,55.13194791690631,58.36938938381991,44.2238455133527,41.86792932807245,52.632010117229214,True,True,True,True,False,False,False,,False,True,False,1,Tier_3_Moderate,0
PLW,Palau,2018,78.79507643631781,16166.9671073752,16040.0,42.92179673727358,79.5520868568744,9.690787224653826,9.682903223616842,77.63050203134276,55.179099972957445,63.967196861376394,71.17702781981541,77.061383184536,66.34272407909398,63.967196861376394,67.89335822611581,True,True,False,False,True,True,True,,False,True,False,1,,0
PLW,Palau,2019,82.81038866015628,15846.7968470167,16200.0,44.05016108660545,79.2803814152827,9.670785769455785,9.692828247710418,80.42568314139584,55.7552159542866,63.9007649179533,72.64878029299561,78.52367917939051,66.50110315517715,63.9007649179533,69.00001146845092,True,True,False,False,True,True,True,,False,True,False,1,,0
PLW,Palau,2020,83.88574308905353,14708.2119536914,15360.0,40.934109864298115,79.0796884006264,9.596229240011661,9.639587108749145,81.12979317768863,53.21927909329223,62.93315370978985,72.61023385822435,78.82634779031119,65.65150497598886,62.93315370978985,68.3684012029805,True,True,False,False,True,True,True,,False,True,False,1,,0
PLW,Palau,2021,81.33385166956695,13009.2481630213,13770.0,48.76523708586847,79.0890798782416,9.473492646114892,9.530320210727126,79.29657259558633,57.33472609604121,61.16774845806982,70.84811883842812,77.78345772052725,63.90787290093899,61.16774845806982,67.83697042861172,True,True,True,True,True,True,True,,False,True,False,2,Tier_2_Good,1
PLW,Palau,2022,82.56749725,13729.7602761496,14100.0,50.26923816978651,79.1134831712956,9.527393870582909,9.55400099583723,80.1928583271669,58.6891629287626,61.74912237846476,71.67503435747268,78.30774159591812,64.28576023212341,61.74912237846476,68.65018138071187,True,True,True,True,True,True,True,,False,True,False,2,Tier_2_Good,1
PNG,Papua New Guinea,2018,12.357899670000002,2566.36833735041,2310.0,49.709,13.7125720532162,7.850636660001129,7.745435610274381,6.927775007351414,46.12311168576909,35.11128015661228,17.87755820824107,3.9587285756293795,35.42548623169535,35.11128015661228,25.460563429701324,False,False,True,False,False,False,False,,False,False,False,0,Tier_4_Low,0
PNG,Papua New Guinea,2019,13.624199869999998,2575.772741403929,2420.0,49.962,13.927826744694698,7.854293019493142,7.791935956938058,7.913915155637154,46.311558760949545,35.5089162658837,18.46949059156889,4.629149690338228,36.167517875417744,35.5089162658837,26.04463542330261,False,False,True,False,False,False,False,,False,False,False,0,Tier_4_Low,0
PNG,Papua New Guinea,2020,15.02040005,2429.6113458526906,2410.0,49.809,14.17036771857289,7.795898087348413,7.787796878181171,9.003025459366645,45.78854823759979,35.05074459333558,18.759752820893723,5.371963413986192,36.101468315923405,35.05074459333558,26.194470615775845,False,False,True,False,False,False,False,,False,False,False,0,Tier_4_Low,0
PNG,Papua New Guinea,2021,16.55960083,2607.578618744441,2370.0,50.567,14.439834282235296,7.866560761454091,7.771067086065406,10.204408463657728,46.78785170145652,35.431724071741925,19.86675013716027,6.192306338237221,35.834501808499674,35.431724071741925,26.955959302530935,False,False,True,False,False,False,False,,False,False,False,0,Tier_4_Low,0
PNG,Papua New Guinea,2022,18.25659943,3102.28968594061,2689.999999999998,50.645,14.735865826084101,8.040218016823303,7.897668150726905,11.528587712054229,48.102062312035024,37.70616487950423,21.644681646070854,7.096012809374661,37.85474472813274,37.70616487950423,28.588644528654445,False,False,True,False,False,False,False,,False,False,False,0,Tier_4_Low,0
POL,Poland,2018,77.5417345350006,15658.2120316794,14310.0,49.857,60.0533306480907,9.658814651016986,9.568783751310876,69.9492918877082,59.38229719944542,62.82388548347172,65.95590133207365,62.98749989840056,64.52165680343701,62.82388548347172,64.41625958607518,True,True,True,True,True,True,True,,False,True,False,2,Tier_2_Good,1
POL,Poland,2019,80.4359068768673,15874.5220531254,15510.0,49.596,59.9626184068963,9.672533708456431,9.64930472862475,72.00056401610686,59.31523556510949,63.5662264821299,67.20495894188308,64.11460054620842,65.80657438872932,63.5662264821299,65.46735812526319,True,True,True,True,True,True,True,,False,True,False,2,Tier_2_Good,1
POL,Poland,2020,83.18488715,16150.9304813473,15640.0,49.333,59.8738141138092,9.68979485595588,9.657650950674242,73.94801104524396,59.272683011372706,63.75848966302274,68.41538177437288,65.18332020339113,65.9397596510038,63.75848966302274,66.235007942218,True,True,True,True,True,True,True,,False,True,False,2,Tier_2_Good,1
POL,Poland,2021,85.37490906,18635.5104895754,17470.0,50.969,59.8096513205543,9.832877865219565,9.768297642474444,75.50176718022827,61.36084245698079,65.68303695866177,70.13449562409873,66.03931254782088,67.70540985535123,65.68303695866177,67.95629132884577,True,True,True,True,True,True,True,,False,True,False,2,Tier_2_Good,1
POL,Poland,2022,86.94113479,18891.2121169279,19110.0,51.594,59.8315488048321,9.846505058823391,9.858019364488982,76.6365252382218,61.8598255768982,66.498119814033,70.86302457778254,66.69862174172889,69.13714879152685,66.498119814033,68.82550588954717,True,True,True,True,True,True,True,,False,True,False,2,Tier_2_Good,1
PRE,Pre-demographic dividend,2018,26.520053206589324,1449.8556207084293,1339.5135419524704,60.5889957100086,42.615514020006,7.279908744631152,7.200808059790202,27.168500274207872,48.92709055264175,26.61060936207109,27.07655106786352,29.880338072787744,26.734564432225177,26.61060936207109,31.599340876885734,False,False,True,False,False,False,False,,False,True,False,0,Tier_4_Low,0
PRE,Pre-demographic dividend,2019,27.45048769691802,1681.19065754666,1460.6188898242908,60.3076782755312,43.0464125369595,7.427852185801502,7.287299929052731,27.987906426351877,49.82425982321648,28.377817343969596,28.420738061036126,30.562588351454902,28.114762829060535,28.377817343969596,32.76609183137882,False,False,True,False,False,False,False,,False,True,False,0,Tier_4_Low,0
PRE,Pre-demographic dividend,2020,22.421258756726452,1496.337674883971,1440.9975646107905,59.425344537666,43.4966517345709,7.311443926707818,7.273784628946651,24.52512511667856,48.41237581519484,27.422466307961834,25.778901777056625,28.807480473786185,27.89909174115122,27.422466307961834,30.91792041839847,False,False,True,False,False,False,False,,False,True,False,0,Tier_4_Low,0
PRE,Pre-demographic dividend,2021,24.187363191797026,1594.1422981329179,1556.8394976163618,59.8792763531129,43.9651748532917,7.374718226369868,7.351055202905957,25.959007887772835,49.16339628035676,28.499662206665263,26.982314138481374,29.859547593969467,29.132140849819127,28.499662206665263,32.044747037907875,False,False,True,False,False,False,False,,False,True,False,0,Tier_4_Low,0
PRE,Pre-demographic dividend,2022,27.467885533084726,1770.155790327819,1655.7592535879503,59.9165601365719,44.4479498791233,7.4793876013491705,7.412618716338554,28.487706691512805,49.94929419112689,29.75291367866487,29.05291051459464,31.544302496890964,30.114543742342054,29.75291367866487,33.62118960615257,False,False,True,False,False,False,False,,False,True,False,0,Tier_4_Low,0
PRI,Puerto Rico (US),2018,70.8563997424362,30679.9181934488,20380.0,32.997,93.8986961132283,10.33139618311187,9.922358373286379,76.90534058057816,53.494868559628635,70.5417376456243,74.9688792421793,83.77266299440865,70.163841792306,70.5417376456243,70.45128167136573,True,True,False,False,True,True,True,,False,True,False,1,,0
PRI,Puerto Rico (US),2019,77.7364393708352,31830.5284993358,21310.0,33.291,93.9519912222253,10.368212539837469,9.966978650317326,81.87513660647662,53.95096335949437,71.16579593179196,78.02496188331855,86.6390169926934,70.87587212937197,71.16579593179196,72.60441090700442,True,True,False,False,True,True,True,,False,True,False,1,,0
PRI,Puerto Rico (US),2020,95.03958625882008,31427.1130762831,21200.0,33.797,94.0116144995587,10.355458092236391,9.961803629358965,94.34819178809917,54.18175761372335,71.0316462805846,85.08010877155101,93.79609071893803,70.79329146958024,71.0316462805846,77.14826013592254,True,True,False,False,True,True,True,,False,True,False,1,,0
PRI,Puerto Rico (US),2021,84.78666399,32619.0704601174,22580.0,35.6,94.0550712597302,10.392683036200795,10.024864123702642,86.98471638746481,55.60603119357013,71.80580965645173,81.09066176372332,89.60997454486699,71.79958251102609,71.80580965645173,75.06885963165479,True,True,False,False,True,True,True,,False,True,False,1,,0
PRI,Puerto Rico (US),2022,87.29178106,35353.6821570014,24670.0,35.916,94.1110923054937,10.47318611395413,10.113383743764707,88.80701780849868,56.39426099760352,73.09819405027142,82.60271680790305,90.67911411272823,73.2121388442382,73.09819405027142,76.40455214070019,True,True,False,False,True,True,True,,False,True,False,1,,0
PRK,"Korea, Dem. People's Rep.",2018,26.506507892854415,20218.578029054162,19229.136151885537,77.788,62.0826119807623,9.914406623368283,9.864233918739016,33.926979753055136,79.10869533101138,67.04206469810876,46.92759533148404,43.41122271023579,69.23631785662023,67.04206469810876,57.021513768827255,False,True,True,False,True,True,True,,False,True,False,1,,0
PRK,"Korea, Dem. People's Rep.",2019,36.32257427351897,28102.038472776574,26994.662012838602,77.787,62.3542226611578,10.243632980179926,10.203431465887109,41.0856100253158,81.50500278861017,72.14539283081623,52.944792425208256,47.6367718679617,74.64907994369318,72.14539283081623,62.131815695441354,False,True,True,False,True,True,True,,False,True,False,1,,0
PRK,"Korea, Dem. People's Rep.",2020,40.53855831700873,11844.287234754984,12620.368689610308,76.306,62.6355140538495,9.37968536575054,9.443146584224818,44.21746924839056,74.26769951453932,59.78924160750942,49.71173323401352,49.56611720289831,62.51679532832216,59.78924160750942,57.034682193406255,False,True,True,False,True,True,True,,False,True,False,1,,0
PRK,"Korea, Dem. People's Rep.",2021,44.48547808169382,9160.148177060299,10132.114708188625,76.483,62.926560562457,9.122726796653561,9.223564023643656,47.15908617162464,72.51011604657192,56.166443419525294,49.90565569536132,51.39159781223486,59.01279546485263,56.166443419525294,56.36441050434675,False,True,True,False,True,True,True,,False,True,False,1,,0
PRK,"Korea, Dem. People's Rep.",2022,57.510232853385325,6925.066426164485,8803.42581689029,77.693,63.2274365906829,8.843047315757335,9.083009807775047,56.63704538932502,71.24785138686734,53.008774038078144,53.70261988605447,56.95701327603713,56.769894426126335,53.008774038078144,58.40397789304606,False,True,True,False,True,True,True,,False,True,False,1,,0
PRT,Portugal,2018,74.6609681487507,23541.1401075289,22040.0,54.337,61.1233069673808,10.066547290340703,10.000659634288388,68.24813329330966,65.21636220305562,69.23824171274704,67.39405213059102,62.54684391027349,71.41333814180831,69.23824171274704,67.55028961039258,True,True,True,True,True,True,True,,False,True,False,2,Tier_2_Good,1
PRT,Portugal,2019,75.3463779408712,23343.3628970034,23250.0,54.511,61.114927250613,10.058110816263882,10.054103420843255,68.73847962488507,65.2662359730184,69.60323555837246,67.62483486691184,62.822879785712665,72.26617008026423,69.60323555837246,67.91006446370693,True,True,True,True,True,True,True,,False,True,False,2,Tier_2_Good,1
PRT,Portugal,2020,78.26166044,22299.4044062173,21910.0,53.157,61.1042566768691,10.012360092091727,9.99474407280768,70.83277232334603,64.06708464824712,68.79653047675629,68.55474808771297,64.01431862195783,71.31894026901784,68.79653047675629,68.10954332754388,True,True,True,True,True,True,True,,False,True,False,2,Tier_2_Good,1
PRT,Portugal,2021,82.30902804,24711.4510062111,23980.0,52.886,61.0951249296597,10.115062484926016,10.085017129129874,73.74231266518554,64.64147381718936,70.2645282424653,70.81522365904375,65.67237755705517,72.75947715041114,70.2645282424653,69.85471282700159,True,True,True,True,True,True,True,,False,True,False,2,Tier_2_Good,1
PRT,Portugal,2022,84.49690644,24620.5197587181,25880.0,53.799,61.1259255772782,10.111376126457117,10.161264387744689,75.32754264348304,65.19861874632949,70.84604929721475,71.7006182726338,66.59352129002565,73.97619665249331,70.84604929721475,70.81015535595563,True,True,True,True,True,True,True,,False,True,False,2,Tier_2_Good,1
PRY,Paraguay,2018,64.9935430235756,6258.44991640984,6060.0,59.414,63.9248988239553,8.741847587455124,8.709630081951286,62.26495004747585,58.81923676910415,49.29287195908971,56.35222843486878,60.5193735541184,50.811668486661674,49.29287195908971,56.42162990302712,False,True,True,False,True,True,True,,False,True,False,1,,0
PRY,Paraguay,2019,68.5176284222264,5821.181995487379,5950.0,60.256,64.9845298299929,8.66943038377703,8.691314551644853,65.16948916463994,58.830569890439946,48.619499794049055,57.62526216585125,62.705406531167505,50.519397481517835,48.619499794049055,57.298367835613895,True,True,True,True,True,True,True,,False,True,False,2,Tier_2_Good,1
PRY,Paraguay,2020,73.95751114,5365.472207211041,5550.0,57.105,66.116520986009,8.58792602696678,8.621733370690162,69.47790249529852,56.221694722606586,47.470931095644005,59.649978179933925,65.72959310256806,49.40905225227926,47.470931095644005,57.96040969573507,True,True,True,True,True,True,True,,False,True,False,2,Tier_2_Good,1
PRY,Paraguay,2021,77.01838621,5976.9317978994895,5740.0,59.85,67.3058612772421,8.695829933929604,8.655388690167637,72.09418589794012,58.763082567603426,48.525058509900504,61.81285795729534,67.81533239063694,49.94610872225566,48.525058509900504,59.86485752249964,True,True,True,True,True,True,True,,False,True,False,2,Tier_2_Good,1
PRY,Paraguay,2022,76.25916611,6205.625953793191,5930.0,58.986,68.6396537819458,8.733372702602207,8.687948111838727,72.0115346585662,58.483772681235266,49.05817461445977,62.028458548879016,68.43056967508242,50.465677347324025,49.05817461445977,60.05665241163211,True,True,True,True,True,True,True,,False,True,False,2,Tier_2_Good,1
PSE,West Bank and Gaza,2018,64.3999937114499,3562.3309427025597,4190.000000000002,17.665,85.5351131070872,8.178451044453439,8.340694647925073,69.35113418753019,28.013424747530557,42.247385482209474,57.83556550255927,75.30195860737388,44.924362559290024,42.247385482209474,51.30850353386334,False,True,False,False,False,False,False,,False,True,False,0,Tier_4_Low,0
PSE,West Bank and Gaza,2019,70.6225837001758,3656.8582713701107,4200.0,18.382999999999996,85.8136174183656,8.204633083358797,8.343077871169383,73.92609183082241,28.663299711582898,42.457020180396526,60.611544423088,78.05454732653826,44.962392965259326,42.457020180396526,53.19128641660988,True,True,False,False,False,False,False,,False,True,False,0,Tier_4_Low,0
PSE,West Bank and Gaza,2020,76.18160248,3233.56863835858,3700.000000000002,16.431000000000004,86.0741183743925,8.081650855960254,8.216358332386157,78.01724668512556,26.51936132282387,40.550575882375995,62.241670837300546,80.52173542285942,42.94025948881131,40.550575882375995,53.51619448133729,True,True,False,False,False,False,False,,False,True,False,0,Tier_4_Low,0
PSE,West Bank and Gaza,2021,77.65000859744632,3678.6356566219383,4270.0,17.545,86.334956387337,8.21056901990879,8.359603270841466,79.16468190273329,28.17050530332803,42.632089481968436,63.656860480516485,81.30696542154902,45.226097869881556,42.632089481968436,55.10228628403575,True,True,False,False,False,False,False,,False,True,False,0,Tier_4_Low,0
PSE,West Bank and Gaza,2022,88.64690554,3799.9552701516277,4720.0,18.934000000000005,86.5961423216016,8.243007701004096,8.459775920546287,87.16948037845904,29.295124813229307,43.66751581087132,68.42861641206082,86.01086151576251,46.82460801549639,43.66751581087132,58.69468260431043,True,True,False,False,False,True,False,,False,True,False,0,Tier_4_Low,0
PSS,Pacific island small states,2018,53.715496130565285,4247.090127624899,4156.979470620881,53.4872020772252,39.0330726122061,8.354224779180912,8.332784531085155,45.494356989251955,52.20616465212977,43.46400090634995,43.68713208002481,38.57293321844433,44.798136468047886,43.46400090634995,45.38664258097813,False,False,True,False,False,False,False,,False,False,False,0,Tier_4_Low,0
PSS,Pacific island small states,2019,26.915117651053233,4136.341408941611,4265.85330660575,53.4991348089838,39.2708800377762,8.32780868878553,8.358631904018592,26.289964713478216,52.02147368665161,43.47790777210632,32.5672090844425,27.71710870034435,45.21059723446806,43.47790777210632,38.39575436065196,False,False,True,False,False,False,False,,False,False,False,0,Tier_4_Low,0
PSS,Pacific island small states,2020,26.658810355797854,3592.04110507296,3804.69427176154,52.1253967670527,39.4509108653665,8.186754227368969,8.244253716663668,26.168103706903523,50.11583420216509,41.53835664409526,31.681972782101536,27.736891348812,43.38540150027673,41.53835664409526,37.230208491301745,False,False,True,False,False,False,False,,False,False,False,0,Tier_4_Low,0
PSS,Pacific island small states,2021,24.566047876102715,3600.81254375167,3727.98133895146,52.6959029087015,39.6583318985728,8.189192482113935,8.223890375862588,24.73414831216671,50.49849976429259,41.393633943319884,30.88363926655401,27.020509912053264,43.06045245515257,41.393633943319884,36.728105680106154,False,False,True,False,False,False,False,,False,False,False,0,Tier_4_Low,0
PSS,Pacific island small states,2022,57.58221857701929,3896.81060847355,4096.14722510116,53.3098636591013,39.9427900823495,8.268170292040937,8.318046211756284,48.593355933948544,51.46620989152005,42.719883657300656,44.98689230911826,40.7956272102068,44.56294898877153,42.719883657300656,46.156098726925975,False,False,True,False,False,False,False,,False,False,False,0,Tier_4_Low,0
PST,Post-demographic dividend,2018,89.84553961572689,45535.80187859229,45263.6334329166,53.9612533614026,80.6378758071412,10.726276110506847,10.72028128763123,85.96054383876566,69.77920771846712,79.78312618341111,82.00414247114144,82.36069551153969,82.8967372259128,79.78312618341111,80.11791657009701,True,True,True,True,True,True,True,,False,True,False,2,Tier_2_Good,1
PST,Post-demographic dividend,2019,91.67208063087679,45840.3536114764,46932.5010235189,54.3248552799796,80.7013034408387,10.732941879998817,10.756487006975881,87.29707854028345,70.06030941566348,80.12053391646603,82.80880114164049,83.15593279260166,83.47449183130907,80.12053391646603,80.81038757387518,True,True,True,True,True,True,True,,False,True,False,2,Tier_2_Good,1
PST,Post-demographic dividend,2020,90.15169964141901,44743.738932431,45399.8000983099,53.5465659460815,80.739043177135,10.708729151035874,10.723285007184941,86.21604734057306,69.38620913854012,79.67934077059482,82.05129318536886,82.5569452083432,82.94466923325548,79.67934077059482,80.10637961819675,True,True,True,True,True,True,True,,False,True,False,2,Tier_2_Good,1
PST,Post-demographic dividend,2021,91.87906024696665,49855.2269396596,50140.1323406413,53.8639869374671,80.8170538137498,10.816898681122732,10.822596955036085,87.48627634414974,70.37677468651492,81.2592615568299,83.4097478607925,83.32153658867301,84.52944468532367,81.2592615568299,81.38781232602682,True,True,True,True,True,True,True,,False,True,False,2,Tier_2_Good,1
PST,Post-demographic dividend,2022,93.87547563480587,50969.801641014,53270.1003077094,54.6159819761274,80.93281887999,10.839008230913253,10.883149254995445,88.9632587047636,71.01874401301203,81.90336431553246,84.38634663145083,84.2230245721806,85.49571108748604,81.90336431553246,82.33091278678818,True,True,True,True,True,True,True,,False,True,False,2,Tier_2_Good,1
PYF,French Polynesia,2018,77.05263635840791,21925.616043938,23700.0,49.253,61.7888025236875,9.995456522343389,10.073272520325904,70.2006896625613,61.44689580123899,69.30002413261022,68.11777087542367,63.99312799289312,72.57206195889188,69.30002413261022,67.63285369176154,True,True,True,True,True,True,True,,False,True,False,2,Tier_2_Good,1
PYF,French Polynesia,2019,80.10796287359943,21582.5892046801,24530.0,49.219,61.7824142427508,9.979688545866498,10.107692902830086,72.39725482300636,61.31034887586732,69.45985718173584,69.28089987729312,65.24513516037105,73.12132696097588,69.45985718173584,68.49108397622302,True,True,True,True,True,True,True,,False,True,False,2,Tier_2_Good,1
PYF,French Polynesia,2020,84.001242631566,19966.4838503859,22170.0,48.347,61.7673100921,9.90186042199622,10.00654040759221,75.19382835978527,60.1859590380399,68.08615303464103,70.42513688531841,66.83567526879636,71.50718088049918,68.08615303464103,68.73398645967596,True,True,True,True,True,True,True,,False,True,False,2,Tier_2_Good,1
PYF,French Polynesia,2021,80.48020848520551,21426.3854449835,23460.0,48.267,61.7399813226008,9.97242507659067,10.063094747044966,72.65039099806273,60.64853760898312,69.0511365035187,69.38183847639692,65.36870886811019,72.40964962481378,69.0511365035187,68.27110909412407,True,True,True,True,True,True,True,,False,True,False,2,Tier_2_Good,1
PYF,French Polynesia,2022,81.10047046593277,20053.9569369322,24150.0,47.85,61.6913806937112,9.90623163095339,10.092081066090932,73.07986945622454,59.89988692728815,68.80048751665895,69.2401060249515,65.58998622411303,72.87220028325738,68.80048751665895,68.2202958819107,True,True,False,False,True,True,True,,False,True,False,1,,0
QAT,Qatar,2018,99.6528491261175,71039.9308240078,63410.0,58.369,99.0755684762244,11.171011480395636,11.057392626952947,99.42876861845404,75.83645721156269,85.71077742399851,92.90111088119471,99.21443645611029,88.27620854563408,85.71077742399851,89.49135354121958,True,True,True,True,True,True,True,,False,True,False,2,Tier_2_Good,1
QAT,Qatar,2019,99.6528042086389,66841.3623185691,65700.0,59.083,99.1191696672067,11.110092324971815,11.092869425057021,99.44389534670655,75.84962954181145,85.55031421552445,92.55637875543361,99.24473609142186,88.84233135331061,85.55031421552445,89.48282291893665,True,True,True,True,True,True,True,,False,True,False,2,Tier_2_Good,1
QAT,Qatar,2020,99.65284913,51683.5681078949,57730.00000000001,59.452,99.1617913833034,10.852914526730753,10.963549569921238,99.45874618894156,74.21325922820475,82.64610577341128,91.06836074706737,99.27439159309382,86.77870319659188,82.64610577341128,88.08101038990448,True,True,True,True,True,True,True,,False,True,False,2,Tier_2_Good,1
QAT,Qatar,2021,99.65280151,71751.9363398856,66970.0,60.582,99.203408908243,11.180984057382188,11.112014968851744,99.47318130079002,77.32456766982318,86.21920261055735,92.98880723079377,99.30331077400817,89.14784734085173,86.21920261055735,90.03200604636686,True,True,True,True,True,True,True,,False,True,False,2,Tier_2_Good,1
QAT,Qatar,2022,98.03800201,88701.4689763536,71050.0,63.54,99.243997525719,11.393043003043918,11.171153208021556,98.32519167242809,80.76050241734396,88.23495789511313,93.56928077023709,98.66747620962678,90.09154879614218,88.23495789511313,91.02496845295471,True,True,True,True,True,True,True,,False,True,False,2,Tier_2_Good,1
ROU,Romania,2018,70.6812779273268,12416.134317959,11490.0,42.932,53.1445711571868,9.426832597621685,9.349319399257634,62.610113866061724,53.26389293567456,59.38387308484501,60.18215849148645,55.36224897699761,61.0195432585558,59.38387308484501,58.80767039756559,True,True,False,False,True,True,True,,False,True,False,1,,0
ROU,Romania,2019,73.6574757545465,12909.6104013244,12660.0,42.958,52.8931835224862,9.465804764002932,9.446281681520253,64.66455333297023,53.564261941976696,60.44125194231733,61.57479084093965,56.41135545843281,62.566823802651314,60.44125194231733,60.04460071741961,True,True,False,False,True,True,True,,False,True,False,1,,0
ROU,Romania,2020,78.45526895,13009.1770573223,12720.0,42.742,52.611947245178,9.473487180739257,9.45100945015621,68.01953848409083,53.4820336980774,60.53490592208645,63.527358678998915,58.188805711968925,62.64226741079154,60.53490592208645,61.27086102133574,True,True,False,False,True,True,True,,False,True,False,1,,0
ROU,Romania,2021,83.5904265,14907.9803652143,14180.0,42.751,52.2321512130811,9.609719019452168,9.559658319461347,71.58304337054662,54.47963232470627,62.393632789770095,66.34454496173421,60.03645755160469,64.37603726120095,62.393632789770095,63.465799482474424,True,True,False,False,True,True,True,,False,True,False,1,,0
ROU,Romania,2022,85.50309124,15503.551804598,15390.0,43.223,52.1634832477272,9.648888924609041,9.641538201979953,72.93563122226084,55.066716658140024,63.33211221317769,67.3433211621195,60.775258967487474,65.68263964531901,63.33211221317769,64.46040116798024,True,True,False,False,True,True,True,,False,True,False,1,,0
RUS,Russia,2018,80.8647218726954,11211.8876953125,10180.0,55.416,74.5442926137992,9.32481908283171,9.228278517107196,77.3788503065902,60.50633956533437,57.67540115457965,68.73585129870564,74.4303165754355,59.08802723375472,57.67540115457965,66.09025028914893,True,True,True,True,True,True,True,,False,True,False,2,Tier_2_Good,1
RUS,Russia,2019,82.6421618670668,11447.701171875,11190.0,54.794,74.6222859951926,9.345631567777433,9.322865162818028,78.68511327881764,60.260014946922,58.58161297566339,69.60609076944792,75.21549022469033,60.59739843691223,58.58161297566339,66.91058249610971,True,True,True,True,True,True,True,,False,True,False,2,Tier_2_Good,1
RUS,Russia,2020,84.99466978,10108.3271484375,10660.0,54.63,74.6932216791674,9.22121375672731,9.274347501950475,80.40277394702122,59.249285978851006,57.28867206663868,69.86529645615582,76.23224286241403,59.823175399318465,57.28867206663868,66.864790170974,True,True,True,True,True,True,True,,False,True,False,2,Tier_2_Good,1
RUS,Russia,2021,88.21384578,12425.029296875,11710.0,55.132,74.7516840220252,9.42754868832849,9.368283850042138,82.73980144206197,61.07261164683376,59.54039970830471,72.40446103474301,77.59672415612256,61.322169445188294,59.54039970830471,68.91690808056381,True,True,True,True,True,True,True,,False,True,False,2,Tier_2_Good,1
RUS,Russia,2022,90.41799163,15619.6142578125,12890.0,55.3,74.8544893625017,9.656346747704493,9.464284672443105,84.36177264681504,62.84584416751119,61.97214312460959,74.66732533915044,78.57462608566435,62.85410744470722,61.97214312460959,70.7622536633106,True,True,True,True,True,True,True,,False,True,False,2,Tier_2_Good,1
RWA,Rwanda,2018,19.16659927,771.7735112073096,770.0,54.156,21.5418444579064,6.649986005922803,6.647688373563329,14.549745276020122,40.226162961689646,17.61121118770272,15.49909981175065,12.20277438752613,17.908128945310008,17.61121118770272,20.64647202272732,False,False,True,False,False,False,False,,False,False,False,0,Tier_4_Low,0
RWA,Rwanda,2019,21.3579998,810.0514121373544,820.0,51.87,22.9711026997362,6.698331445617047,6.710523109452428,16.623719022493553,39.11594630501274,18.46453654982806,17.013138052752208,14.097784621899432,18.910817434750246,18.46453654982806,21.59742716502314,False,False,True,False,False,False,False,,False,False,False,0,Tier_4_Low,0
RWA,Rwanda,2020,23.800000000000004,778.7014989250256,770.0,56.652,24.502976113296597,6.658911152751856,6.647688373563329,18.913715253142577,41.887663293180495,17.676191114946405,18.142829653116756,16.16720306411385,17.908128945310008,17.676191114946405,22.746825416912404,False,False,True,False,False,False,False,,False,False,False,0,Tier_4_Low,0
RWA,Rwanda,2021,24.441600800000003,829.5448452636974,839.9999999999982,52.58,26.1049092762833,6.722081925504844,6.734591659972946,19.93240002538078,39.74300114324094,18.82949053049223,19.14591241796438,17.544955013512556,19.294892552166644,18.82949053049223,23.2376488659808,False,False,True,False,False,False,False,,False,False,False,0,Tier_4_Low,0
RWA,Rwanda,2022,28.016799930000005,975.4693237353695,940.0,54.695,27.780670273776096,6.8839433353177775,6.846943139585379,23.087936608736264,42.274261089801726,20.904356923044748,21.947315189692674,20.180433866665158,21.087746994617028,20.904356923044748,25.774475206003082,False,False,True,False,False,False,False,,False,False,False,0,Tier_4_Low,0
SAS,South Asia,2018,20.9,1988.3663331798998,1998.7198578758798,27.9107474591322,33.5735795082406,7.5955714414726225,7.600762378669155,19.98033479248364,30.32324750804566,32.09995130235295,24.508189085578692,21.281877056414128,33.11685579013972,32.09995130235295,26.975413218531532,False,False,False,False,False,False,False,,False,False,False,0,Tier_4_Low,0
SAS,South Asia,2019,29.7,2067.0597568763696,2105.4095476471593,28.0294677656731,33.8860664509609,7.634366131185873,7.652740140856578,26.421957746176584,30.681631223045816,32.797116651101774,28.425420698891287,25.118010122475972,33.946293570290116,32.797116651101774,29.690067283094493,False,False,False,False,False,False,False,,False,False,False,0,Tier_4_Low,0
SAS,South Asia,2020,42.5,1957.203437226859,1957.004524874501,27.6197298280335,34.2000653894608,7.579782718217613,7.579681134055355,35.742733196474745,30.022152943369477,31.816798286758903,33.44405764167379,30.60012416296458,32.78045075846044,31.816798286758903,32.57677671579219,False,False,False,False,False,False,False,,False,False,False,0,Tier_4_Low,0
SAS,South Asia,2021,48.0,2273.7205579868896,2222.5019283553993,29.2936701917322,34.5086968655354,7.729612492186511,7.706838677211629,39.80814857912797,32.183700363058776,33.92220207656145,36.65004537883828,33.07650940244352,34.80957371193842,33.92220207656145,35.32294058585613,False,False,False,False,False,False,False,,False,False,False,0,Tier_4_Low,0
SAS,South Asia,2022,54.2,2385.0834189627094,2438.0855200123206,30.8503437167079,34.81375209551939,7.777408563891936,7.799378461156895,44.37608028195639,33.52737931666633,35.008537647249085,39.54877816763849,35.838270578985686,36.28628201450809,35.008537647249085,37.71896342174786,False,False,False,False,False,False,False,,False,False,False,0,Tier_4_Low,0
SAU,Saudi Arabia,2018,93.3100018480347,29360.0658968566,26570.0,21.824,83.4708425884849,10.287424786458311,10.187575674477692,89.43871964024783,46.02812930018139,72.33771121984213,81.52941526536479,85.75529930198198,74.39606034693308,72.33771121984213,73.81781106648675,True,True,False,False,True,True,True,,False,True,False,1,,0
SAU,Saudi Arabia,2019,95.7247355953812,29566.7933827436,29140.0,24.365,83.6394643268678,10.294440986549828,10.279901396250288,91.23512456720185,47.7045148810536,73.12543917300587,82.6023811615648,86.86556725884492,75.86935274150977,73.12543917300587,75.1647740274546,True,True,False,False,True,True,True,,False,True,False,1,,0
SAU,Saudi Arabia,2020,97.8623325,24338.8307301067,26940.0,29.308,83.8064352851942,10.099869412125663,10.201404568800312,92.83151217224922,49.44962676731092,71.08254364229293,82.38686179988188,87.86071969560427,74.61673563048085,71.08254364229293,75.35487101969441,True,True,False,False,True,True,True,,False,True,False,1,,0
SAU,Saudi Arabia,2021,100.0,31920.7653655643,30480.0,34.218,83.9716349986538,10.371043355973159,10.32485881766135,94.42733476379732,54.56451170933576,74.04185128807741,84.88366564213524,88.85466952759462,76.58676307714558,74.04185128807741,78.06270867952337,True,True,False,False,True,True,True,,False,True,False,1,,0
SAU,Saudi Arabia,2022,100.0,38510.2276211037,35110.0,34.098,84.1349430023993,10.5587051042833,10.466269750670861,94.48411290899115,55.85403560045303,76.53641704086864,86.01454148275752,88.9682258179823,78.84333522316204,76.53641704086864,79.30854985994574,True,True,False,False,True,True,True,,False,True,False,1,,0
SDN,Sudan,2018,24.295569505698808,731.0274658203125,810.0,19.704000000000004,34.382054222005,6.5958180348698425,6.698268054115413,22.70506576807518,17.795203720616627,17.620402783282053,20.26894916280862,23.240418498663573,18.715256766753395,17.620402783282053,19.862870324785195,False,False,False,False,False,False,False,,False,False,False,0,Tier_4_Low,0
SDN,Sudan,2019,28.1471291993174,709.9752807617188,720.0000000000018,18.466,34.4727685824236,6.566637662337705,6.580639137284952,25.508405654394046,16.790890838092295,16.469419079705332,21.703902199492102,24.887382911839616,16.838187351845754,16.469419079705332,20.195581597461057,False,False,False,False,False,False,False,,False,False,False,0,Tier_4_Low,0
SDN,Sudan,2020,35.26099487640383,577.7952270507831,600.0,17.008000000000003,34.5594433789246,6.360948748439263,6.398594934535208,30.658081453638694,14.360780747602778,13.519402015637645,23.45142224758975,27.873104337758114,13.933207740112206,13.519402015637645,20.442300449385648,False,False,False,False,False,False,False,,False,False,False,0,Tier_4_Low,0
SDN,Sudan,2021,47.49392759210319,712.1220092773438,620.0,15.807000000000002,34.642156342799396,6.5696525267808585,6.431331081933479,39.490350730790176,15.112060341836308,15.300073495518717,29.716753738545584,32.96119713532737,14.455596474948287,15.300073495518717,24.43337285982661,False,False,False,False,False,False,False,,False,False,False,0,Tier_4_Low,0
SDN,Sudan,2022,52.01664900571858,1046.2408447265607,719.9999999999982,14.451999999999998,34.72098520530861,6.953914217584644,6.580639137284947,42.77256435486215,17.04299384013808,19.2890032126197,33.83302197919076,34.875900408601865,16.83818735184567,19.2890032126197,27.478701633861906,False,False,False,False,False,False,False,,False,False,False,0,Tier_4_Low,0
SEN,Senegal,2018,35.29999924,1452.556125624451,1390.0,36.353,48.9001692274485,7.281768333374134,7.237778191923443,35.67206613749689,33.438521330767706,26.91912456101945,32.154659648749465,37.86097406016103,27.32451719352128,26.91912456101945,32.0695170310258,False,False,False,False,False,False,False,,False,True,False,0,Tier_4_Low,0
SEN,Senegal,2019,43.37969971,1431.1812893215902,1430.0,37.308,49.9443321273477,7.266953938195915,7.266128779556451,41.849706301237404,33.94151262124433,27.037470671097008,35.63302849732999,41.909667810802404,27.776923135652652,27.037470671097008,34.54205871171098,False,False,False,False,False,False,False,,False,True,False,0,Tier_4_Low,0
SEN,Senegal,2020,53.30879974,1461.0872035055309,1440.0,37.075,51.0562950093282,7.287620285251538,7.273092595999522,49.381851628685666,33.9429407210345,27.243495654510717,40.094300578217165,46.76603933113029,27.8880485902478,27.243495654510717,37.41976381496553,False,False,False,False,False,False,False,,False,True,False,0,Tier_4_Low,0
SEN,Senegal,2021,55.04040146,1598.1067695227393,1530.0,37.707,52.2260292191155,7.377200483289398,7.333676395657684,51.03469800593117,34.99938047861262,28.379072788552307,41.59927045712967,48.29150524959053,28.854817650453747,28.379072788552307,38.727878130060795,False,True,False,False,False,False,False,,False,True,False,0,Tier_4_Low,0
SEN,Senegal,2022,56.82830048,1574.0281059305998,1600.0,37.706,53.4435061024348,7.362028396135814,7.3783837129967145,52.744658056748605,34.88827979376503,28.62532137887849,42.52833464700256,49.873320330448934,29.568236937656877,28.62532137887849,39.51714000917062,False,True,False,False,False,False,False,,False,True,False,0,Tier_4_Low,0
SGP,Singapore,2018,88.1656360313447,66881.6067035265,56360.0,60.889,100.0,11.110694222829286,10.939532708935408,91.4833206408174,77.00918630527107,84.33125714168489,88.04015062679473,95.1333260804671,86.39545291755067,84.33125714168489,86.31237466916103,True,True,True,True,True,True,True,,False,True,False,2,Tier_2_Good,1
SGP,Singapore,2019,88.9492526850762,65952.0378959293,58430.0,61.822,100.0,11.09669822070745,10.975601849898009,92.04725561848272,77.50406404809479,84.51714620209637,88.28088037421877,95.45557463913299,86.97102806647831,84.51714620209637,86.71266157274674,True,True,True,True,True,True,True,,False,True,False,2,Tier_2_Good,1
SGP,Singapore,2020,92.00434653,61410.0792630788,55780.0,61.72,100.0,11.025345541881254,10.929188588593389,94.2458743831534,76.9193352856471,83.62733887267356,89.12164488036512,96.7119282189448,86.2303860917963,83.62733887267356,87.05856629019678,True,True,True,True,True,True,True,,False,True,False,2,Tier_2_Good,1
SGP,Singapore,2021,96.92468156,80056.1288247844,65010.0,64.409,100.0,11.290495769110379,11.082311765329093,97.78682646991143,80.56974256984282,86.77951229426637,92.68939646200724,98.73532941137796,88.67385696195956,86.77951229426637,90.2653914885475,True,True,True,True,True,True,True,,False,True,False,2,Tier_2_Good,1
SGP,Singapore,2022,95.95386476,90299.0694637269,66910.0,62.921,100.0,11.410893508659786,11.111118657114291,97.08817165212766,80.49453187179849,87.8859170950853,92.99141400268793,98.3360980869301,89.13354440077602,87.8859170950853,90.38853421020234,True,True,True,True,True,True,True,,False,True,False,2,Tier_2_Good,1
SLB,Solomon Islands,2018,20.8593998,2278.1990862410203,2150.0,82.361,26.294682668430205,7.731579382271465,7.67368812926773,17.420424567985847,66.14155999201989,33.67202133074434,23.596534430570696,16.203796901825406,34.28057215934732,33.67202133074434,33.40951382226087,False,False,True,False,False,False,False,,False,False,False,0,Tier_4_Low,0
SLB,Solomon Islands,2019,22.488800049999995,2223.658909424659,2210.0,82.367,27.275106750275995,7.707358883713843,7.701200180857446,18.93390253296496,65.9690593677302,33.71519539733625,24.352771979840263,17.555597385711856,34.71959711997711,33.71519539733625,34.01888300467427,False,False,True,False,False,False,False,,False,False,False,0,Tier_4_Low,0
SLB,Solomon Islands,2020,24.198400499999998,2063.3278099196705,2170.0,81.602,28.0327555150022,7.632559936625973,7.682943169878292,20.427643653365955,64.93516416401239,33.02494975635923,24.795763902777594,18.785471878249254,34.42825993997062,33.02494975635923,34.151130757333526,False,False,True,False,False,False,False,,False,False,False,0,Tier_4_Low,0
SLB,Solomon Islands,2021,26.03790092,2043.4441317065794,2120.0,82.26,28.6889396820578,7.622881213291238,7.659642954564682,21.97959143219854,65.28557536412143,32.76857619728767,25.64794562647741,19.99821199598227,34.0564455706436,32.76857619728767,34.714417299506174,False,False,True,False,False,False,False,,False,False,False,0,Tier_4_Low,0
SLB,Solomon Islands,2022,28.017299649999998,1877.7810449095577,2010.0,82.309,29.3511689856806,7.538378465167285,7.606387389772652,23.634319711752447,64.70169130646146,31.728436002531538,26.123251526752423,21.27268632005787,33.20661719052826,31.728436002531538,34.84128269359715,False,False,True,False,False,False,False,,False,False,False,0,Tier_4_Low,0
SLE,Sierra Leone,2018,14.42230034,845.9145404609317,830.0,51.415,42.2011025267803,6.741599792821296,6.7226297948554485,18.318190724353435,39.13993106006089,18.87615019385335,18.870163608257073,24.617188894724904,19.104010481989413,18.87615019385335,23.385707740061015,False,False,True,False,False,False,False,,False,True,False,0,Tier_4_Low,0
SLE,Sierra Leone,2019,15.713700289999998,843.7125178099777,850.0,51.584,42.7018444914441,6.73899635386122,6.7464121285733745,19.421650924852887,39.2290743429758,19.046949640189805,19.502129262487895,25.496445537663558,19.483518280240983,19.046949640189805,23.911174317895075,False,False,True,False,False,False,False,,False,True,False,0,Tier_4_Low,0
SLE,Sierra Leone,2020,17.120800019999997,845.27755792055,840.0,51.093,43.2129659123546,6.740847388447284,6.734591659972948,20.611983927272743,38.928491780400094,18.966113315534223,20.210024995331334,26.43049903837752,19.29489255216669,18.966113315534223,24.273764325369317,False,False,True,False,False,False,False,,False,True,False,0,Tier_4_Low,0
SLE,Sierra Leone,2021,18.65390015,885.3964018853949,889.9999999999982,51.472,43.7345385973699,6.787164256739964,6.792344427470807,21.896627607656463,39.5081241596355,19.764121689257706,21.231146984816746,27.42363527719512,20.21648527288135,19.764121689257706,25.203938909644965,False,False,True,False,False,False,False,,False,True,False,0,Tier_4_Low,0
SLE,Sierra Leone,2022,21.50880051,860.3710679160959,920.0,51.605,44.2666343543487,6.758525384774886,6.825460036255307,24.13617229526583,39.384688581506566,19.81983711661443,22.36170025940853,28.967655821998328,20.7449292820617,19.81983711661443,26.073368605618235,False,False,True,False,False,False,False,,False,True,False,0,Tier_4_Low,0
SLV,El Salvador,2018,43.79999924,4183.546209713579,3939.999999999998,44.928,71.7577209472656,8.339153544478886,8.279189777195004,49.73615230725823,46.62170197804355,42.92665361013178,47.10680979169254,57.25045785976843,43.94289546067127,42.92665361013178,47.32005818616944,False,True,False,False,False,False,False,,False,True,False,0,Tier_4_Low,0
SLV,El Salvador,2019,50.4911940673888,4320.11671534627,4130.000000000002,45.983,72.4148941040039,8.371269146755814,8.326274787396764,54.77999833586874,47.53033235316221,43.536153397477975,50.197823043861646,60.45905961623148,44.694256902498736,43.536153397477975,49.62021836022831,False,True,False,False,False,False,False,,False,True,False,0,Tier_4_Low,0
SLV,El Salvador,2020,54.60136976,3997.1927958370907,3800.0,43.207,73.0570220947266,8.293597736968458,8.24301946898925,57.96116581150601,45.18922496566821,42.30638776836305,51.58450300949594,62.59580101196955,43.36570593032253,42.30638776836305,49.85933438327971,False,True,False,False,False,False,False,,False,True,False,0,Tier_4_Low,0
SLV,El Salvador,2021,57.26380157,4642.607431013419,4380.000000000002,45.217,73.6838531494141,8.443246806732525,8.3850322878139,60.09513633186549,47.56441111390674,44.52900284119184,53.696291668861726,64.12654648252936,45.63188269980495,44.52900284119184,52.014389101165285,False,True,False,False,False,False,False,,False,True,False,0,Tier_4_Low,0
SLV,El Salvador,2022,60.05609894,5074.602102218063,4710.0,46.028,74.1465021298679,8.532200437703867,8.45765547870004,62.26548343516702,48.730783173600514,45.75607782443418,55.46991389572776,65.59653280357306,46.790770957033835,45.75607782443418,53.53726871525386,False,True,False,False,True,True,True,,False,True,False,1,,0
SMR,San Marino,2018,88.59342448034731,47950.6880557136,41800.0,54.196268758312705,97.0999984741211,10.77794928419064,10.640675541671662,90.78292281384455,70.30573981856031,79.52417864844924,85.6058472394375,93.2927292480735,81.62642449144309,79.52417864844924,82.69042342718093,True,True,True,True,True,True,True,,False,True,False,2,Tier_2_Good,1
SMR,San Marino,2019,67.85070038,46630.1443120725,43770.0,55.17855719933294,97.0999984741211,10.750023929755871,10.686726776622612,75.85528237059393,70.73073073724254,79.68829932761133,76.91311756117895,84.76264899478741,82.36128941219843,79.68829932761133,77.4357471688163,False,True,True,False,True,True,True,,False,True,False,1,,0
SMR,San Marino,2020,77.94999695,44326.9556746411,40540.0,55.535209387561906,97.0999984741211,10.699370810606267,10.610069086697326,83.12330884567922,70.59007445712712,78.70788255732253,80.77124972293716,88.91580698055044,81.13802043163287,78.70788255732253,79.65832045568791,True,True,True,True,True,True,True,,False,True,False,2,Tier_2_Good,1
SMR,San Marino,2021,81.66999817,54176.4798021628,48160.0,56.726657796492574,97.1035668453272,10.90002059927783,10.782304843886733,85.80167329411223,72.81300215968784,81.54295266262447,83.47053359594591,90.44807328568885,83.88648127514864,81.54295266262447,82.17926573680008,True,True,True,True,True,True,True,,False,True,False,2,Tier_2_Good,1
SMR,San Marino,2022,97.32790375,54190.8417700372,53880.0,57.08337807405206,97.1141889380465,10.900285655250316,10.894533190114505,97.0736830425585,73.04310146342465,82.44032718199037,89.91357754297728,96.89449748246122,85.67737081035911,82.44032718199037,86.73566743240191,True,True,True,True,True,True,True,,False,True,False,2,Tier_2_Good,1
SOM,"Somalia, Fed. Rep.",2018,35.14802139984686,509.4972738045344,510.0,21.056,50.9506215336872,6.235385297344691,6.236369590203704,36.275585710996666,16.0358390785558,11.310872156322368,26.47283192615053,39.22425873775673,11.344488568223428,11.310872156322368,22.807940205753983,False,False,False,False,False,False,False,,False,True,False,0,Tier_4_Low,0
SOM,"Somalia, Fed. Rep.",2019,2.731400012999991,539.9548162116935,520.0,21.094,51.6421170703225,6.293335756341372,6.255750041753367,13.187162690895823,16.482055964637908,11.8874153126463,13.639872800769442,26.374325381791646,11.653753108195373,11.8874153126463,14.731850822888761,False,False,False,False,False,False,False,,False,True,False,0,Tier_4_Low,0
SOM,"Somalia, Fed. Rep.",2020,15.02369976,518.16113333875,500.0,20.892,52.286318011754,6.252214303841195,6.2166061010848646,22.257371302982797,16.053463828734508,11.275708043625608,18.604670637246613,31.877262732046493,11.029111686786162,11.275708043625608,17.745067108006932,False,True,False,False,False,False,False,,False,True,False,0,Tier_4_Low,0
SOM,"Somalia, Fed. Rep.",2021,23.87479973,549.0569947562544,540.0,20.933,52.9060649733324,6.3100218996871815,6.293419278846481,28.84259538551638,16.500559488029857,12.309453901265817,22.724873454148543,35.948063147292075,12.254861872397466,12.309453901265817,20.68090406668533,False,True,False,False,False,False,False,,False,True,False,0,Tier_4_Low,0
SOM,"Somalia, Fed. Rep.",2022,27.6,573.1411657982298,570.0,20.666,53.5010115886789,6.352875299529288,6.3473892096560105,31.730308922877335,16.64177393598483,13.052063935063796,24.64429216549315,37.893682585738894,13.116089784520984,13.052063935063796,22.089354455257556,False,True,False,False,False,False,False,,False,True,False,0,Tier_4_Low,0
SRB,Serbia,2018,73.360709154564,7559.86165747394,6700.0,46.379,60.8433609008789,8.930740438535166,8.81001204797317,67.21506288347939,51.856882003377635,51.46903989786594,60.179022910514796,61.81747466372129,52.413518808037615,51.46903989786594,57.48340373423923,True,True,False,False,True,True,True,,False,True,False,1,,0
SRB,Serbia,2019,77.4167736219802,7755.632986437,7380.0,46.746,61.0492248535156,8.956303625517855,8.906664409770052,70.20561066026316,52.27774070671889,52.426321300465546,62.043615039256665,63.62860738451623,53.955853780559714,52.426321300465546,59.07633875195922,True,True,False,False,True,True,True,,False,True,False,1,,0
SRB,Serbia,2020,78.36804864,8098.70955668849,7790.0,46.159,61.223201751709,8.999583482818693,8.960724500330858,70.95068955900771,52.21737789400333,53.172755541106795,62.72721585614127,64.14077740573741,54.81852042149362,53.172755541106795,59.64298822216652,True,True,False,False,True,True,True,,False,True,False,1,,0
SRB,Serbia,2021,81.16588116,9680.527980744682,8890.0,49.002,61.363899230957,9.177975017064224,9.09279480812114,73.01308551294494,55.33463792903892,55.52530233866351,64.94941657440795,65.38917084547934,56.92603906614697,55.52530233866351,61.92798719731333,True,True,True,True,True,True,True,,False,True,False,2,Tier_2_Good,1
SRB,Serbia,2022,83.53825397,10024.8191112596,9790.0,50.142,61.9013813540396,9.21291895569576,9.189218875354072,74.90724872066535,56.3182288160383,56.549059208549664,66.25312133382698,66.73850583890209,58.464731016569374,56.549059208549664,63.27335856444126,True,True,True,True,True,True,True,,False,True,False,2,Tier_2_Good,1
SSA,Sub-Saharan Africa (excluding high income),2018,22.800000000000004,1718.4234609844807,1594.7267710894503,62.9802383351315,43.5691538594283,7.449744316514347,7.3750845672947944,24.82289598300633,51.69310024436171,29.23761788409945,26.75697893909919,29.01364552853727,29.515590652548905,29.23761788409945,32.38237002766733,False,False,True,False,False,False,False,,False,True,False,0,Tier_4_Low,0
SSA,Sub-Saharan Africa (excluding high income),2019,25.299999999999997,1907.2249943638708,1708.8440557845006,62.7125253836588,44.0201520559233,7.553928766630385,7.444157449890487,26.778838635824886,52.28038209707789,30.547254409047017,28.496409480543978,30.3553283224346,30.61782468490638,30.547254409047017,33.73455592942206,False,False,True,False,False,False,False,,False,True,False,0,Tier_4_Low,0
SSA,Sub-Saharan Africa (excluding high income),2020,28.0,1716.5086386142702,1671.922987522641,61.6198288605622,44.4929916543243,7.448630053844711,7.422327667364616,28.886306343388455,50.81482695451317,29.606447529788404,29.103027813373167,31.794445024882766,30.269474821475633,29.606447529788404,33.90284862517001,False,False,True,False,False,False,False,,False,True,False,0,Tier_4_Low,0
SSA,Sub-Saharan Africa (excluding high income),2021,30.299999999999997,1885.4815596590306,1815.33773974627,62.1377095962314,44.978597249643,7.542468764460768,7.5045775219055875,30.71034979035086,51.829276717282006,30.945897539109854,30.707975205502617,33.07794560800698,31.581981052932147,30.945897539109854,35.316707362465756,False,False,True,False,False,False,False,,False,True,False,0,Tier_4_Low,0
SSA,Sub-Saharan Africa (excluding high income),2022,32.7,1963.8033003237397,1900.1721193406684,62.6144798335407,45.4749158289618,7.583147417676443,7.550225879863058,32.61008354664966,52.43039675224806,31.60627827293525,32.04690160640984,34.41001870933438,32.31041704360119,31.60627827293525,36.416903541280384,False,False,True,False,False,False,False,,False,True,False,0,Tier_4_Low,0
SSD,South Sudan,2018,4.800000191000002,39622.37067351368,648.0687758131571,71.286,19.625414393266304,10.58717439168469,6.475538683066587,3.544430712026263,79.84792641726018,44.902542096292464,32.07879164226509,4.962172874740127,15.16104151541392,44.902542096292464,33.301529088773634,False,False,True,False,True,False,False,,False,False,False,0,Tier_4_Low,0
SSD,South Sudan,2019,6.671000004,663.6105037446341,658.6946125885406,71.68,19.9062299188719,6.499201160406848,6.4917770197388185,4.988540867335298,50.33727087936363,15.269433760054255,9.103159486089556,5.926853817823291,15.420165597635565,15.269433760054255,18.176965722874957,False,False,True,False,False,False,False,,False,False,False,0,Tier_4_Low,0
SSD,South Sudan,2020,44.79412476205799,28560.57404179391,4782.903231010232,70.996,20.191456547628604,10.259817528443017,8.473012067794246,32.52326937899148,77.27909710297939,58.456597433993664,46.750201842174555,21.80265043772371,47.035824507493565,58.456597433993664,49.75965380258135,False,False,True,False,True,True,True,,False,False,False,1,,0
SSD,South Sudan,2021,43.19948096570667,30810.1627587536,5030.873876527234,71.344,20.4811115270532,10.335632330533041,8.52354773378302,31.476379138627134,78.05366191847153,59.41178319076211,46.603148304373214,21.34829295327998,47.84224996430737,59.41178319076211,49.91214208823767,False,False,True,False,True,True,True,,False,False,False,1,,0
SSD,South Sudan,2022,44.393663854856314,25739.13349935624,5401.407724726765,70.628,20.7752121046616,10.155806667591845,8.594600008129069,32.43803234109071,76.28645699997573,58.669464616347135,46.11501968615217,22.0438826137395,48.976070241058025,58.669464616347135,49.74766289344958,False,False,True,False,True,True,True,,False,False,False,1,,0
SSF,Sub-Saharan Africa,2018,22.0,1620.5414080591909,1508.4408715872796,63.0914640685788,41.2564673570093,7.3911324623064125,7.319494577519993,23.443106845114258,51.33751753161653,28.36735163792489,25.550569537954306,27.07653205650986,28.62851056720134,28.36735163792489,31.345679343249643,False,False,True,False,False,False,False,,False,True,False,0,Tier_4_Low,0
SSF,Sub-Saharan Africa,2019,24.4,1795.561278655401,1616.7448069369493,62.6388905437086,41.7069096868529,7.493629715994329,7.388788363879341,25.32689056654697,51.794273016722194,29.66646699597894,27.238921031780237,28.376705088105098,29.73426968258743,29.66646699597894,32.642183574223196,False,False,True,False,False,False,False,,False,True,False,0,Tier_4_Low,0
SSF,Sub-Saharan Africa,2020,26.699999999999996,1627.3456959629693,1586.80149319281,61.3785809186593,42.1668389897844,7.395319867978296,7.37010562970675,27.142007003052058,50.27238998208412,28.801652448543607,27.718760202577588,29.64235165031467,29.436139003098443,28.801652448543607,32.72011794491481,False,False,True,False,False,False,False,,False,True,False,0,Tier_4_Low,0
SSF,Sub-Saharan Africa,2021,29.0,1785.466649166141,1721.6251491761195,61.6602889856901,42.6486975646522,7.487995009036281,7.451604655793444,28.96474770387634,51.12730482973569,30.126640346505503,29.316061961472013,30.92324674116262,30.73666385135988,30.126640346505503,34.095905233942055,False,False,True,False,False,False,False,,False,True,False,0,Tier_4_Low,0
SSF,Sub-Saharan Africa,2022,31.1,1865.1163526069904,1805.6757271132228,62.1326606535539,43.1554770877868,7.531614733486396,7.499243820760326,30.652221460071598,51.74702400034581,30.824317881849566,30.551173395364632,32.13922414369172,31.496868245998304,30.824317881849566,35.137266214054925,False,False,True,False,False,False,False,,False,True,False,0,Tier_4_Low,0
SST,Small states,2018,58.0,12057.788581183,11363.9051640158,50.7218655713212,50.8834075568435,9.39754901591433,9.338285391686565,52.69779666017023,58.03333648329807,59.08263480161921,54.27254541896946,48.574995517568894,60.84346752230325,59.08263480161921,55.92087600799114,False,False,True,False,True,True,True,,False,True,False,1,,0
SST,Small states,2019,62.1,11990.4670996465,11957.0818805841,51.0945323476456,51.0510007537325,9.39195060080692,9.389162636765132,55.706657144285685,58.23094640991868,59.44781340343165,55.96483599288406,50.37758436654656,61.655343744791836,59.44781340343165,57.23458332933532,False,False,True,False,True,True,True,,False,True,False,1,,0
SST,Small states,2020,65.6,10723.093901861,10857.5003168094,49.3873225613268,51.2091700462085,9.280248255552221,9.292703491577472,58.280447148442825,56.32570725251487,57.86493367141743,56.79020732574839,51.926880858425136,60.11609203612519,57.86493367141743,57.184804677497915,False,False,True,False,True,True,True,,False,True,False,1,,0
SST,Small states,2021,69.1,12428.6087674544,11704.4736789018,49.8367135542283,51.340072776001,9.427836709146533,9.36781184718837,60.84475724457664,57.687676200536224,59.538730651885324,59.11948124662944,53.45721753425706,61.31463743567542,59.538730651885324,59.02254083587893,True,False,True,False,True,True,True,,False,True,False,1,,0
SST,Small states,2022,70.5,13636.4661190787,12728.2754308412,50.7777878782061,51.5222800598785,9.520576145744377,9.451659771694407,61.91562558564188,58.96481063031284,60.882927989291865,60.27759411118937,54.15964080981324,62.65264494976832,60.882927989291865,60.2015885068731,True,False,True,False,True,True,True,,False,True,False,1,,0
STP,Sao Tome and Principe,2018,37.99380112,1825.5997175396606,1660.0,23.092,67.7828826904297,7.51021143962035,7.415175109613295,44.17573016696249,26.61955721617731,29.997724887737427,38.96969136381291,52.098855575850074,30.155337517867576,29.997724887737427,35.989663652663495,False,True,False,False,False,False,False,,False,True,False,0,Tier_4_Low,0
STP,Sao Tome and Principe,2019,44.25790024,1935.2931816595992,1810.0,23.25,67.9129943847656,7.56853069317877,7.501634457883413,48.72896769993251,27.145214916084814,31.112160519958643,41.915526360537406,54.765329324985736,31.53501695931475,31.112160519958643,38.21091230267354,False,True,False,False,False,False,False,,False,True,False,0,Tier_4_Low,0
STP,Sao Tome and Principe,2020,51.55469894,2167.22001796925,2030.0,22.649,68.0436706542969,7.681661841713513,7.616283561580385,54.02559069693339,27.58445268450056,32.85057631101519,45.605420090620626,57.85687518042766,33.36453585479464,32.85057631101519,40.91861540147155,False,True,False,False,False,False,False,,False,True,False,0,Tier_4_Low,0
STP,Sao Tome and Principe,2021,54.94950104,2362.58827248102,2220.0,22.936,68.1738967895508,7.767936197740231,7.7057128238944275,56.513959184009295,28.39615122031646,34.192236583430756,47.53415639809606,59.34348060086765,34.79160785044504,34.192236583430756,42.52270367086418,False,True,False,False,False,False,False,,False,True,False,0,Tier_4_Low,0
STP,Sao Tome and Principe,2022,58.56779861,2389.7372978473704,2430.0,23.014,68.3720919798341,7.779357090174597,7.796057974316123,59.18679883999592,28.529192796737554,34.99623056054307,49.13457621971421,60.96925691178652,36.233295177092934,34.99623056054307,43.88530874034163,False,True,False,False,False,False,False,,False,True,False,0,Tier_4_Low,0
SUR,Suriname,2018,55.10210037,6665.74180472239,5730.0,45.863,66.0693060442846,8.804886534512862,8.653645314551737,55.892064276454846,50.61054718332464,49.30513992371462,53.1487511537051,57.94280631325644,49.91828871731572,49.30513992371462,52.52239510513502,False,True,False,False,True,True,True,,False,True,False,1,,0
SUR,Suriname,2019,62.03350067,6629.66775248603,6000.0,46.005,66.0370492311305,8.7994607949237,8.699681400989514,60.869078071091394,50.66187252891454,49.63294917984356,55.960089081039584,60.770792918155976,50.65291190490269,49.63294917984356,54.49626070892648,False,True,False,False,True,True,True,,False,True,False,1,,0
SUR,Suriname,2020,73.10115782330155,4755.39221710693,4710.0,42.93,66.00830078125,8.46724472226298,8.45765547870004,68.82399660767666,46.27629159637641,45.2831648579303,58.56983382132696,65.30218190553032,46.790770957033835,45.2831648579303,54.848327354066136,True,True,False,False,False,True,False,,False,True,False,0,Tier_4_Low,0
SUR,Suriname,2021,72.76140090051136,5029.848385439529,4490.0,43.581,65.9853973388672,8.523343913968748,8.409830673087738,68.57152530146459,47.10112440262643,45.31001412833537,58.75155224861196,65.1465369316407,46.027604192367086,45.31001412833537,54.88317907523725,True,True,False,False,True,False,False,,False,True,False,0,Tier_4_Low,0
SUR,Suriname,2022,76.70997061540248,6084.438767364449,5040.0,43.957,65.8985443115234,8.713654109209013,8.525359754082631,71.38294332029102,48.72718768887303,47.6173565323829,61.463650411931624,66.70992344969645,47.87116537027419,47.6173565323829,57.09998642413331,True,True,False,False,True,True,True,,False,True,False,1,,0
SVK,Slovakia,2018,80.4489224826099,19573.3717031314,18460.0,52.241,53.4881496935559,9.881976423441277,9.82341567777057,69.75891848684724,62.53191804707639,66.480275612792,66.92952209467595,59.617928390660595,68.5849587031339,66.480275612792,66.07942305317214,True,True,True,True,True,True,True,,False,True,False,2,Tier_2_Good,1
SVK,Slovakia,2019,82.8536605021784,19406.0589683582,19230.0,52.171,53.3666558664583,9.873392143217202,9.864278839310847,71.44726392991079,62.4246456042098,66.74381536787686,67.84026943852315,60.522353797599266,69.23703467892682,66.74381536787686,66.7926647367938,True,True,True,True,True,True,True,,False,True,False,2,Tier_2_Good,1
SVK,Slovakia,2020,89.92090413,19735.4858280801,19420.0,51.796,53.2481998906526,9.890224274245904,9.874110233825451,76.4920689736664,62.30733084094648,66.94480493285451,70.8171305334591,63.346264955788854,69.39391965624793,66.94480493285451,68.67641615936913,True,True,True,True,True,True,True,,False,True,False,2,Tier_2_Good,1
SVK,Slovakia,2021,88.92560523,22123.3342114545,21010.0,54.62,53.1901479870605,10.004433377285704,9.95280138908905,75.75561224048705,64.94515483976879,68.40416842523587,71.05957945532293,62.89659938251491,70.649637763233,68.40416842523587,69.48955779449157,True,True,True,True,True,True,True,,False,True,False,2,Tier_2_Good,1
SVK,Slovakia,2022,89.06766196,21317.7943982363,21890.0,55.692,53.1902831072528,9.96734432875576,9.99383087243373,75.8578912964204,65.36081142277482,68.46150499504529,70.90200633430543,62.95511166867941,71.30436782766743,68.46150499504529,69.6681599404866,True,True,True,True,True,True,True,,False,True,False,2,Tier_2_Good,1
SVN,Slovenia,2018,79.7499765956562,25888.0481065655,24510.0,53.719,55.1913430955675,10.161575305231718,10.106877275363477,69.8480755250496,65.51292556752973,70.77758409007063,68.66537063149971,60.51481545675277,73.10831154425026,70.77758409007063,68.48784978053628,True,True,True,True,True,True,True,,False,True,False,2,Tier_2_Good,1
SVN,Slovenia,2019,83.1083578026717,25814.1687167572,25900.0,53.382,55.4523277282715,10.158717532901813,10.16203685698089,72.35569496096778,65.27656358952757,71.19688386456215,70.09029281654843,62.077366403128764,73.9885233695651,71.19688386456215,69.55907568321221,True,True,True,True,True,True,True,,False,True,False,2,Tier_2_Good,1
SVN,Slovenia,2020,86.60130109,25392.0651093612,25380.0,53.105,55.384391784668,10.142231388537414,10.141756141595407,74.84579536814658,64.97935753895814,70.91504048656705,71.41493536100263,63.46653857330405,73.664892823707,70.91504048656705,70.29071714727141,True,True,True,True,True,True,True,,False,True,False,2,Tier_2_Good,1
SVN,Slovenia,2021,89.00399524,29192.8401933019,28320.0,53.467,55.3046289429588,10.28171301371863,10.25135885791871,76.54717875606104,66.22640632506173,72.80503809985375,73.19691506413459,64.39914113342397,75.41388373635644,72.80503809985375,71.88432947238253,True,True,True,True,True,True,True,,False,True,False,2,Tier_2_Good,1
SVN,Slovenia,2022,88.91248552,28360.3041467268,29590.0,53.875,55.3377817873563,10.252780965016369,10.295225540024292,76.49284959492661,66.2767349430568,72.94439944026934,72.99845473292869,64.38456221603212,76.11388854412444,72.94439944026934,71.96434979671886,True,True,True,True,True,True,True,,False,True,False,2,Tier_2_Good,1
SWE,Sweden,2018,89.2469631588137,54018.4554391861,54930.0,61.259,87.4737430925296,10.897099546569882,10.913833131159125,87.90643590227066,75.6907644753668,82.57112047121474,84.3373795998238,86.86786472376032,85.98535059985757,82.57112047121474,83.47660148078889,True,True,True,True,True,True,True,,False,True,False,2,Tier_2_Good,1
SWE,Sweden,2019,94.4934434072202,51648.98928205141,56100.0,61.315,87.7088420242759,10.852245267036658,10.934908916663861,91.76383865316896,75.4000202723613,82.4127158589998,86.2881434645898,89.18886354065788,86.32166851752669,82.4127158589998,84.80401023479189,True,True,True,True,True,True,True,,False,True,False,2,Tier_2_Good,1
SWE,Sweden,2020,94.53943122,52568.5726980146,54590.0,60.587,87.9424046895699,10.869892765532686,10.907624312981353,91.87813804060644,75.06285188310684,82.32350152976841,86.4639778260178,89.37018311876648,85.88627306842866,82.32350152976841,84.73502367053636,True,True,True,True,True,True,True,,False,True,False,2,Tier_2_Good,1
SWE,Sweden,2021,94.6703163,60647.5416365347,59839.99999999999,60.704,88.1741651958315,11.012850868518953,10.999446323738674,92.05290774946201,76.17850158482995,84.09694153777545,87.40417051383766,89.58516207193146,87.3515274688947,84.09694153777545,85.70724864424173,True,True,True,True,True,True,True,,False,True,False,2,Tier_2_Good,1
SWE,Sweden,2022,95.00970335,54836.8907235124,61920.0,61.05,88.4038576504809,10.912136670564426,11.033614658004002,92.37700828838925,75.66655992478552,83.63630881850008,87.01037303394166,89.88444577044116,87.8967703984052,83.63630881850008,85.61580018195825,True,True,True,True,True,True,True,,False,True,False,2,Tier_2_Good,1
SWZ,Eswatini,2018,39.38100052,3972.6545062035693,3460.0,47.083,24.0579295404227,8.287441480782707,8.149312843635345,29.97195505869799,47.623616043433,41.5139027554178,33.93235729072014,22.26515200645551,41.87037769670851,41.5139027554178,37.202976361603966,False,False,False,False,False,False,False,,False,False,False,0,Tier_4_Low,0
SWZ,Eswatini,2019,43.93389893,3913.14577547336,3680.0,47.158,24.3459549517751,8.272352391890296,8.210939733379021,33.348618215446315,47.56173163059444,41.895753086276144,35.78353074583989,24.337729948320934,42.85379191993449,41.895753086276144,38.620944412959034,False,False,False,False,False,False,False,,False,False,False,0,Tier_4_Low,0
SWZ,Eswatini,2020,49.01300049,3466.569362781449,3429.999999999998,46.452,24.665279892219203,8.151209155674985,8.140607042858448,37.11484906686639,46.22816303766777,40.452595642679526,37.24064516211481,26.64846381640369,41.731454438627814,40.452595642679526,39.19955012663466,False,False,False,False,False,False,False,,False,False,False,0,Tier_4_Low,0
SWZ,Eswatini,2021,53.99530029,3984.002291743058,3619.999999999998,46.901,25.015618052517297,8.290293166316511,8.19450550976564,40.82219841067033,47.52796492026697,41.89524671099054,40.1808167177187,28.94095471993132,42.591541961900006,41.89524671099054,41.35628560442361,False,False,False,False,False,False,False,,False,False,False,0,Tier_4_Low,0
SWZ,Eswatini,2022,57.34370041,3894.1620089868993,3650.0,47.227,25.396682918541998,8.267490551531468,8.202756381655638,43.364383811260794,47.570469364763284,41.79506311657563,41.513299522376315,30.582898961618728,42.723205669161345,41.79506311657563,42.285896020227405,False,False,False,False,False,False,False,,False,False,False,0,Tier_4_Low,0
SXM,Sint Maarten (Dutch part),2018,94.33577391431177,31708.3110124742,31140.0,49.752349610256864,100.0,10.364365639528263,10.346280557910271,95.92370172850059,64.45215476319527,74.16415313143567,86.2305685730622,97.67068670200034,76.9286015852167,74.16415313143567,81.49538035365104,True,True,True,True,True,True,True,,False,True,False,2,Tier_2_Good,1
SXM,Sint Maarten (Dutch part),2019,93.47275105105496,34861.46952896801,34060.0,49.858676529981096,100.0,10.459166157900741,10.43590831373871,95.30262153986776,65.21036419563906,75.56947224204163,86.42782511021863,97.31578373706729,78.3588410512049,75.56947224204163,81.97034127445423,True,True,True,True,True,True,True,,False,True,False,2,Tier_2_Good,1
SXM,Sint Maarten (Dutch part),2020,94.01856105173925,30150.8998380477,29440.0,46.04459170705302,100.0,10.314003213040674,10.290143539657238,95.69541736558136,61.713889866988154,73.34958259220844,85.80678766232742,97.54023849461794,76.03279226514317,73.34958259220844,80.54200980505395,True,True,False,False,True,True,True,,False,True,False,1,,0
SXM,Sint Maarten (Dutch part),2021,94.75554175453098,32548.436685490196,31430.0,46.78594595772778,100.0,10.390515341357629,10.355549946021075,96.2257904685387,62.74513339479231,74.428495560916,86.55549796117624,97.84330883916498,77.07651831680384,74.428495560916,81.36013069803664,True,True,False,False,True,True,True,,False,True,False,1,,0
SXM,Sint Maarten (Dutch part),2022,94.74978509106631,37793.1284399157,36960.0,53.56967932939095,100.0,10.539909037265009,10.517618581666662,96.22164764708779,68.17189086419285,76.80927223085318,87.42326457655311,97.8409415126216,79.6627368018776,76.80927223085318,83.38480243142904,True,True,True,True,True,True,True,,False,True,False,2,Tier_2_Good,1
SYC,Seychelles,2018,69.23660278,18440.2340460932,17620.0,48.673052297315934,43.7386669014459,9.822344417110719,9.77684665156873,58.3002439347202,59.81559258216515,65.67455834605687,59.71156114723493,48.22775219123753,67.84183110219296,65.67455834605687,60.53493353069384,True,False,True,False,True,True,True,,False,True,False,1,,0
SYC,Seychelles,2019,76.63420105,19141.5118743615,18700.0,48.32167014366343,44.0049304031754,9.859666893301126,9.83633227734872,63.716548337966515,59.862565405616685,66.42090873628061,63.03279108622086,51.455030735971775,68.79107599695973,66.42090873628061,62.83476713160036,True,False,True,False,True,True,True,,False,True,False,1,,0
SYC,Seychelles,2020,79.25170135,14041.4754074575,15400.0,46.848471406146174,44.2936147152263,9.549841973111302,9.642187721358466,65.7006183547656,56.66456691139797,62.61617886014042,62.37154901922752,52.73216843135411,65.6930043837919,62.61617886014042,61.49178486944344,True,False,False,False,True,True,True,,False,True,False,1,,0
SYC,Seychelles,2021,81.99530029,14982.9111487767,14950.0,45.59131739421377,44.6026796065539,9.614732314366401,9.612533466213927,67.78252192538302,56.332888521075446,62.852011225654735,63.94939154146763,54.075333617871095,65.21979510112963,62.852011225654735,62.249663018021366,True,False,False,False,True,True,True,,False,True,False,1,,0
SYC,Seychelles,2022,84.83380127,16836.6721895387,14700.0,46.76620293729454,44.9108209981157,9.731374047216512,9.595670797663967,69.93240130726309,57.93359771625752,63.566683088808375,65.86746944656923,55.456883442282525,64.9507082112582,63.566683088808375,63.58899675228037,True,False,False,False,True,True,True,,False,True,False,1,,0
SYR,Syrian Arab Republic,2018,33.77000046,1098.0668642356995,810.0,13.137,74.0612602381775,7.002216793531683,6.698268054115413,43.31887996781107,16.55354736866919,20.57920696606661,35.7291698092322,54.72756440371532,18.715256766753395,20.57920696606661,30.20243030517335,False,True,False,False,False,False,False,,False,True,False,0,Tier_4_Low,0
SYR,Syrian Arab Republic,2019,56.75116039483379,1109.5392603604923,970.0,13.39,73.8248788261986,7.012600996478568,6.878326468291325,59.77524180616942,16.790976806445787,22.09145526092538,45.18546022181741,64.01379408555059,21.58854805645822,22.09145526092538,36.903649864445484,False,True,False,False,False,False,False,,False,True,False,0,Tier_4_Low,0
SYR,Syrian Arab Republic,2020,63.337560608190735,572.3552898319012,790.0,12.668,73.4125031102512,6.35150557662454,6.673297967767654,64.37181605484282,11.51602829307038,15.642444387251242,43.94791190976524,66.43558963422,18.31679534558316,15.642444387251242,35.176800458094434,False,True,False,False,False,False,False,,False,True,False,0,Tier_4_Low,0
SYR,Syrian Arab Republic,2021,69.54986230391872,663.6142457068145,699.9999999999982,12.823999999999998,73.0125007629395,6.499206790699517,6.552507887034587,68.70346971120638,12.691156056708067,15.754032701401126,47.27017391345086,68.71214757812896,16.38928149713845,15.754032701401126,36.88976711336532,True,True,False,False,False,False,False,,False,True,False,0,Tier_4_Low,0
SYR,Syrian Arab Republic,2022,76.49544260076762,1051.6714958746288,709.9999999999982,13.020000000000003,72.6124992370605,6.959086493731599,6.566672429803238,73.56283251383542,16.164698414561656,19.215222976437442,52.71224749297782,71.29025401360649,16.615312907811955,19.215222976437442,40.489234996920175,True,True,False,False,False,False,False,,False,True,False,0,Tier_4_Low,0
TCA,Turks and Caicos Islands,2018,90.01344293180406,31625.616593277,36690.0,52.14336689075153,92.6802596594323,10.361754342297338,10.510286772360844,90.26821497182299,65.9625132402312,75.4537102147907,82.74128182832916,90.80341956776995,79.54573908248415,75.4537102147907,79.93202799255799,True,True,True,True,True,True,True,,False,True,False,2,Tier_2_Good,1
TCA,Turks and Caicos Islands,2019,91.56213543464796,31780.5217068989,31510.0,47.19860953175475,92.9404854322845,10.36664032147738,10.358091970204585,91.47321596415948,62.83526290454948,74.27495466003387,83.46692847072529,91.62124020815416,77.11708279682621,74.27495466003387,79.2246203845288,True,True,False,False,True,True,True,,False,True,False,1,,0
TCA,Turks and Caicos Islands,2020,90.18432798342103,20690.9160546118,20840.0,41.90655189062561,93.1960408439605,9.93749837421453,9.94467747936099,90.57051787855674,56.32590877944257,67.85202631631824,80.46005334421602,91.23234170568361,70.52000006111942,67.85202631631824,75.09205731570917,True,True,False,False,True,True,True,,False,True,False,1,,0
TCA,Turks and Caicos Islands,2021,92.97684900030193,27329.2885087196,27480.0,42.24674900968798,93.4467025398547,10.215750835350828,10.221250135776074,92.66732320625401,58.56933897901685,72.08456680394856,83.28719121365938,92.55501454840876,74.93342227348883,72.08456680394856,77.97940310190971,True,True,False,False,True,True,True,,False,True,False,1,,0
TCA,Turks and Caicos Islands,2022,92.7695487178748,31280.5418020808,31590.0,48.35593539877828,93.6922471653237,10.35078348379237,10.360627548882315,92.60350794868422,63.460078658555815,74.1797390629198,84.04534475508238,92.6405055159006,77.15754442236272,74.1797390629198,79.77216695394675,True,True,True,True,True,True,True,,False,True,False,2,Tier_2_Good,1
TCD,Chad,2018,6.956299782000002,948.6566298712314,890.0,48.501,23.848608492497497,6.856100477017787,6.792344427470809,6.564526080328692,38.109671967057395,20.26601489772861,12.21299924929926,8.785512961404315,20.216485272881375,20.26601489772861,18.4510693862843,False,False,True,False,False,False,False,,False,False,False,0,Tier_4_Low,0
TCD,Chad,2019,7.618199824999998,893.3364416433251,920.0,48.531,24.2731047386633,6.796082037312405,6.825460036255307,7.18845370652118,37.69189400263872,20.093269990733663,12.234011680078453,9.35288135257359,20.7449292820617,20.093269990733663,18.591991956312828,False,False,True,False,False,False,False,,False,False,False,0,Tier_4_Low,0
TCD,Chad,2020,8.343099594000002,866.9478148904072,890.0,48.067,24.7341921795416,6.766131591759004,6.792344427470809,7.870441359296806,37.17704940623081,19.61099243924307,12.464541965554037,9.97160097530748,20.216485272881375,19.61099243924307,18.571031152255422,False,False,True,False,False,False,False,,False,False,False,0,Tier_4_Low,0
TCD,Chad,2021,9.653699874999994,946.3585002083746,889.9999999999982,48.119,25.231224642307495,6.853677585654758,6.792344427470807,8.986429504838554,37.847692738468226,20.24837492972533,13.628613171391338,10.856174012745758,20.21648527288135,20.24837492972533,19.348366902036464,False,False,True,False,False,False,False,,False,False,False,0,Tier_4_Low,0
TCD,Chad,2022,11.170299529999994,966.0364682785676,950.0,47.933,25.763555862969397,6.874236207543185,6.85751406254539,10.262938983967242,37.87839922429601,20.91802676887817,14.495416037615932,11.850005673969253,21.256433034667708,20.91802676887817,20.131106757695846,False,False,False,False,False,False,False,,False,False,False,0,Tier_4_Low,0
TEA,East Asia & Pacific (IDA & IBRD countries),2018,59.8,8136.37041895137,7860.73593786578,59.830264932121,57.595296727158,9.00422236245165,8.969762718272715,56.326736231516705,60.99572414555834,53.27864302090691,54.27756303297443,53.98232885180919,54.96274824336824,53.27864302090691,55.92275365503276,False,True,True,False,True,True,True,,False,True,False,1,,0
TEA,East Asia & Pacific (IDA & IBRD countries),2019,64.3,8379.36503263574,8469.13497211207,59.6459196652863,58.6098141698239,9.033646752507819,9.044301722833428,59.917913965565944,61.0920366692293,54.08759857305789,56.534637682153196,56.53831979877606,56.15220819461675,54.08759857305789,57.64230203605642,False,True,True,False,True,True,True,,False,True,False,1,,0
TEA,East Asia & Pacific (IDA & IBRD countries),2020,72.7,8485.32855185979,8555.34095839363,58.1044101873648,59.3301997601025,9.046211741941825,9.054427919617932,66.21349048763334,60.19751850100825,54.259873185541466,60.22914730441529,60.49359240346516,56.31379749413335,54.259873185541466,59.861498338696734,True,True,True,True,True,True,True,,False,True,False,2,Tier_2_Good,1
TEA,East Asia & Pacific (IDA & IBRD countries),2021,78.3,10086.4176067356,9603.33863861161,58.9332051812537,60.3208754851698,9.219044144687162,9.16997021688316,70.58800142102382,61.98595591783524,56.440073195989996,63.768322195729745,63.485360643949015,58.15756957134558,56.440073195989996,62.69533507892294,True,True,True,True,True,True,True,,False,True,False,2,Tier_2_Good,1
TEA,East Asia & Pacific (IDA & IBRD countries),2022,82.3,10220.4774431567,10351.2316536137,58.6193724805824,60.8301827838521,9.232246417218997,9.24495739415778,73.64370175836982,61.8813383446697,57.13449877161422,65.60819660383653,65.48443729985735,59.35418126143976,57.13449877161422,64.11549931794332,True,True,True,True,True,True,True,,False,True,False,2,Tier_2_Good,1
TEC,Europe & Central Asia (IDA & IBRD countries),2018,71.8,8911.87742979014,8483.74757852877,48.5124646499709,68.4656324149257,9.095252412189435,9.046025428083652,68.74196296036799,54.41925007060663,54.54987436710004,62.262114699274754,66.47581025316079,56.179714308697314,54.54987436710004,60.19857327210161,True,True,True,True,True,True,True,,False,True,False,2,Tier_2_Good,1
TEC,Europe & Central Asia (IDA & IBRD countries),2019,75.2,9058.74177112172,8956.31106398099,48.237366823499,68.6393881359924,9.111595896547138,9.100225356462213,71.24920630909637,54.36227827790918,55.10131288466823,63.79577014074516,67.99482153465144,57.04461241871064,55.10131288466823,61.34360586343371,True,True,True,True,True,True,True,,False,True,False,2,Tier_2_Good,1
TEC,Europe & Central Asia (IDA & IBRD countries),2020,78.6,8478.35038656806,8665.82552839754,47.3108079941856,68.7550754784278,9.045389120494068,9.06725785836723,73.73626072184192,53.28760062840149,54.35625125323862,64.83515762649925,69.47345494417642,56.51853189338105,54.35625125323862,61.76336256585612,True,True,False,False,True,True,True,,False,True,False,1,,0
TEC,Europe & Central Asia (IDA & IBRD countries),2021,82.6,10014.5108823837,9533.97028275172,47.8884648573847,68.8680370709709,9.211890258519654,9.162721401380656,76.65416148088192,54.86930711432221,56.3301523397523,67.47604499925681,71.19693244347278,58.04189622978393,56.3301523397523,63.89142724527436,True,True,False,False,True,True,True,,False,True,False,1,,0
TEC,Europe & Central Asia (IDA & IBRD countries),2022,85.2,11421.1364427001,10378.3617597058,48.7064271200428,68.9112783282391,9.343308544758441,9.247574667325187,78.54030282281441,56.349298262649015,57.96397415058344,69.32070918126512,72.29620451512837,59.39594653094471,57.96397415058344,65.49721491861308,True,True,True,True,True,True,True,,False,True,False,2,Tier_2_Good,1
TGO,Togo,2018,15.5,851.1205612335943,830.0,55.799,41.013328267781,6.747728020613897,6.7226297948554485,18.68080483880356,41.98869270682793,18.92076702803244,19.07373564861955,24.234454574411913,19.104010481989413,18.92076702803244,24.039351578576674,False,False,True,False,False,False,False,,False,True,False,0,Tier_4_Low,0
TGO,Togo,2019,20.727300639999996,826.2552090198005,860.0,55.867,41.445731197295,6.718113243572227,6.7580945044277305,22.593002565645442,41.8165759563218,18.98812028277396,21.151105542326178,26.684761534276877,19.66994038630588,18.98812028277396,25.509176649660105,False,False,True,False,False,False,False,,False,True,False,0,Tier_4_Low,0
TGO,Togo,2020,29.02370071,863.4686658702758,870.0,55.335,41.8781527268075,6.762115059087953,6.769641976852503,28.713904737100034,41.796649128874265,19.40061214061215,24.91936797051734,30.39719455786121,19.854209764041205,19.40061214061215,27.905036274444875,False,False,True,False,False,False,False,,False,True,False,0,Tier_4_Low,0
TGO,Togo,2021,30.338399890000005,962.0751875158712,930.0,55.664,42.3105904515122,6.870131485090795,6.836259277277067,29.810384693387256,42.793506295261224,20.71855499730969,26.18938149442174,31.238537216588348,20.917258719179436,20.71855499730969,29.025453924745435,False,False,True,False,False,False,False,,False,True,False,0,Tier_4_Low,0
TGO,Togo,2022,35.60749817,951.2323786903871,999.9999999999982,56.238,42.7332327975627,6.858809100267975,6.908754779315219,33.74926885908967,43.07822169295777,21.214547200530937,28.388220448183468,33.699245694449274,22.07410937513098,21.214547200530937,30.772755905273083,False,False,True,False,False,False,False,,False,True,False,0,Tier_4_Low,0
THA,Thailand,2018,56.8174809301456,7099.77650081458,6430.0,59.569,54.5843734741211,8.86795942336126,8.768885326134862,53.133523003071296,59.83654247610508,50.683819056767675,51.55951759800989,50.66217359677901,51.757237055402186,50.683819056767675,53.31953683519988,False,True,True,False,True,True,True,,False,True,False,1,,0
THA,Thailand,2019,66.6524194587528,7605.696577977589,7060.0,58.9,55.9266166687012,8.93678426698969,8.862341963516347,60.677967131875334,59.909711280130026,51.93057090152743,56.31593864564081,55.639948370774015,53.24857609324896,51.93057090152743,56.65452307534308,False,True,True,False,True,True,True,,False,True,False,1,,0
THA,Thailand,2020,77.84374066,6985.64393892574,6900.0,59.106,57.2358779907227,8.851755596745225,8.839421607620602,69.18707416365848,59.422420379989134,51.128639525824035,60.72639368065241,61.15257768988744,52.882823349876276,51.128639525824035,59.43959197041007,True,True,True,True,True,True,True,,False,True,False,2,Tier_2_Good,1
THA,Thailand,2021,85.26956666,7057.20754802279,7090.0,59.18,58.5087776184082,8.861946409870136,8.866581653303996,74.97367527279916,59.543947783165265,51.419538096906614,64.13452677656021,65.09142925339172,53.316231158376894,51.419538096906614,61.76131161789238,True,True,True,True,True,True,True,,False,True,False,2,Tier_2_Good,1
THA,Thailand,2022,87.97724503,6909.35281815827,7210.0,59.576,59.742374420166,8.840775974526013,8.88336291691676,77.35116519448626,59.64310959250957,51.39929973687972,65.41063337648133,67.06269639774293,53.58401902482831,51.39929973687972,62.721973031248666,True,True,True,True,True,True,True,,False,True,False,2,Tier_2_Good,1
TJK,Tajikistan,2018,32.59999847,834.2884045788032,1000.0,21.43,26.233875274658196,6.72777705992099,6.90875477931522,25.848483877796696,19.85994134741002,20.260562620622196,22.563973017607722,20.989629045061974,22.07410937513101,20.260562620622196,22.062021037866796,False,False,False,False,False,False,False,,False,False,False,0,Tier_4_Low,0
TJK,Tajikistan,2019,22.686300279999998,871.0223729348454,1050.0,20.681,26.130073547363295,6.7708150806152165,6.957497370876951,18.677935233218996,19.694197517857894,20.962809028944033,18.713751748680245,16.84061655133386,22.851921755701767,20.962809028944033,19.689654574683928,False,False,False,False,False,False,False,,False,False,False,0,Tier_4_Low,0
TJK,Tajikistan,2020,27.54409981,834.3117154606243,1030.0,20.486999999999995,26.192544232871896,6.727804967116186,6.93828448401696,22.195602737178266,19.25697195438391,20.49637668151685,20.475406359120665,18.881740137838655,22.545331137776163,20.49637668151685,20.71463700902411,False,False,False,False,False,False,False,,False,False,False,0,Tier_4_Low,0
TJK,Tajikistan,2021,36.70560074000001,896.7480533721828,1130.0000000000018,20.592,26.1991525151375,6.799889464763193,7.030857476116122,28.791035829576778,19.84894765092313,21.759810174659638,24.664295587175907,22.653841241998705,24.02256936114833,21.759810174659638,23.741571650276025,False,False,False,False,False,False,False,,False,False,False,0,Tier_4_Low,0
TJK,Tajikistan,2022,48.91429901,1052.1794948489405,1360.0,21.394999999999996,26.1957126615618,6.959568958052582,7.215975002651466,37.5759114261634,21.52512543473942,24.399374972058727,30.614153504399432,27.67206165172109,26.976591693290263,24.399374972058727,28.325127371444495,False,False,False,False,False,False,False,,False,False,False,0,Tier_4_Low,0
TKM,Turkmenistan,2018,63.63004196400441,6125.051697120849,5930.0,38.933,47.0423948717765,8.720305726325583,8.687948111838727,55.41406919106859,45.56210606342799,48.96303991426795,51.75295798642345,48.219401380531785,50.465677347324025,48.96303991426795,50.25050216044766,False,False,False,False,True,True,True,,False,True,False,1,,0
TKM,Turkmenistan,2019,61.85030368864896,5998.001743475401,6230.0,38.788,47.0494562466485,8.699348358280723,8.737292112544221,54.13572367613399,45.31677843812432,49.20416356569987,50.900643812882535,47.492425464885784,51.253086744853036,49.20416356569987,49.86294310034547,False,False,False,False,True,True,True,,False,True,False,1,,0
TKM,Turkmenistan,2020,68.80432312037385,5972.723565668611,6300.0,37.61,47.0546961907259,8.695125724800947,8.748463629942055,59.142052173643705,44.53254937576817,49.26255552356105,53.73698200272277,50.355787175862574,51.43135680115055,49.26255552356105,51.56007439742841,True,False,False,False,True,True,True,,False,True,False,1,,0
TKM,Turkmenistan,2021,70.27282493919206,5723.302271579059,6260.0,37.839,47.0581410301711,8.652475947035215,8.74209519574531,60.2000670366378,44.36851140762501,48.90122961930137,54.0932651111554,50.96207807656238,51.329732188991706,48.90122961930137,51.78753398318074,True,False,False,False,True,True,True,,False,True,False,1,,0
TKM,Turkmenistan,2022,70.8505011788968,5837.842245389471,6260.0,38.385,47.0592103414926,8.672287810516519,8.74209519574531,60.61616738791385,44.86199139661825,49.045470769865545,54.4464650678638,51.200380810209865,51.329732188991706,49.045470769865545,52.085465625475045,True,False,False,False,True,True,True,,False,True,False,1,,0
TLA,Latin America & the Caribbean (IDA & IBRD countries),2018,63.5,8620.46890240755,8381.28153808224,51.8380702465177,79.992282192881,9.062010755452013,9.033875416334473,66.77634275442318,56.30439505102781,54.21091479643266,61.3269588332195,71.07764218024725,55.9858298790887,54.21091479643266,60.34673648717507,False,True,True,False,True,True,True,,False,True,False,1,,0
TLA,Latin America & the Caribbean (IDA & IBRD countries),2019,67.7,8362.63429845968,8456.50032672419,52.331706135581,80.2043693016899,9.031648336309477,9.042808939286159,69.87263833922769,56.39908521196715,54.06113843067465,62.92644925733405,72.95229313013344,56.12838702534003,54.06113843067465,61.463974176149776,False,True,True,False,True,True,True,,False,True,False,1,,0
TLA,Latin America & the Caribbean (IDA & IBRD countries),2020,73.8,6964.3711102796,7377.66512258763,48.1513843569585,80.4192977316043,8.848706166959516,8.90634802353602,74.33726951720193,52.39330084445473,51.6404288576948,64.4192489066952,75.61026135743685,53.95080503116033,51.6404288576948,61.37111629214437,True,True,True,True,True,True,True,,False,True,False,2,Tier_2_Good,1
TLA,Latin America & the Caribbean (IDA & IBRD countries),2021,75.9,8075.78816650564,7860.67892697172,50.5840329987644,80.621099914497,8.996749568344084,8.9697554665536,75.91871021128183,55.02713626811109,53.22417915221354,66.19188060069331,76.61417263573522,54.96263252369214,53.22417915221354,63.06801817050813,True,True,True,True,True,True,True,,False,True,False,2,Tier_2_Good,1
TLA,Latin America & the Caribbean (IDA & IBRD countries),2022,77.3,9174.55690452428,8463.40688538706,51.4313365004695,80.8195255101746,9.124298369121513,9.043625225412752,76.9952172573772,56.49772303881989,54.742194066470745,67.55649749746824,77.3278733213517,56.14141295266579,54.742194066470745,64.33647581587455,True,True,True,True,True,True,True,,False,True,False,2,Tier_2_Good,1
TLS,Timor-Leste,2018,27.60000038,1219.4659972898298,1790.0,61.62,29.248617510057,7.106988029788909,7.490529402060711,23.298352888559222,48.32759651562892,27.663273947467722,23.415269053509984,21.029770126431888,31.357807466978105,27.663273947467722,29.986210676824523,False,False,True,False,False,False,False,,False,False,False,0,Tier_4_Low,0
TLS,Timor-Leste,2019,28.004600519999997,1562.3645806803215,2180.0,61.034,29.114875524521704,7.354595560214462,7.687538766201629,23.543027317983576,49.75549001887386,31.03788501940072,24.992828642214196,21.103157266849287,34.50159440171893,31.03788501940072,31.65608411919909,False,False,True,False,False,False,False,,False,False,False,0,Tier_4_Low,0
TLS,Timor-Leste,2020,32.01269913,1630.869385212558,2039.9999999999982,60.457,28.9619049897647,7.397481498750459,7.621195162809844,26.37429828665767,49.698655578846044,30.820777286122578,26.85541899998291,22.64504915830838,33.442912980882845,30.820777286122578,32.532838122881685,False,False,True,False,False,False,False,,False,False,False,0,Tier_4_Low,0
TLS,Timor-Leste,2021,35.04199982,2684.9267677427706,2050.0,61.212,28.7927371734472,7.895781112282154,7.62608275807238,28.495539377703153,53.809469847557935,34.48766674263845,30.964269239571827,23.773164843498126,33.52090703053457,34.48766674263845,35.33352961095745,False,False,True,False,False,False,False,,False,False,False,0,Tier_4_Low,0
TLS,Timor-Leste,2022,27.928312875031416,2343.2495474018706,1820.0,61.166,28.585729228896795,7.759720607232368,7.507141079727608,23.304155351193636,52.78945225508872,32.548063265766196,27.198434017879293,20.7038432119546,31.62288915708478,32.548063265766196,32.47346174394957,False,False,True,False,False,False,False,,False,False,False,0,Tier_4_Low,0
TMN,"Middle East, North Africa, Afghanistan & Pakistan (IDA & IBRD)",2018,37.4,2804.1263314244407,2842.2344623384797,18.5478328076139,50.9917156514723,7.939203854883596,7.952697578295724,37.910524612462126,26.836262712014904,37.409794237115456,37.332224678822186,40.17892011888853,38.73287961360637,37.409794237115456,35.82173469592909,False,False,False,False,False,False,False,,False,True,False,0,Tier_4_Low,0
TMN,"Middle East, North Africa, Afghanistan & Pakistan (IDA & IBRD)",2019,41.3,2688.969329582693,2764.6585640229005,18.4960609602807,51.2234331146053,7.897285070888764,7.925034064266526,40.797748173926294,26.497956238290893,36.88388170639719,38.74558607274976,41.943851323502784,38.2914376834055,36.88388170639719,36.61808622570486,False,False,False,False,False,False,False,,False,True,False,0,Tier_4_Low,0
TMN,"Middle East, North Africa, Afghanistan & Pakistan (IDA & IBRD)",2020,46.2,2402.7348096445203,2499.59951706581,17.4593515315983,51.4495362826798,7.784778977442365,7.8242857889335555,44.402676487440175,25.015738554463255,35.26092824396062,40.157747338601006,44.11611102752056,36.6837419625924,35.26092824396062,37.01480892661424,False,False,False,False,False,False,False,,False,True,False,0,Tier_4_Low,0
TMN,"Middle East, North Africa, Afghanistan & Pakistan (IDA & IBRD)",2021,50.0,2746.9680994518294,2624.575285636809,17.737710489220902,51.6735754616086,7.918617044632875,7.873055307447531,47.215264829469724,26.16819971493396,36.62446326111665,42.55189023164434,45.83457989373518,37.46198403137127,36.62446326111665,38.778417381308465,False,False,False,False,False,False,False,,False,True,False,0,Tier_4_Low,0
TMN,"Middle East, North Africa, Afghanistan & Pakistan (IDA & IBRD)",2022,53.8,3010.1965672691276,2842.096218731447,17.195183712222295,51.925275557204,8.01009280940274,7.952648955162525,50.037470186628155,26.48717582117726,37.9255164607587,44.705707971160344,47.57228279020759,38.73210370748869,37.9255164607587,40.38919127296783,False,False,False,False,False,False,False,,False,True,False,0,Tier_4_Low,0
TON,Tonga,2018,48.80789948,4675.04791274385,4650.0,42.606,22.7017138925547,8.450208569062957,8.444837529224097,36.28456352050695,45.94501849819691,45.056860849243655,38.44268161784944,25.19875317610977,46.586227877224616,45.056860849243655,40.54712605919542,False,False,False,False,False,True,False,,False,False,False,0,Tier_4_Low,0
TON,Tonga,2019,51.56299973,4788.833423046839,4980.0,42.647,22.328815562620605,8.474250913818391,8.513385953073284,38.137642376887655,46.146284749724245,45.778834683946144,39.629269525552616,26.072444655813204,47.68009283249651,45.778834683946144,41.54655691653954,False,False,False,False,False,True,False,,False,False,False,0,Tier_4_Low,0
TON,Tonga,2020,54.47370148,4792.358547415219,5209.999999999999,42.28,21.8766206823411,8.474986602832708,8.558527054909215,40.07513145065287,45.916896179211875,46.14436161310903,40.725718069287666,26.95498562383347,48.40043425784163,46.14436161310903,42.34636629687913,False,False,False,False,False,True,False,,False,False,False,0,Tier_4_Low,0
TON,Tonga,2021,57.549,4922.80171378368,5240.0,42.596,21.258003897665,8.501836217156324,8.564267598802166,42.07321292201807,46.314499563667965,46.38564393111757,42.003379163494785,27.789492574382432,48.49203927858602,46.38564393111757,43.206105227663826,False,False,False,False,False,True,False,,False,False,False,0,Tier_4_Low,0
TON,Tonga,2022,61.60739899,5298.01941509951,5390.0,42.617,21.147219451842,8.575277066403677,8.592486175451668,44.955349953846294,46.86262118611022,47.14548297562182,44.07439781151446,29.3814037269428,48.942338648743025,47.14548297562182,44.6375464883091,False,False,False,False,True,True,True,,False,False,False,1,,0
TSA,South Asia (IDA & IBRD),2018,20.9,1988.3663331798998,1998.7198578758798,27.9107474591322,33.5735795082406,7.5955714414726225,7.600762378669155,19.98033479248364,30.32324750804566,32.09995130235295,24.508189085578692,21.281877056414128,33.11685579013972,32.09995130235295,26.975413218531532,False,False,False,False,False,False,False,,False,False,False,0,Tier_4_Low,0
TSA,South Asia (IDA & IBRD),2019,29.7,2067.0597568763696,2105.4095476471593,28.0294677656731,33.88606645096101,7.634366131185873,7.652740140856578,26.421957746176624,30.681631223045816,32.797116651101774,28.425420698891312,25.118010122476054,33.946293570290116,32.797116651101774,29.69006728309451,False,False,False,False,False,False,False,,False,False,False,0,Tier_4_Low,0
TSA,South Asia (IDA & IBRD),2020,42.5,1957.203437226859,1957.004524874501,27.6197298280335,34.2000653894608,7.579782718217613,7.579681134055355,35.742733196474745,30.022152943369477,31.816798286758903,33.44405764167379,30.60012416296458,32.78045075846044,31.816798286758903,32.57677671579219,False,False,False,False,False,False,False,,False,False,False,0,Tier_4_Low,0
TSA,South Asia (IDA & IBRD),2021,48.0,2273.7205579868896,2222.5019283553993,29.2936701917322,34.5086968655354,7.729612492186511,7.706838677211629,39.80814857912797,32.183700363058776,33.92220207656145,36.65004537883828,33.07650940244352,34.80957371193842,33.92220207656145,35.32294058585613,False,False,False,False,False,False,False,,False,False,False,0,Tier_4_Low,0
TSA,South Asia (IDA & IBRD),2022,54.2,2385.0834189627094,2438.0855200123206,30.8503437167079,34.81375209551939,7.777408563891936,7.799378461156895,44.37608028195639,33.52737931666633,35.008537647249085,39.54877816763849,35.838270578985686,36.28628201450809,35.008537647249085,37.71896342174786,False,False,False,False,False,False,False,,False,False,False,0,Tier_4_Low,0
TSS,Sub-Saharan Africa (IDA & IBRD countries),2018,22.1,1620.5414080591909,1508.4408715872796,63.0914640685788,41.2564673570093,7.3911324623064125,7.319494577519993,23.51507251544297,51.33751753161653,28.36735163792489,25.591692778142143,27.117655296697695,28.62851056720134,28.36735163792489,31.371895408869392,False,False,True,False,False,False,False,,False,True,False,0,Tier_4_Low,0
TSS,Sub-Saharan Africa (IDA & IBRD countries),2019,24.4,1795.561278655401,1616.7448069369493,62.6388905437086,41.7069096868529,7.493629715994329,7.388788363879341,25.32689056654697,51.794273016722194,29.66646699597894,27.238921031780237,28.376705088105098,29.73426968258743,29.66646699597894,32.642183574223196,False,False,True,False,False,False,False,,False,True,False,0,Tier_4_Low,0
TSS,Sub-Saharan Africa (IDA & IBRD countries),2020,26.800000000000004,1627.3456959629693,1586.80149319281,61.3785809186593,42.1668389897844,7.395319867978296,7.37010562970675,27.213972673380773,50.27238998208412,28.801652448543607,27.759883442765425,29.68347489050251,29.436139003098443,28.801652448543607,32.74633401053456,False,False,True,False,False,False,False,,False,True,False,0,Tier_4_Low,0
TSS,Sub-Saharan Africa (IDA & IBRD countries),2021,28.9,1785.466649166141,1721.6251491761195,61.6602889856901,42.6486975646522,7.487995009036281,7.451604655793444,28.89278203354762,51.12730482973569,30.126640346505503,29.274938721284173,30.88212350097478,30.73666385135988,30.126640346505503,34.069689168322306,False,False,True,False,False,False,False,,False,True,False,0,Tier_4_Low,0
TSS,Sub-Saharan Africa (IDA & IBRD countries),2022,31.1,1865.1163526069904,1805.6757271132228,62.1326606535539,43.1554770877868,7.531614733486396,7.499243820760326,30.652221460071598,51.74702400034581,30.824317881849566,30.551173395364632,32.13922414369172,31.496868245998304,30.824317881849566,35.137266214054925,False,False,True,False,False,False,False,,False,True,False,0,Tier_4_Low,0
TTO,Trinidad and Tobago,2018,72.76029968,17571.498737278,16800.0,51.338,53.9314518934907,9.774090387192212,9.729193687429403,64.3798747352503,61.16886166662242,64.94303044376035,63.24208614072482,56.76436794310183,67.08140650655935,64.94303044376035,63.27328468711575,True,True,True,True,True,True,True,,False,True,False,2,Tier_2_Good,1
TTO,Trinidad and Tobago,2019,74.98670197,17212.6128892163,17240.0,51.033,53.9342394732739,9.753455796819942,9.75504554717585,65.98308923986103,60.82354298692219,64.99906557606886,64.03811617678141,57.68187504916283,67.49393887152603,64.99906557606886,63.831640311113944,True,True,True,True,True,True,True,,False,True,False,2,Tier_2_Good,1
TTO,Trinidad and Tobago,2020,77.28130341,15283.6270531554,15040.0,49.325,53.9377689584806,9.634602834495393,9.618535084655214,67.63564166205485,58.865737999252666,63.044564994098295,64.29029730479465,58.62794373973858,65.31556623223955,63.044564994098295,63.266579991566104,True,True,True,True,True,True,True,,False,True,False,2,Tier_2_Good,1
TTO,Trinidad and Tobago,2021,84.36576986,17712.5674104655,16310.0,48.879,53.9421278853848,9.782086145300505,9.69959500581403,72.7355409228556,59.654221101998864,64.76508268258806,68.06367681344817,61.54433687568957,66.60908404131143,64.76508268258806,65.9277098948056,True,True,True,True,True,True,True,,False,True,False,2,Tier_2_Good,1
TTO,Trinidad and Tobago,2022,81.69760132,20750.5202434652,17460.0,50.02,53.9474037904998,9.940374787720424,9.767725101522128,70.81720984898605,61.53646820579598,66.46110489384495,67.8896043076756,60.450768121251706,67.69627350402426,66.46110489384495,66.2305369201621,True,True,True,True,True,True,True,,False,True,False,2,Tier_2_Good,1
TUN,Tunisia,2018,64.1908102327387,3628.10366464236,3700.0,27.383,68.5485240272509,8.196740972427115,8.216358332386156,63.29477789685065,34.36252499792607,41.388494578586034,53.91886031812959,63.40430358697396,42.94025948881128,41.388494578586034,49.06966545783587,False,True,False,False,False,False,False,,False,True,False,0,Tier_4_Low,0
TUN,Tunisia,2019,66.6999983024144,3528.87213306798,3590.0,28.272,68.8206382576031,8.169016926344359,8.186185994226083,65.19513928434385,34.729311318792256,40.945910122405095,54.852314419549586,64.62537777031719,42.458782870114256,40.945910122405095,49.6747721214438,False,True,False,False,False,False,False,,False,True,False,0,Tier_4_Low,0
TUN,Tunisia,2020,68.55639648,3548.6536366380296,3269.999999999998,26.274,69.1043166438476,8.17460531056526,8.092851027538384,66.629736620534,33.49201391662572,40.24189786573753,55.714026646735434,65.58604473916962,40.96938539854344,40.24189786573753,49.64325708333788,True,True,False,False,False,False,False,,False,True,False,0,Tier_4_Low,0
TUN,Tunisia,2021,68.31552226,3906.93926319391,3640.0,26.698,69.3997523770568,8.270765471382205,8.200013648175434,66.55910555530777,34.463316017962065,41.797022661354546,56.243527135698756,65.6924208188201,42.679438360342594,41.797022661354546,50.44323388924414,True,True,False,False,False,False,False,,False,True,False,0,Tier_4_Low,0
TUN,Tunisia,2022,75.81193159944026,3707.292834143809,3890.0,27.519,69.707138648303,8.218326897176937,8.266421472984554,72.06081737473872,34.606672174041464,41.94509441532849,59.092115520532246,68.98892841237841,43.73914459770773,41.94509441532849,52.60483123538693,True,True,False,False,False,False,False,,False,True,False,0,Tier_4_Low,0
TUR,Turkiye,2018,71.0427608433809,9684.11819884721,10760.0,34.115,88.1655749576173,9.17834578008745,9.283683766200392,75.0461924699057,45.81514207011388,57.051061817366964,67.0008065447376,79.86277246516826,59.97215931029227,57.051061817366964,62.870915817860755,True,True,False,False,True,True,True,,False,True,False,1,,0
TUR,Turkiye,2019,73.9767022871511,9395.23378001368,9970.0,34.289,88.6618152857124,9.148064226271078,9.207436158828793,77.33015355936557,45.70597176838834,56.22223308838299,68.1459856836628,81.41436517685774,58.75543424290603,56.22223308838299,63.36086952595747,True,True,False,False,True,True,True,,False,True,False,1,,0
TUR,Turkiye,2020,77.6695605,8798.11791709313,9330.0,30.83,88.9303114965222,9.082406758748302,9.141097469234023,80.08109320415458,43.015464056445886,55.21490948039484,69.34442393848887,83.11968708477052,57.69683123423537,55.21490948039484,63.44318770817601,True,True,False,False,True,True,True,,False,True,False,1,,0
TUR,Turkiye,2021,81.40843745,9981.76398411336,10240.0,32.774,89.1762048153239,9.208615283277265,9.234154550075438,82.85729207628921,45.17777459194421,56.87625778654056,71.67405870245675,84.82821645784938,59.181794328299794,56.87625778654056,65.53734933295688,True,True,False,False,True,True,True,,False,True,False,1,,0
TUR,Turkiye,2022,83.43716576,10897.839786136497,10870.0,35.018,89.0381164550781,9.296411620913068,9.293853972204001,84.26927010349279,47.252312969175655,57.99179119615201,72.987695021325,85.5664754730567,60.13445088915803,57.99179119615201,66.8845900571003,True,True,False,False,True,True,True,,False,True,False,1,,0
TUV,Tuvalu,2018,68.16769956904156,4466.12034928245,6230.0,49.8136114223455,60.5596409590777,8.404499262847812,8.737292112544221,63.379236333466054,50.22244569346185,47.05750165233745,54.91266974016225,59.484656075774055,51.253086744853036,47.05750165233745,54.21871489122218,True,True,True,True,False,True,False,,False,True,False,1,Tier_3_Moderate,0
TUV,Tuvalu,2019,71.8277295438843,5115.130759502059,6880.0,50.466012521912994,61.2406529218636,8.540153721305272,8.83651926920248,66.2499724191739,51.62738033441981,48.836851148415164,57.36575061765901,61.463320953436266,52.83650913715405,48.836851148415164,56.263740029606154,True,True,True,True,True,True,True,,False,True,False,2,Tier_2_Good,1
TUV,Tuvalu,2020,74.96771174773995,4976.11254109571,6880.0,51.25265684275581,61.9212610534937,8.512605190838327,8.83651926920248,68.74631223837771,51.92997458052517,48.636282850806296,58.654312121783306,63.227844532976704,52.83650913715405,48.636282850806296,57.203510267592435,True,True,True,True,False,True,False,,False,True,False,1,Tier_3_Moderate,0
TUV,Tuvalu,2021,76.69179969121181,5905.08198095343,7510.0,59.097339190107206,62.6098296425994,8.68373794316815,8.924123891686012,70.22646191570907,58.193620675511276,50.58120004887259,60.51966344229869,64.41564182253073,54.23446435003233,50.58120004887259,59.75761658773384,True,True,True,True,True,True,True,,False,True,False,2,Tier_2_Good,1
TUV,Tuvalu,2022,78.12107241904037,5911.327270553011,8100.0,71.5113715538293,63.3065768081154,8.684794818090655,8.999742789830492,71.49728933517751,66.14172233857609,51.19224087758995,61.27507687893303,65.48788851945719,55.44115675799356,51.19224087758995,62.12113923654545,True,True,True,True,True,True,True,,False,True,False,2,Tier_2_Good,1
TZA,Tanzania,2018,15.490699769999999,1023.1062622070294,1010.0,80.234,32.8287423010834,6.931575571902096,6.918695219020472,15.828534186278596,58.956600423124286,21.823639259585352,18.243667505646297,18.539474659164284,22.232734446620476,21.823639259585352,27.105951107233945,False,False,True,False,False,False,False,,False,False,False,0,Tier_4_Low,0
TZA,Tanzania,2019,16.590900419999997,1063.3225097656305,1050.0,80.265,33.34752585187519,6.970093734654811,6.957497370876951,16.80066914119201,59.25686219373875,22.413666106001813,19.040697669781288,19.352649179372023,22.851921755701767,22.413666106001813,27.779483111031716,False,False,True,False,False,False,False,,False,False,False,0,Tier_4_Low,0
TZA,Tanzania,2020,19.481399540000005,1117.4152832031305,1060.0,79.344,33.85472460362729,7.019668036625028,6.966967138613983,19.05717664343728,59.02868941942436,22.850151159522056,20.635667178276712,20.893996944500294,23.003036055352087,22.850151159522056,28.73583985243762,False,False,True,False,False,False,False,,False,False,False,0,Tier_4_Low,0
TZA,Tanzania,2021,22.87540054,1159.8565673828125,1130.0000000000018,80.425,34.3500111758619,7.0569134317599795,7.030857476116122,21.671891079176078,59.991297899786346,23.631084563218394,22.36312300553989,22.634117857958955,24.02256936114833,23.631084563218394,30.225984513020606,False,False,True,False,False,False,False,,False,False,False,0,Tier_4_Low,0
TZA,Tanzania,2022,26.86059952,1207.5206298828107,1210.0,80.273,34.8234736377147,7.097152270649727,7.099201743553092,24.7044774019385,60.18703455159867,24.46934877348454,24.346075249927868,24.602183132212264,25.113176480102805,24.46934877348454,31.73700694039979,False,False,True,False,False,False,False,,False,False,False,0,Tier_4_Low,0
UGA,Uganda,2018,9.326299667,792.165700228139,770.0,71.687,27.128047501888396,6.67603215343651,6.647688373563329,9.410292044626267,51.62917418608023,17.800841319602572,12.898943436498698,12.040493027099469,17.908128945310008,17.800841319602572,21.413374719164075,False,False,True,False,False,False,False,,False,False,False,0,Tier_4_Low,0
UGA,Uganda,2019,11.725799559999999,822.1711500363563,810.0,73.85,27.836978179940303,6.713164137788553,6.698268054115413,11.383585852553079,53.283038335344415,18.474746288888703,14.26628680458391,13.520200382189913,18.715256766753395,18.474746288888703,22.771365097782052,False,False,True,False,False,False,False,,False,False,False,0,Tier_4_Low,0
UGA,Uganda,2020,7.400000000000006,845.7664638901242,820.0,73.976,28.5399752271502,6.7414249351346305,6.710523109452428,8.514909851140729,53.56938590164884,18.77828061109254,12.814924151390532,12.230120737123151,18.910817434750246,18.77828061109254,21.93276102821448,False,False,True,False,False,False,False,,False,False,False,0,Tier_4_Low,0
UGA,Uganda,2021,10.0,882.7917175425064,860.0,74.672,29.2362957789022,6.7842214212366905,6.7580945044277305,10.628110676716615,54.32615119063824,19.469423801598523,14.294789366076369,13.783511776065549,19.66994038630588,19.469423801598523,23.164438010551216,False,False,True,False,False,False,False,,False,False,False,0,Tier_4_Low,0
UGA,Uganda,2022,9.636899948,963.0673141171774,930.0,75.364,29.9251969709665,6.871161120095073,6.836259277277067,10.60631715989108,55.40174457118925,20.72605130061394,14.811521438673275,14.113221008679782,20.917258719179436,20.72605130061394,23.897641146017357,False,False,True,False,False,False,False,,False,False,False,0,Tier_4_Low,0
UKR,Ukraine,2018,62.5531553933869,3059.0517578125,2720.0,49.498,69.3157992777909,8.026187109121192,7.908754738783246,62.382991201174235,47.266252253027815,37.692469629835415,52.4298653383152,63.26437202820706,38.03165952014967,37.692469629835415,49.84470534702517,False,True,True,False,False,False,False,,False,True,False,0,Tier_4_Low,0
UKR,Ukraine,2019,70.1248442995263,3619.8615722656305,3270.0,49.214,69.3527648708735,8.1944672798898,8.092851027538384,67.84485989817784,48.309768131601786,40.38650381411516,56.53229416319265,66.4037998843456,40.96938539854344,40.38650381411516,53.110342499001774,True,True,True,True,False,False,False,,False,True,False,1,Tier_3_Moderate,0
UKR,Ukraine,2020,75.03790912,3709.7692871093823,3530.0,48.1,69.3839100516745,8.218994489122407,8.169336395928386,71.39140833732436,47.77578999454718,41.17533482396427,58.702781695686205,68.44586814586988,42.18990454945718,41.17533482396427,54.63069922833292,True,True,True,True,False,False,False,,False,True,False,1,Tier_3_Moderate,0
UKR,Ukraine,2021,79.21829353,4775.94580078125,4060.0,47.738,69.4027032653896,8.471556667456065,8.309184527686298,74.4063839349031,49.38303350375983,44.12994179515182,61.89727928447224,70.1780455367794,44.42153821512375,44.12994179515182,57.16037443690325,True,True,False,False,False,False,False,,False,True,False,0,Tier_4_Low,0
UKR,Ukraine,2022,80.47429657,4199.670898437502,3930.000000000002,36.845308441510895,69.42345912103,8.342999529237963,8.27664912542186,75.31749123854522,41.47975813133842,42.934383182850006,61.6698265395746,70.7089872767993,43.902352880957025,42.934383182850006,55.48703690134959,True,True,False,False,False,False,False,,False,True,False,0,Tier_4_Low,0
URY,Uruguay,2018,80.7268428795854,19249.9404677501,17700.0,55.954,95.2942581176758,9.865315193990078,9.781376414141157,84.49387346756217,64.78556725490444,66.02355095067965,76.63673484724613,88.80211367114241,67.91411501851728,66.02355095067965,73.92176590923192,True,True,True,True,True,True,True,,False,True,False,2,Tier_2_Good,1
URY,Uruguay,2019,83.3515337667548,18315.7316980028,18390.0,56.002,95.3479309082031,9.815570221548773,9.81961669349898,86.40141055751721,64.4540990927431,65.96649107312476,77.43879686882757,89.91879300675517,68.52433621866275,65.96649107312476,74.57098783563367,True,True,True,True,True,True,True,,False,True,False,2,Tier_2_Good,1
URY,Uruguay,2020,85.47100067,15757.5355995779,16130.0,54.231,95.3997650146484,9.665137440286141,9.688498165477787,87.9447205558976,62.226079043947536,63.825093253398144,77.4462185960042,90.82642934020788,66.43200564801724,63.825093253398144,73.85813461953637,True,True,True,True,True,True,True,,False,True,False,2,Tier_2_Good,1
URY,Uruguay,2021,87.64440155,17881.818721099,16220.0,56.034,95.4497146606445,9.79159568289649,9.694061978050115,89.52618932199405,64.30001961132804,64.7901705069356,79.08811683685636,91.75493471208341,66.52079046973627,64.7901705069356,75.17547808136563,True,True,True,True,True,True,True,,False,True,False,2,Tier_2_Good,1
URY,Uruguay,2022,89.87304314,20818.6146091144,17970.0,55.656,95.4977416992188,9.943650831388338,9.796514626532023,91.14674399238902,65.16528312798542,66.71466142884276,80.90137374555293,92.70481996791904,68.15568381164174,66.71466142884276,76.6745957334164,True,True,True,True,True,True,True,,False,True,False,2,Tier_2_Good,1
USA,United States,2018,88.498903165152,62499.8744390068,63020.0,56.471,80.2804567987377,11.042935826650728,11.05122328316379,84.86716215988864,73.68997601133816,84.72909313940312,83.2118821925467,81.55838350885281,88.17776092876646,84.72909313940312,82.43186169010717,True,True,True,True,True,True,True,,False,True,False,2,Tier_2_Good,1
USA,United States,2019,89.4302848575712,64746.450677886285,65880.0,56.868,80.1304793353594,11.0782496070166,11.095605363289915,85.48529379144166,74.20101328932843,85.34031133215368,83.76581706023246,81.83711094586117,88.88599022662527,85.34031133215368,82.99549576203641,True,True,True,True,True,True,True,,False,True,False,2,Tier_2_Good,1
USA,United States,2020,90.34470367,63515.9491807833,64920.0,55.704,79.997451762548,11.059062065497791,11.080926425083522,86.09711102953722,73.31678639243802,85.08349563432165,83.99926551407025,82.12064881065761,88.65175032462692,85.08349563432165,82.9356754093878,True,True,True,True,True,True,True,,False,True,False,2,Tier_2_Good,1
USA,United States,2021,91.2684021,70205.050916026,71730.0,55.632,80.0074765140272,11.15918978168428,11.180678290191572,86.76534215412104,73.9997171967515,86.60837763885431,84.96463123180644,82.50747424987483,90.24354577866639,86.60837763885431,83.91493851362891,True,True,True,True,True,True,True,,False,True,False,2,Tier_2_Good,1
USA,United States,2022,92.72850037,76657.24888444028,77330.0,56.029,80.0324978239707,11.2471124960496,11.255850189111348,87.82481095088036,74.89377615148594,87.84828255698417,86.08297065300648,83.1253125470171,91.44310517379549,87.84828255698417,84.96216744464523,True,True,True,True,True,True,True,,False,True,False,2,Tier_2_Good,1
UZB,Uzbekistan,2018,55.2000006732722,1813.0853081366404,2340.0,39.739,50.5814971923828,7.503336657208038,7.75833346749091,50.5777916248376,37.21745184063922,32.685656192279176,42.01839948092821,47.21361156787383,35.63130444333363,32.685656192279176,40.7456838716206,False,False,False,False,False,False,False,,False,True,False,0,Tier_4_Low,0
UZB,Uzbekistan,2019,70.3999986481458,2041.3848072943092,2150.0,39.89,50.5920104980469,7.621873427246213,7.67368812926773,61.52022727320577,38.17704841840953,32.87330226065195,48.96197773550746,53.47165367522626,34.28057215934732,32.87330226065195,44.90521242415444,True,False,False,False,False,False,False,,False,True,False,0,Tier_4_Low,0
UZB,Uzbekistan,2020,71.09999824,1978.2805186076293,2000.0,39.097,50.7670402526855,7.5904886832114995,7.601402334583733,62.0848401792291,37.441322561050875,32.068052119961216,49.107610837470226,53.88122320359271,33.127067919151116,32.068052119961216,44.63807778302916,True,False,False,False,False,False,False,,False,True,False,0,Tier_4_Low,0
UZB,Uzbekistan,2021,76.59043014,2258.519641192781,2250.0,39.587,50.9269905090332,7.7229075215299865,7.719129840906732,66.09167703965349,38.71882325546896,33.97145467486542,52.17379314071515,56.250288180475,35.00571058089347,33.97145467486542,47.10252676993188,True,False,False,False,False,False,False,,False,True,False,0,Tier_4_Low,0
UZB,Uzbekistan,2022,83.90000012,2578.6668939421907,2499.999999999998,41.1,50.9847412109375,7.855415558705016,7.824445930877618,71.37213656156563,40.65131646449265,35.77647874258133,55.964895330938305,59.29637717536576,36.68629743579868,35.77647874258133,50.11217411314555,True,False,False,False,False,False,False,,False,True,False,0,Tier_4_Low,0
VCT,Saint Vincent and the Grenadines,2018,56.0,8428.12677153069,8370.0,56.362,47.0674689446123,9.039448459809723,9.032528630660057,49.93177597895638,59.033777557964584,54.03590330215944,50.47987551682641,45.09911616453302,55.96433847828352,54.03590330215944,52.953008347836175,False,False,True,False,True,True,True,,False,True,False,1,,0
VCT,Saint Vincent and the Grenadines,2019,59.57630157,8740.59425232061,8700.0,56.844,47.1962073993512,9.075847860747466,9.071193240566025,52.55024454661903,59.60708742830467,54.60940699290218,52.1924120098823,46.65932558867715,56.581330954703525,54.60940699290218,54.25463722586754,False,False,True,False,True,True,True,,False,True,False,1,,0
VCT,Saint Vincent and the Grenadines,2020,63.38100052,8351.20324040982,8360.0,56.109,47.3255171858432,9.0302806441666,9.031333316150057,55.333279457701586,58.805204081889514,53.959619467851866,53.52159605666185,48.31385669176076,55.945264186278024,53.959619467851866,54.86233724123634,False,False,True,False,True,True,True,,False,True,False,1,,0
VCT,Saint Vincent and the Grenadines,2021,68.83339691,8641.27904024443,8720.0,56.463,47.4554100739049,9.06442160482092,9.073489189226986,59.302293606432386,59.280198436359974,54.54453648865751,55.992756967565526,50.64637983059078,56.6179686720762,54.54453648865751,56.643457758067726,True,False,True,False,True,True,True,,False,True,False,1,,0
VCT,Saint Vincent and the Grenadines,2022,74.75479889,9693.55867833025,9510.0,57.595,47.585897833353,9.179320046097107,9.160204302482386,63.609037593922544,60.84078457259186,56.072940097237975,59.12729278995999,53.172186908764324,58.001729496266776,56.072940097237975,59.11877225680761,True,False,True,False,True,True,True,,False,True,False,1,,0
VEN,Venezuela,2018,58.52302235005873,3422.6546701485404,2800.0,44.85,89.0659636921159,8.13846387649444,7.937731775260109,66.3493215859753,45.11068068876102,38.741106878909,56.004254596774054,75.34033602605224,38.494062051525326,38.741106878909,52.27860852140845,False,True,False,False,False,False,False,,False,True,False,0,Tier_4_Low,0
VEN,Venezuela,2019,49.05009842,2523.11275230667,2370.0,42.344,89.1030100517924,7.833644894734125,7.771067086065406,59.54494848101774,41.28851585594252,35.19207864454697,50.341869579951165,71.47052296755987,35.834501808499674,35.19207864454697,47.70664938818075,False,True,False,False,False,False,False,,False,True,False,0,Tier_4_Low,0
VEN,Venezuela,2020,72.44110107,1506.0436210041007,1670.0,36.887,89.1399056567545,7.31790514379756,7.421177528595393,76.39126802205826,34.043180240979794,28.64552232673248,56.96566667331673,81.11531654438406,30.251121423648136,28.64552232673248,49.901044099528534,True,True,False,False,False,False,False,,False,True,False,0,Tier_4_Low,0
VEN,Venezuela,2021,74.11219788,2004.9339794979187,1790.0,37.368,89.1766444746891,7.6038650564637935,7.490529402060711,77.60665721961385,36.43278685128449,31.28080917246703,59.32694633845152,81.82807205212633,31.357807466978105,31.28080917246703,51.75970655403272,True,True,False,False,False,False,False,,False,True,False,0,Tier_4_Low,0
VEN,Venezuela,2022,75.82180023,3155.042070996871,2260.0,35.32,89.2132204732836,8.057074012357546,7.72356247227797,78.84970057889517,38.42242929075714,36.43973559891641,62.678154250692046,82.55654906907051,35.07644452114136,36.43973559891641,54.53795968669472,True,True,False,False,False,False,False,,False,True,False,0,Tier_4_Low,0
VGB,British Virgin Islands,2018,34.33571529954234,16325.514017579435,15358.030154370506,38.92107466050548,51.6322667220883,9.70054569211566,9.639458863716683,35.92799531772333,52.69115877606276,63.69161102657554,46.479382552493846,39.364194422931746,65.64945849936954,63.69161102657554,50.592436888766784,False,False,False,False,True,True,True,,False,True,False,1,,0
VGB,British Virgin Islands,2019,37.21246737957715,33950.084488375855,32976.245567136706,55.38459507933177,52.3907871425786,10.43267607616961,10.403573074346081,38.26198798553593,68.55205395063443,75.11861441490049,52.102454899703794,41.07464558985371,77.84284982623171,75.11861441490049,59.15755642181491,False,True,True,False,True,True,True,,False,True,False,1,,0
VGB,British Virgin Islands,2020,70.38431487171098,11895.886998063857,11727.813698559381,54.06638740918383,53.1709074822645,9.384032048075852,9.36980380256548,62.40555889992358,60.07418736104435,59.235702239146704,59.81685294678411,55.25844112129639,61.346424164780665,59.235702239146704,60.06732458026256,True,True,True,True,True,True,True,,False,True,False,2,Tier_2_Good,1
VGB,British Virgin Islands,2021,61.45364504016567,9770.797056873987,9088.352483713144,53.638325661218154,53.972618684518,9.187255664343105,9.114858950719324,56.257277604832,58.36774636505396,55.768915340789725,55.18398420121715,52.143330544135836,57.27812874233522,55.768915340789725,56.14064185818504,False,True,True,False,True,True,True,,False,True,False,1,,0
VGB,British Virgin Islands,2022,70.64382119231601,3506.7205476366835,3895.844531253706,50.88300545999177,54.795911692548,8.162721688869867,8.26792241007375,63.157288050088475,49.14619153494172,41.55223387054635,53.186776098987636,56.495105902813634,43.76309587754388,41.55223387054635,51.351116575081576,True,True,True,True,False,False,False,,False,True,False,1,Tier_3_Moderate,0
VIR,Virgin Islands (U.S.),2018,89.42344050144891,36663.2087550584,35180.882861485414,52.911,95.0676784538999,10.509556319906615,10.468286537652013,90.67366210877528,67.52959446453535,76.19467862722537,83.91288102045691,92.22088413304708,78.87551820385004,76.19467862722537,80.72393241264263,True,True,True,True,True,True,True,,False,True,False,2,Tier_2_Good,1
VIR,Virgin Islands (U.S.),2019,88.39013921231901,38633.5298915336,37625.9876974338,50.563,95.0857481413049,10.561901712350949,10.535476829823441,89.93632229197799,66.40884248374223,77.11187782801272,83.79702466503724,91.80852192693476,79.94771070389214,77.11187782801272,80.59914425633254,True,True,True,True,True,True,True,,False,True,False,2,Tier_2_Good,1
VIR,Virgin Islands (U.S.),2020,87.82187364564152,39787.3741650202,39958.64049214761,50.614,95.0974024521293,10.591330042194615,10.595625236029017,89.53141808268427,66.65571795424947,77.80604271187296,83.73744013608245,91.58293654307121,80.90753195096401,77.80604271187296,80.78829965250097,True,True,True,True,True,True,True,,False,True,False,2,Tier_2_Good,1
VIR,Virgin Islands (U.S.),2021,89.66663440883653,42571.0777368471,42006.583070214285,51.8,95.1604310610968,10.658953865168078,10.64560543025926,90.88092601700643,67.90665924059853,78.69716169758257,84.90454511906952,92.3853889128664,81.70509343897766,78.69716169758257,81.87535652385831,True,True,True,True,True,True,True,,False,True,False,2,Tier_2_Good,1
VIR,Virgin Islands (U.S.),2022,93.70410225979072,44320.909185774,43350.07820871207,52.915,95.2171514724412,10.69923439778971,10.67708685407267,93.80623710141944,68.91311264747026,79.2416091111857,86.81264093811788,94.08516707705598,82.2074598584786,79.2416091111857,83.35511087001059,True,True,True,True,True,True,True,,False,True,False,2,Tier_2_Good,1
VNM,Viet Nam,2018,69.8479286837965,3222.310031253659,3020.0,72.897,33.9410227821412,8.078164070566023,8.013343181386672,55.33379070078325,62.6114119838103,38.90537789491327,47.53316027252244,41.666353173991894,39.7006349052301,38.90537789491327,48.972089380860645,True,False,True,False,False,False,False,,False,False,False,0,Tier_4_Low,0
VNM,Viet Nam,2019,68.6615802057338,3440.90025375434,3290.0,71.511,34.6239134999511,8.14377899719828,8.098946748943339,54.717451242746876,62.202595007534214,40.06610191634916,47.58574802909839,41.653336593165285,41.066658182475734,40.06610191634916,49.166981571754796,True,False,True,False,False,False,False,,False,False,False,0,Tier_4_Low,0
VNM,Viet Nam,2020,70.30000012,3534.03953482647,3400.0,69.095,35.5706676299742,8.170479762094576,8.131824785007195,56.22571406186222,60.85164123184474,40.522824484341655,48.63447823129488,42.98543383982339,41.59131111289967,40.522824484341655,49.67858520132172,True,False,True,False,False,False,False,,False,False,False,0,Tier_4_Low,0
VNM,Viet Nam,2021,74.20999985,3704.1935590037992,3540.0,69.107,36.6540656426603,8.217490779011687,8.172164452111904,59.416242213605386,61.20158260391726,41.18695142092164,50.76732320363646,45.346693692530565,42.235033399647754,41.18695142092164,51.226019958996694,True,False,True,False,False,False,False,,False,False,False,0,Tier_4_Low,0
VNM,Viet Nam,2022,78.58999918,4147.697772136211,3980.0,69.878,37.5478515625,8.330549774135713,8.289288323000317,62.87908530302273,62.51786957330505,42.944587507449725,53.434190477566155,47.76938575961141,44.104043518282964,42.944587507449725,53.49025409282517,True,False,True,False,False,False,False,,False,False,False,0,Tier_4_Low,0
VUT,Vanuatu,2018,27.4989398952372,3206.6574871881076,3270.0,54.395,24.2729727045038,8.073296194953377,8.092851027538384,21.49571565937194,50.74150785045242,39.50431235732296,27.84863701362385,17.52839403276732,40.96938539854344,39.50431235732296,34.03295021875767,False,False,True,False,False,False,False,,False,False,False,0,Tier_4_Low,0
VUT,Vanuatu,2019,31.538743056216234,3207.446504520831,3740.0,53.95,23.5024668917075,8.07354214400212,8.227108234348146,24.13510131057268,50.45866244377214,40.577311098694736,29.332776969287583,18.65392044265574,43.11180159537671,40.577311098694736,35.37968549180329,False,False,True,False,False,False,False,,False,False,False,0,Tier_4_Low,0
VUT,Vanuatu,2020,33.386747225634345,3042.98711598286,3390.0,53.445,22.4186852094794,8.020923486378289,8.128880142125638,25.088225870209026,49.75255602978122,39.41047874326047,29.535059500815187,18.660271578750823,41.54432182455348,39.41047874326047,35.04915264973556,False,False,True,False,False,False,False,,False,False,False,0,Tier_4_Low,0
VUT,Vanuatu,2021,21.374569823661567,3107.2031285800203,3500.0,54.624,22.250182242247504,8.041800066037862,8.160803920954665,16.384997576567933,50.658674517333225,39.81718426823704,24.67780102365049,13.603306403474372,42.05374714668418,39.81718426823704,32.215765822048795,False,False,True,False,False,False,False,,False,False,False,0,Tier_4_Low,0
VUT,Vanuatu,2022,36.21678657627352,3370.2119195695304,3830.000000000002,53.631,22.254124973310695,8.123027578748921,8.25088114470065,27.067669144093006,50.614900874170246,41.127270712838836,31.255419734374613,19.709648427584693,43.49115901979593,41.127270712838836,36.61733785724253,False,False,True,False,False,False,False,,False,False,False,0,Tier_4_Low,0
WSM,Samoa,2018,38.53619276520114,4231.814094691941,4100.000000000002,39.417,18.724126793546695,8.35062232145868,8.31898612539206,27.50955248208669,43.180191322914595,43.32767867331794,32.716650356329616,18.208877658561423,44.57794770835433,43.32767867331794,35.89569362575862,False,False,False,False,False,False,False,,False,False,False,0,Tier_4_Low,0
WSM,Samoa,2019,40.148260877786015,4351.9423494370585,4270.0,37.466,18.4147344481283,8.378607297595325,8.359603270841466,28.56212005547774,42.136015985184095,43.85549961374135,33.47086965266319,18.65667620051902,45.226097869881556,43.85549961374135,36.26697248664797,False,False,False,False,False,False,False,,False,False,False,0,Tier_4_Low,0
WSM,Samoa,2020,43.340530709057006,4099.596605485831,4080.0,35.207,18.051660899472196,8.318887755639462,8.314097335405807,30.733226764429297,40.256297490285604,43.05762720245353,34.35164737499174,19.716977643028603,44.499934593838205,43.05762720245353,36.355828950963684,False,False,False,False,False,False,False,,False,False,False,0,Tier_4_Low,0
WSM,Samoa,2021,50.58939731328557,4021.559348942832,3990.0,33.491,17.5672426452007,8.299673633000786,8.291797105048733,35.78150198704768,39.018800440511015,42.73980940130282,37.10842463516146,22.36110602688341,44.14407753524615,42.73980940130282,37.79544875491894,False,False,False,False,False,False,False,,False,False,False,0,Tier_4_Low,0
WSM,Samoa,2022,47.64738360848064,4132.447177344442,4130.0,31.149,17.500794995103902,8.326867005451634,8.326274787396764,33.64115990223719,37.718765852309296,43.21288163885354,36.04155784879167,21.10505026272744,44.694256902498736,43.21288163885354,36.941350057136326,False,False,False,False,False,False,False,,False,False,False,0,Tier_4_Low,0
XKX,Kosovo,2018,89.4430319734879,4384.187964447379,4300.000000000002,45.91846419584511,42.8378095837429,8.385987769211965,8.366602832783737,72.5287303923538,47.59621279872489,43.96508139721489,59.44632910498541,55.910879079946795,45.337793735095765,43.96508139721489,54.71219569913995,True,False,False,False,False,False,False,,False,True,False,0,Tier_4_Low,0
XKX,Kosovo,2019,54.73135472868654,4415.99923011071,4640.0,43.061135729788795,44.0002171565695,8.39321583729511,8.442685139241176,47.95237948274159,45.82119956983132,44.62474930222419,45.4832889824914,42.4445932772381,46.55188100474837,44.62474930222419,45.7564984366555,False,False,False,False,False,True,False,,False,True,False,0,Tier_4_Low,0
XKX,Kosovo,2020,60.37393861071021,4310.889637548631,4440.0,35.78000218673897,45.2268625263391,8.369131518000772,8.398634855292102,52.43957698906493,40.98860971962909,44.09793502591046,47.94774086929291,45.61795498337291,45.848946361237374,44.09793502591046,46.27356416905998,False,False,False,False,False,False,False,,False,True,False,0,Tier_4_Low,0
XKX,Kosovo,2021,61.71013259127906,5270.43236861018,5130.0,42.24795568613162,46.4995789423362,8.5700574013056,8.543055850941965,53.84366989670694,46.58856678821927,46.71308751541766,49.962501606597996,47.05242514864508,48.15355173472379,46.71308751541766,48.9737505596717,False,False,False,False,True,True,True,,False,True,False,1,,0
XKX,Kosovo,2022,64.28695185113156,5290.95006509706,5600.0,42.293450417406476,47.8001996538455,8.573942089267625,8.630700432209832,56.15028873477411,46.645949297672644,47.44066658698267,51.34626168410529,49.01648389119046,49.552144591932674,47.44066658698267,50.21841770669657,False,False,False,False,True,True,True,,False,True,False,1,,0
YEM,Yemen,2018,55.09541718567434,633.8872024515458,740.0,4.987000000000002,34.2106045810864,6.453447349179342,6.608000625296087,44.81077382054996,7.345209782232019,15.863643153061602,32.06587643588695,35.78709625630276,17.274809686522925,15.863643153061602,25.150424437720563,False,False,False,False,False,False,False,,False,False,False,0,Tier_4_Low,0
YEM,Yemen,2019,17.49099922,30728.831327508582,32197.508721754806,4.936999999999998,34.9067561732024,10.332989166255206,10.37967541747104,17.990537012292734,35.558404427702826,74.20216541030317,39.35921872985773,20.80701044294388,77.461501752843,74.20216541030317,43.922629583754,False,False,False,False,True,True,True,,False,False,False,1,,0
YEM,Yemen,2020,67.1411979683541,16293.028231880577,16218.928178277438,4.899000000000001,35.70256045803019,9.698553953524087,9.69399589968657,53.998316786327145,30.91506472983507,64.11224884620493,56.26621653987779,41.778143778452964,66.51973602089375,64.11224884620493,52.16706398802249,False,False,False,False,True,True,True,,False,False,False,1,,0
YEM,Yemen,2021,67.82818440481867,13976.790252043562,13421.90814934205,4.875,36.0704951256305,9.545224938347408,9.504718089682585,54.62063294479063,29.783394878263376,61.48572501891584,55.74095384339509,42.316498389566995,63.499325753992665,61.48572501891584,51.13894626527476,False,False,False,False,True,True,True,,False,False,False,1,,0
YEM,Yemen,2022,68.28527245433295,11486.725040004103,11103.064387520983,4.801000000000002,36.3226310308295,9.349034356461537,9.315066481317759,55.037240828480655,28.30768791110679,58.54416320148806,54.844664811792974,42.67979061576789,60.47295058076255,58.54416320148806,49.856629190545874,True,False,False,False,True,True,True,,False,False,False,1,,0
ZAF,South Africa,2018,62.40000153,6914.1780318076,6250.0,48.518,63.3771545246841,8.841473989509684,8.740496729931813,60.208053409757824,52.57514559600236,50.26448444829717,55.73898960954958,59.071951023118125,51.304224589583846,50.26448444829717,54.74468010593937,False,True,True,False,True,True,True,,False,True,False,1,,0
ZAF,South Africa,2019,69.69689941,6533.71121032856,6570.0,48.579,63.4127255007908,8.784883433854404,8.790421306897867,65.47168202904116,52.20215307214676,50.250811384884194,58.418347175687664,62.0974061580509,52.100898562279276,50.250811384884194,56.63271915751247,True,True,True,True,True,True,True,,False,True,False,2,Tier_2_Good,1
ZAF,South Africa,2020,72.1128006,5580.60383075189,5930.0,44.148,63.4373088310982,8.627231438942673,8.687948111838727,67.21884852953607,48.22015323617755,48.285408437919386,58.49930816291711,63.107997036379466,50.465677347324025,48.285408437919386,55.72739314376144,True,True,False,False,True,True,True,,False,True,False,1,,0
ZAF,South Africa,2021,74.96859741,6828.756245900169,6320.0,45.413,63.4503925883909,8.829044263187154,8.751632702472298,69.27859074519878,50.498594390632235,50.262840698368265,60.85218271559955,64.29149101407269,51.48192743701484,50.262840698368265,57.64763685568691,True,True,False,False,True,True,True,,False,True,False,1,,0
ZAF,South Africa,2022,78.29319763,6534.24867783397,6530.0,47.118,63.4766699210327,8.784965678560631,8.784315349902657,71.68029755652829,51.268250131372056,50.20269211167291,61.968723828951305,65.67694630234186,52.00346244339561,50.20269211167291,58.68931070079359,True,True,False,False,True,True,True,,False,True,False,1,,0
ZMB,Zambia,2018,14.299997095001196,1463.89997855593,1390.0,52.138,43.1114735233156,7.2895422450971346,7.237778191923443,18.54668780553972,43.5917040071786,26.975722870025976,22.222332961573017,25.199920700093408,27.32451719352128,26.975722870025976,27.573620555845917,False,False,True,False,False,False,False,,False,True,False,0,Tier_4_Low,0
ZMB,Zambia,2019,14.471899989999997,1258.986198444618,1380.0,52.172,43.4897864547552,7.13885604627015,7.2305631534092925,18.801928905738542,42.51637392841584,25.821078146030715,21.503049646531093,25.53367279949056,27.209382849966858,25.821078146030715,27.08363707822433,False,False,True,False,False,False,False,,False,True,False,0,Tier_4_Low,0
ZMB,Zambia,2020,14.64579964,951.6443166559566,1120.0,54.406,43.8644489410157,6.859241609073398,7.02197642307216,19.057337814748994,41.909565552196966,22.121066165558712,20.032807143908826,25.86570769062319,23.880849506114558,22.121066165558712,25.65445053958098,False,False,True,False,False,False,False,,False,True,False,0,Tier_4_Low,0
ZMB,Zambia,2021,14.821900370000002,1127.160778728572,1040.0,54.123,44.2353731410926,7.028343956234791,6.947937068614969,19.313031036286034,42.959706954027396,22.761479922654107,21.176125279985463,26.196048318271185,22.699362746771136,22.761479922654107,26.11772276504329,False,False,True,False,False,False,False,,False,True,False,0,Tier_4_Low,0
ZMB,Zambia,2022,14.999999999999993,1447.12310138035,1170.0,53.968,44.5988511178469,7.2780235840975465,7.065613363597717,19.5675739123181,44.678367662168284,25.51819625157782,22.787856689037717,26.522033223788956,24.577188200950314,25.51819625157782,27.595823884785336,False,False,True,False,False,False,False,,False,True,False,0,Tier_4_Low,0
ZWE,Zimbabwe,2018,25.000000000000004,2270.8953187430216,2140.0,60.617,35.40855388079049,7.72836970428267,7.669028288589683,23.568902384112793,52.2100428828704,33.61147330567402,27.393033584742398,24.243880120419185,34.20621251504564,33.61147330567402,33.321415121041504,False,False,True,False,False,False,False,,False,False,False,0,Tier_4_Low,0
ZWE,Zimbabwe,2019,26.588300699999998,2184.32923855469,2430.0,60.719,36.18376382663641,7.689521777439137,7.796057974316123,24.981454913727816,51.99245124927499,34.3421805827364,27.999607909355714,25.436083400234015,36.233295177092934,34.3421805827364,34.19629777263932,False,False,True,False,False,False,False,,False,False,False,0,Tier_4_Low,0
ZWE,Zimbabwe,2020,29.29856532,2059.6744538449893,1980.0,59.43,37.0097671560802,7.630788612977499,7.591357046698551,27.219095899742936,50.74035674450869,32.281308449760466,28.963522935252143,27.124993798742853,32.966769727504975,32.281308449760466,33.92870108242759,False,False,True,False,False,False,False,,False,False,False,0,Tier_4_Low,0
ZWE,Zimbabwe,2021,32.5923996,2613.60542083552,2320.0,60.12,37.869205885937305,7.868868474420004,7.749753406274437,29.888331363414864,52.9150535173966,35.278468414405424,31.90393880442246,29.07713627020247,35.494387680674926,35.278468414405424,36.52225692346438,False,False,True,False,False,False,False,,False,False,False,0,Tier_4_Low,0
ZWE,Zimbabwe,2022,36.25650024,2536.400502230761,2580.0,59.769,38.7055207169041,7.838895411637731,7.855932199718614,32.81599188856113,52.472322622911236,35.90742494646658,33.43000349992428,31.165465053216867,37.18874117007345,35.90742494646658,37.853739705660644,False,False,True,False,False,False,False,,False,False,False,0,Tier_4_Low,0
